die,type,value,kind,system,ata_folder,map_source,probe_card,recipe,lot_id,wafer_id,total_dies,dies_tested,dies_passed,dies_failed,timestamp,step,mode,unit,die_id,switch,set_voltage,voltage,connection,instrument,row,col,status
,,,META,accretech,\\prober\M\ETL\proberautomation\CenfireATA,Accretech,COSETTE_CPW_W,CENFIRE-INLINE_probe08,CENV-V-056-SPLIT1,0085,204,406,332,74,,,,,,,,,,,,,
1-7-7-1,current,0.00999983,RESULT,,,,COSETTE_CPW_W,CENFIRE-INLINE_probe08,,,,,,,2026-09-01 15:28:27,force1,apply,A,1-7-7-1,1,,0.04724389,2A11_4B11,SMU,69,9,
1-7-7-1,voltage,0.704924,RESULT,,,,COSETTE_CPW_W,CENFIRE-INLINE_probe08,,,,,,,2026-09-01 15:28:27,sense1,measure,ohm,1-7-7-1,1,,,2F01_2E12,DMM,69,9,
2-7-7-1,current,2.13045e-07,RESULT,,,,COSETTE_CPW_W,CENFIRE-INLINE_probe08,,,,,,,2026-09-01 15:28:27,force2,apply,A,2-7-7-1,2,,7.000387,2A11_4B11,SMU,69,8,
2-7-7-1,voltage,-137.808,RESULT,,,,COSETTE_CPW_W,CENFIRE-INLINE_probe08,,,,,,,2026-09-01 15:28:27,sense2,measure,ohm,2-7-7-1,2,,,2F01_2E12,DMM,69,8,
1-7-8-1,current,0.00999982,RESULT,,,,COSETTE_CPW_W,CENFIRE-INLINE_probe08,,,,,,,2026-09-01 15:28:32,force1,apply,A,1-7-8-1,1,,0.04524181,2A11_4B11,SMU,69,0,
1-7-8-1,voltage,0.700509,RESULT,,,,COSETTE_CPW_W,CENFIRE-INLINE_probe08,,,,,,,2026-09-01 15:28:32,sense1,measure,ohm,1-7-8-1,1,,,2F01_2E12,DMM,69,0,
2-7-8-1,current,2.08903e-07,RESULT,,,,COSETTE_CPW_W,CENFIRE-INLINE_probe08,,,,,,,2026-09-01 15:28:32,force2,apply,A,2-7-8-1,2,,7.000387,2A11_4B11,SMU,69,-1,
2-7-8-1,voltage,-537.178,RESULT,,,,COSETTE_CPW_W,CENFIRE-INLINE_probe08,,,,,,,2026-09-01 15:28:32,sense2,measure,ohm,2-7-8-1,2,,,2F01_2E12,DMM,69,-1,
1-7-9-1,current,0.00999982,RESULT,,,,COSETTE_CPW_W,CENFIRE-INLINE_probe08,,,,,,,2026-09-01 15:28:37,force1,apply,A,1-7-9-1,1,,0.08292484,2A11_4B11,SMU,69,-9,
1-7-9-1,voltage,1.37782,RESULT,,,,COSETTE_CPW_W,CENFIRE-INLINE_probe08,,,,,,,2026-09-01 15:28:37,sense1,measure,ohm,1-7-9-1,1,,,2F01_2E12,DMM,69,-9,
2-7-9-1,current,2.10284e-07,RESULT,,,,COSETTE_CPW_W,CENFIRE-INLINE_probe08,,,,,,,2026-09-01 15:28:37,force2,apply,A,2-7-9-1,2,,7.000391,2A11_4B11,SMU,69,-10,
2-7-9-1,voltage,886.904,RESULT,,,,COSETTE_CPW_W,CENFIRE-INLINE_probe08,,,,,,,2026-09-01 15:28:37,sense2,measure,ohm,2-7-9-1,2,,,2F01_2E12,DMM,69,-10,
1-7-5-2,current,0.00999982,RESULT,,,,COSETTE_CPW_W,CENFIRE-INLINE_probe08,,,,,,,2026-09-01 15:28:42,force1,apply,A,1-7-5-2,1,,0.04681915,2A11_4B11,SMU,62,27,
1-7-5-2,voltage,0.690409,RESULT,,,,COSETTE_CPW_W,CENFIRE-INLINE_probe08,,,,,,,2026-09-01 15:28:42,sense1,measure,ohm,1-7-5-2,1,,,2F01_2E12,DMM,62,27,
2-7-5-2,current,4.09053e-06,RESULT,,,,COSETTE_CPW_W,CENFIRE-INLINE_probe08,,,,,,,2026-09-01 15:28:42,force2,apply,A,2-7-5-2,2,,7.000393,2A11_4B11,SMU,62,26,
2-7-5-2,voltage,587.73,RESULT,,,,COSETTE_CPW_W,CENFIRE-INLINE_probe08,,,,,,,2026-09-01 15:28:42,sense2,measure,ohm,2-7-5-2,2,,,2F01_2E12,DMM,62,26,
1-7-6-2,current,0.00999983,RESULT,,,,COSETTE_CPW_W,CENFIRE-INLINE_probe08,,,,,,,2026-09-01 15:28:46,force1,apply,A,1-7-6-2,1,,0.04404795,2A11_4B11,SMU,62,18,
1-7-6-2,voltage,0.68733,RESULT,,,,COSETTE_CPW_W,CENFIRE-INLINE_probe08,,,,,,,2026-09-01 15:28:46,sense1,measure,ohm,1-7-6-2,1,,,2F01_2E12,DMM,62,18,
2-7-6-2,current,1.0373e-05,RESULT,,,,COSETTE_CPW_W,CENFIRE-INLINE_probe08,,,,,,,2026-09-01 15:28:46,force2,apply,A,2-7-6-2,2,,7.000378,2A11_4B11,SMU,62,17,
2-7-6-2,voltage,249.836,RESULT,,,,COSETTE_CPW_W,CENFIRE-INLINE_probe08,,,,,,,2026-09-01 15:28:46,sense2,measure,ohm,2-7-6-2,2,,,2F01_2E12,DMM,62,17,
1-7-7-2,current,0.00999981,RESULT,,,,COSETTE_CPW_W,CENFIRE-INLINE_probe08,,,,,,,2026-09-01 15:28:51,force1,apply,A,1-7-7-2,1,,0.04317418,2A11_4B11,SMU,62,9,
1-7-7-2,voltage,0.686606,RESULT,,,,COSETTE_CPW_W,CENFIRE-INLINE_probe08,,,,,,,2026-09-01 15:28:51,sense1,measure,ohm,1-7-7-2,1,,,2F01_2E12,DMM,62,9,
2-7-7-2,current,8.04626e-06,RESULT,,,,COSETTE_CPW_W,CENFIRE-INLINE_probe08,,,,,,,2026-09-01 15:28:51,force2,apply,A,2-7-7-2,2,,7.00038,2A11_4B11,SMU,62,8,
2-7-7-2,voltage,166.028,RESULT,,,,COSETTE_CPW_W,CENFIRE-INLINE_probe08,,,,,,,2026-09-01 15:28:51,sense2,measure,ohm,2-7-7-2,2,,,2F01_2E12,DMM,62,8,
1-7-8-2,current,0.00999981,RESULT,,,,COSETTE_CPW_W,CENFIRE-INLINE_probe08,,,,,,,2026-09-01 15:28:56,force1,apply,A,1-7-8-2,1,,0.04285601,2A11_4B11,SMU,62,0,
1-7-8-2,voltage,0.687792,RESULT,,,,COSETTE_CPW_W,CENFIRE-INLINE_probe08,,,,,,,2026-09-01 15:28:56,sense1,measure,ohm,1-7-8-2,1,,,2F01_2E12,DMM,62,0,
2-7-8-2,current,0.00999983,RESULT,,,,COSETTE_CPW_W,CENFIRE-INLINE_probe08,,,,,,,2026-09-01 15:28:56,force2,apply,A,2-7-8-2,2,,4.481984,2A11_4B11,SMU,62,-1,
2-7-8-2,voltage,0.298444,RESULT,,,,COSETTE_CPW_W,CENFIRE-INLINE_probe08,,,,,,,2026-09-01 15:28:56,sense2,measure,ohm,2-7-8-2,2,,,2F01_2E12,DMM,62,-1,
1-7-9-2,current,0.00999982,RESULT,,,,COSETTE_CPW_W,CENFIRE-INLINE_probe08,,,,,,,2026-09-01 15:29:01,force1,apply,A,1-7-9-2,1,,0.04328947,2A11_4B11,SMU,62,-9,
1-7-9-2,voltage,0.690886,RESULT,,,,COSETTE_CPW_W,CENFIRE-INLINE_probe08,,,,,,,2026-09-01 15:29:01,sense1,measure,ohm,1-7-9-2,1,,,2F01_2E12,DMM,62,-9,
2-7-9-2,current,7.99241e-06,RESULT,,,,COSETTE_CPW_W,CENFIRE-INLINE_probe08,,,,,,,2026-09-01 15:29:01,force2,apply,A,2-7-9-2,2,,7.000366,2A11_4B11,SMU,62,-10,
2-7-9-2,voltage,356.668,RESULT,,,,COSETTE_CPW_W,CENFIRE-INLINE_probe08,,,,,,,2026-09-01 15:29:01,sense2,measure,ohm,2-7-9-2,2,,,2F01_2E12,DMM,62,-10,
1-7-10-2,current,0.00999983,RESULT,,,,COSETTE_CPW_W,CENFIRE-INLINE_probe08,,,,,,,2026-09-01 15:29:05,force1,apply,A,1-7-10-2,1,,0.04424994,2A11_4B11,SMU,62,-18,
1-7-10-2,voltage,0.70966,RESULT,,,,COSETTE_CPW_W,CENFIRE-INLINE_probe08,,,,,,,2026-09-01 15:29:05,sense1,measure,ohm,1-7-10-2,1,,,2F01_2E12,DMM,62,-18,
2-7-10-2,current,0.00999988,RESULT,,,,COSETTE_CPW_W,CENFIRE-INLINE_probe08,,,,,,,2026-09-01 15:29:05,force2,apply,A,2-7-10-2,2,,3.4828,2A11_4B11,SMU,62,-19,
2-7-10-2,voltage,0.33593,RESULT,,,,COSETTE_CPW_W,CENFIRE-INLINE_probe08,,,,,,,2026-09-01 15:29:05,sense2,measure,ohm,2-7-10-2,2,,,2F01_2E12,DMM,62,-19,
1-7-11-2,current,0.00999983,RESULT,,,,COSETTE_CPW_W,CENFIRE-INLINE_probe08,,,,,,,2026-09-01 15:29:10,force1,apply,A,1-7-11-2,1,,0.04519994,2A11_4B11,SMU,62,-27,
1-7-11-2,voltage,0.722001,RESULT,,,,COSETTE_CPW_W,CENFIRE-INLINE_probe08,,,,,,,2026-09-01 15:29:10,sense1,measure,ohm,1-7-11-2,1,,,2F01_2E12,DMM,62,-27,
2-7-11-2,current,1.99237e-07,RESULT,,,,COSETTE_CPW_W,CENFIRE-INLINE_probe08,,,,,,,2026-09-01 15:29:10,force2,apply,A,2-7-11-2,2,,7.000391,2A11_4B11,SMU,62,-28,
2-7-11-2,voltage,-487.275,RESULT,,,,COSETTE_CPW_W,CENFIRE-INLINE_probe08,,,,,,,2026-09-01 15:29:10,sense2,measure,ohm,2-7-11-2,2,,,2F01_2E12,DMM,62,-28,
1-7-4-3,current,0.00999982,RESULT,,,,COSETTE_CPW_W,CENFIRE-INLINE_probe08,,,,,,,2026-09-01 15:29:15,force1,apply,A,1-7-4-3,1,,0.04487361,2A11_4B11,SMU,55,36,
1-7-4-3,voltage,0.689934,RESULT,,,,COSETTE_CPW_W,CENFIRE-INLINE_probe08,,,,,,,2026-09-01 15:29:15,sense1,measure,ohm,1-7-4-3,1,,,2F01_2E12,DMM,55,36,
2-7-4-3,current,1.20849e-05,RESULT,,,,COSETTE_CPW_W,CENFIRE-INLINE_probe08,,,,,,,2026-09-01 15:29:15,force2,apply,A,2-7-4-3,2,,7.000391,2A11_4B11,SMU,55,35,
2-7-4-3,voltage,126.871,RESULT,,,,COSETTE_CPW_W,CENFIRE-INLINE_probe08,,,,,,,2026-09-01 15:29:15,sense2,measure,ohm,2-7-4-3,2,,,2F01_2E12,DMM,55,35,
1-7-5-3,current,0.00999982,RESULT,,,,COSETTE_CPW_W,CENFIRE-INLINE_probe08,,,,,,,2026-09-01 15:29:20,force1,apply,A,1-7-5-3,1,,0.04397005,2A11_4B11,SMU,55,27,
1-7-5-3,voltage,0.674203,RESULT,,,,COSETTE_CPW_W,CENFIRE-INLINE_probe08,,,,,,,2026-09-01 15:29:20,sense1,measure,ohm,1-7-5-3,1,,,2F01_2E12,DMM,55,27,
2-7-5-3,current,1.3144e-05,RESULT,,,,COSETTE_CPW_W,CENFIRE-INLINE_probe08,,,,,,,2026-09-01 15:29:20,force2,apply,A,2-7-5-3,2,,7.000381,2A11_4B11,SMU,55,26,
2-7-5-3,voltage,152.075,RESULT,,,,COSETTE_CPW_W,CENFIRE-INLINE_probe08,,,,,,,2026-09-01 15:29:20,sense2,measure,ohm,2-7-5-3,2,,,2F01_2E12,DMM,55,26,
1-7-6-3,current,0.00999982,RESULT,,,,COSETTE_CPW_W,CENFIRE-INLINE_probe08,,,,,,,2026-09-01 15:29:25,force1,apply,A,1-7-6-3,1,,0.04287571,2A11_4B11,SMU,55,18,
1-7-6-3,voltage,0.668324,RESULT,,,,COSETTE_CPW_W,CENFIRE-INLINE_probe08,,,,,,,2026-09-01 15:29:25,sense1,measure,ohm,1-7-6-3,1,,,2F01_2E12,DMM,55,18,
2-7-6-3,current,1.04043e-05,RESULT,,,,COSETTE_CPW_W,CENFIRE-INLINE_probe08,,,,,,,2026-09-01 15:29:25,force2,apply,A,2-7-6-3,2,,7.00039,2A11_4B11,SMU,55,17,
2-7-6-3,voltage,349.756,RESULT,,,,COSETTE_CPW_W,CENFIRE-INLINE_probe08,,,,,,,2026-09-01 15:29:25,sense2,measure,ohm,2-7-6-3,2,,,2F01_2E12,DMM,55,17,
1-7-7-3,current,0.00999983,RESULT,,,,COSETTE_CPW_W,CENFIRE-INLINE_probe08,,,,,,,2026-09-01 15:29:29,force1,apply,A,1-7-7-3,1,,0.04232046,2A11_4B11,SMU,55,9,
1-7-7-3,voltage,0.664613,RESULT,,,,COSETTE_CPW_W,CENFIRE-INLINE_probe08,,,,,,,2026-09-01 15:29:29,sense1,measure,ohm,1-7-7-3,1,,,2F01_2E12,DMM,55,9,
2-7-7-3,current,7.82762e-06,RESULT,,,,COSETTE_CPW_W,CENFIRE-INLINE_probe08,,,,,,,2026-09-01 15:29:29,force2,apply,A,2-7-7-3,2,,7.00038,2A11_4B11,SMU,55,8,
2-7-7-3,voltage,1405.35,RESULT,,,,COSETTE_CPW_W,CENFIRE-INLINE_probe08,,,,,,,2026-09-01 15:29:29,sense2,measure,ohm,2-7-7-3,2,,,2F01_2E12,DMM,55,8,
1-7-8-3,current,0.00999981,RESULT,,,,COSETTE_CPW_W,CENFIRE-INLINE_probe08,,,,,,,2026-09-01 15:29:34,force1,apply,A,1-7-8-3,1,,0.04219234,2A11_4B11,SMU,55,0,
1-7-8-3,voltage,0.66692,RESULT,,,,COSETTE_CPW_W,CENFIRE-INLINE_probe08,,,,,,,2026-09-01 15:29:34,sense1,measure,ohm,1-7-8-3,1,,,2F01_2E12,DMM,55,0,
2-7-8-3,current,0.00999984,RESULT,,,,COSETTE_CPW_W,CENFIRE-INLINE_probe08,,,,,,,2026-09-01 15:29:34,force2,apply,A,2-7-8-3,2,,4.318269,2A11_4B11,SMU,55,-1,
2-7-8-3,voltage,0.736298,RESULT,,,,COSETTE_CPW_W,CENFIRE-INLINE_probe08,,,,,,,2026-09-01 15:29:34,sense2,measure,ohm,2-7-8-3,2,,,2F01_2E12,DMM,55,-1,
1-7-9-3,current,0.00999981,RESULT,,,,COSETTE_CPW_W,CENFIRE-INLINE_probe08,,,,,,,2026-09-01 15:29:39,force1,apply,A,1-7-9-3,1,,0.04256368,2A11_4B11,SMU,55,-9,
1-7-9-3,voltage,0.674397,RESULT,,,,COSETTE_CPW_W,CENFIRE-INLINE_probe08,,,,,,,2026-09-01 15:29:39,sense1,measure,ohm,1-7-9-3,1,,,2F01_2E12,DMM,55,-9,
2-7-9-3,current,2.42013e-06,RESULT,,,,COSETTE_CPW_W,CENFIRE-INLINE_probe08,,,,,,,2026-09-01 15:29:39,force2,apply,A,2-7-9-3,2,,7.000275,2A11_4B11,SMU,55,-10,
2-7-9-3,voltage,3603.53,RESULT,,,,COSETTE_CPW_W,CENFIRE-INLINE_probe08,,,,,,,2026-09-01 15:29:39,sense2,measure,ohm,2-7-9-3,2,,,2F01_2E12,DMM,55,-10,
1-7-10-3,current,0.00999982,RESULT,,,,COSETTE_CPW_W,CENFIRE-INLINE_probe08,,,,,,,2026-09-01 15:29:43,force1,apply,A,1-7-10-3,1,,0.0429151,2A11_4B11,SMU,55,-18,
1-7-10-3,voltage,0.684711,RESULT,,,,COSETTE_CPW_W,CENFIRE-INLINE_probe08,,,,,,,2026-09-01 15:29:43,sense1,measure,ohm,1-7-10-3,1,,,2F01_2E12,DMM,55,-18,
2-7-10-3,current,3.84565e-06,RESULT,,,,COSETTE_CPW_W,CENFIRE-INLINE_probe08,,,,,,,2026-09-01 15:29:43,force2,apply,A,2-7-10-3,2,,7.000407,2A11_4B11,SMU,55,-19,
2-7-10-3,voltage,276.522,RESULT,,,,COSETTE_CPW_W,CENFIRE-INLINE_probe08,,,,,,,2026-09-01 15:29:43,sense2,measure,ohm,2-7-10-3,2,,,2F01_2E12,DMM,55,-19,
1-7-11-3,current,0.00999982,RESULT,,,,COSETTE_CPW_W,CENFIRE-INLINE_probe08,,,,,,,2026-09-01 15:29:48,force1,apply,A,1-7-11-3,1,,0.04374224,2A11_4B11,SMU,55,-27,
1-7-11-3,voltage,0.697885,RESULT,,,,COSETTE_CPW_W,CENFIRE-INLINE_probe08,,,,,,,2026-09-01 15:29:48,sense1,measure,ohm,1-7-11-3,1,,,2F01_2E12,DMM,55,-27,
2-7-11-3,current,7.81428e-06,RESULT,,,,COSETTE_CPW_W,CENFIRE-INLINE_probe08,,,,,,,2026-09-01 15:29:48,force2,apply,A,2-7-11-3,2,,7.000373,2A11_4B11,SMU,55,-28,
2-7-11-3,voltage,735.579,RESULT,,,,COSETTE_CPW_W,CENFIRE-INLINE_probe08,,,,,,,2026-09-01 15:29:48,sense2,measure,ohm,2-7-11-3,2,,,2F01_2E12,DMM,55,-28,
1-7-12-3,current,0.00999983,RESULT,,,,COSETTE_CPW_W,CENFIRE-INLINE_probe08,,,,,,,2026-09-01 15:29:53,force1,apply,A,1-7-12-3,1,,0.04576339,2A11_4B11,SMU,55,-36,
1-7-12-3,voltage,0.773206,RESULT,,,,COSETTE_CPW_W,CENFIRE-INLINE_probe08,,,,,,,2026-09-01 15:29:53,sense1,measure,ohm,1-7-12-3,1,,,2F01_2E12,DMM,55,-36,
2-7-12-3,current,2.02459e-07,RESULT,,,,COSETTE_CPW_W,CENFIRE-INLINE_probe08,,,,,,,2026-09-01 15:29:53,force2,apply,A,2-7-12-3,2,,7.000403,2A11_4B11,SMU,55,-37,
2-7-12-3,voltage,-19.1356,RESULT,,,,COSETTE_CPW_W,CENFIRE-INLINE_probe08,,,,,,,2026-09-01 15:29:53,sense2,measure,ohm,2-7-12-3,2,,,2F01_2E12,DMM,55,-37,
1-7-3-4,current,0.00999982,RESULT,,,,COSETTE_CPW_W,CENFIRE-INLINE_probe08,,,,,,,2026-09-01 15:29:58,force1,apply,A,1-7-3-4,1,,0.04466736,2A11_4B11,SMU,48,45,
1-7-3-4,voltage,0.687595,RESULT,,,,COSETTE_CPW_W,CENFIRE-INLINE_probe08,,,,,,,2026-09-01 15:29:58,sense1,measure,ohm,1-7-3-4,1,,,2F01_2E12,DMM,48,45,
2-7-3-4,current,7.40923e-06,RESULT,,,,COSETTE_CPW_W,CENFIRE-INLINE_probe08,,,,,,,2026-09-01 15:29:58,force2,apply,A,2-7-3-4,2,,7.000393,2A11_4B11,SMU,48,44,
2-7-3-4,voltage,350.099,RESULT,,,,COSETTE_CPW_W,CENFIRE-INLINE_probe08,,,,,,,2026-09-01 15:29:58,sense2,measure,ohm,2-7-3-4,2,,,2F01_2E12,DMM,48,44,
1-7-4-4,current,0.00999982,RESULT,,,,COSETTE_CPW_W,CENFIRE-INLINE_probe08,,,,,,,2026-09-01 15:30:03,force1,apply,A,1-7-4-4,1,,0.04334128,2A11_4B11,SMU,48,36,
1-7-4-4,voltage,0.666117,RESULT,,,,COSETTE_CPW_W,CENFIRE-INLINE_probe08,,,,,,,2026-09-01 15:30:03,sense1,measure,ohm,1-7-4-4,1,,,2F01_2E12,DMM,48,36,
2-7-4-4,current,4.32021e-06,RESULT,,,,COSETTE_CPW_W,CENFIRE-INLINE_probe08,,,,,,,2026-09-01 15:30:03,force2,apply,A,2-7-4-4,2,,7.000375,2A11_4B11,SMU,48,35,
2-7-4-4,voltage,552.173,RESULT,,,,COSETTE_CPW_W,CENFIRE-INLINE_probe08,,,,,,,2026-09-01 15:30:03,sense2,measure,ohm,2-7-4-4,2,,,2F01_2E12,DMM,48,35,
1-7-5-4,current,0.00999982,RESULT,,,,COSETTE_CPW_W,CENFIRE-INLINE_probe08,,,,,,,2026-09-01 15:30:07,force1,apply,A,1-7-5-4,1,,0.04281706,2A11_4B11,SMU,48,27,
1-7-5-4,voltage,0.651859,RESULT,,,,COSETTE_CPW_W,CENFIRE-INLINE_probe08,,,,,,,2026-09-01 15:30:07,sense1,measure,ohm,1-7-5-4,1,,,2F01_2E12,DMM,48,27,
2-7-5-4,current,6.52132e-06,RESULT,,,,COSETTE_CPW_W,CENFIRE-INLINE_probe08,,,,,,,2026-09-01 15:30:07,force2,apply,A,2-7-5-4,2,,7.000373,2A11_4B11,SMU,48,26,
2-7-5-4,voltage,511.272,RESULT,,,,COSETTE_CPW_W,CENFIRE-INLINE_probe08,,,,,,,2026-09-01 15:30:07,sense2,measure,ohm,2-7-5-4,2,,,2F01_2E12,DMM,48,26,
1-7-6-4,current,0.00999981,RESULT,,,,COSETTE_CPW_W,CENFIRE-INLINE_probe08,,,,,,,2026-09-01 15:30:12,force1,apply,A,1-7-6-4,1,,0.04266824,2A11_4B11,SMU,48,18,
1-7-6-4,voltage,0.64573,RESULT,,,,COSETTE_CPW_W,CENFIRE-INLINE_probe08,,,,,,,2026-09-01 15:30:12,sense1,measure,ohm,1-7-6-4,1,,,2F01_2E12,DMM,48,18,
2-7-6-4,current,0.00999985,RESULT,,,,COSETTE_CPW_W,CENFIRE-INLINE_probe08,,,,,,,2026-09-01 15:30:12,force2,apply,A,2-7-6-4,2,,4.808744,2A11_4B11,SMU,48,17,
2-7-6-4,voltage,0.559946,RESULT,,,,COSETTE_CPW_W,CENFIRE-INLINE_probe08,,,,,,,2026-09-01 15:30:12,sense2,measure,ohm,2-7-6-4,2,,,2F01_2E12,DMM,48,17,
1-7-7-4,current,0.00999982,RESULT,,,,COSETTE_CPW_W,CENFIRE-INLINE_probe08,,,,,,,2026-09-01 15:30:17,force1,apply,A,1-7-7-4,1,,0.04222799,2A11_4B11,SMU,48,9,
1-7-7-4,voltage,0.642205,RESULT,,,,COSETTE_CPW_W,CENFIRE-INLINE_probe08,,,,,,,2026-09-01 15:30:17,sense1,measure,ohm,1-7-7-4,1,,,2F01_2E12,DMM,48,9,
2-7-7-4,current,0.00999985,RESULT,,,,COSETTE_CPW_W,CENFIRE-INLINE_probe08,,,,,,,2026-09-01 15:30:17,force2,apply,A,2-7-7-4,2,,3.958236,2A11_4B11,SMU,48,8,
2-7-7-4,voltage,0.50108,RESULT,,,,COSETTE_CPW_W,CENFIRE-INLINE_probe08,,,,,,,2026-09-01 15:30:17,sense2,measure,ohm,2-7-7-4,2,,,2F01_2E12,DMM,48,8,
1-7-8-4,current,0.00999983,RESULT,,,,COSETTE_CPW_W,CENFIRE-INLINE_probe08,,,,,,,2026-09-01 15:30:21,force1,apply,A,1-7-8-4,1,,0.04198456,2A11_4B11,SMU,48,0,
1-7-8-4,voltage,0.643152,RESULT,,,,COSETTE_CPW_W,CENFIRE-INLINE_probe08,,,,,,,2026-09-01 15:30:21,sense1,measure,ohm,1-7-8-4,1,,,2F01_2E12,DMM,48,0,
2-7-8-4,current,0.00999987,RESULT,,,,COSETTE_CPW_W,CENFIRE-INLINE_probe08,,,,,,,2026-09-01 15:30:21,force2,apply,A,2-7-8-4,2,,3.87166,2A11_4B11,SMU,48,-1,
2-7-8-4,voltage,0.784983,RESULT,,,,COSETTE_CPW_W,CENFIRE-INLINE_probe08,,,,,,,2026-09-01 15:30:21,sense2,measure,ohm,2-7-8-4,2,,,2F01_2E12,DMM,48,-1,
1-7-9-4,current,0.00999982,RESULT,,,,COSETTE_CPW_W,CENFIRE-INLINE_probe08,,,,,,,2026-09-01 15:30:26,force1,apply,A,1-7-9-4,1,,0.04171573,2A11_4B11,SMU,48,-9,
1-7-9-4,voltage,0.653056,RESULT,,,,COSETTE_CPW_W,CENFIRE-INLINE_probe08,,,,,,,2026-09-01 15:30:26,sense1,measure,ohm,1-7-9-4,1,,,2F01_2E12,DMM,48,-9,
2-7-9-4,current,0.00999985,RESULT,,,,COSETTE_CPW_W,CENFIRE-INLINE_probe08,,,,,,,2026-09-01 15:30:26,force2,apply,A,2-7-9-4,2,,3.984586,2A11_4B11,SMU,48,-10,
2-7-9-4,voltage,0.344665,RESULT,,,,COSETTE_CPW_W,CENFIRE-INLINE_probe08,,,,,,,2026-09-01 15:30:26,sense2,measure,ohm,2-7-9-4,2,,,2F01_2E12,DMM,48,-10,
1-7-10-4,current,0.00999982,RESULT,,,,COSETTE_CPW_W,CENFIRE-INLINE_probe08,,,,,,,2026-09-01 15:30:31,force1,apply,A,1-7-10-4,1,,0.04244261,2A11_4B11,SMU,48,-18,
1-7-10-4,voltage,0.666873,RESULT,,,,COSETTE_CPW_W,CENFIRE-INLINE_probe08,,,,,,,2026-09-01 15:30:31,sense1,measure,ohm,1-7-10-4,1,,,2F01_2E12,DMM,48,-18,
2-7-10-4,current,0.00999985,RESULT,,,,COSETTE_CPW_W,CENFIRE-INLINE_probe08,,,,,,,2026-09-01 15:30:31,force2,apply,A,2-7-10-4,2,,3.773836,2A11_4B11,SMU,48,-19,
2-7-10-4,voltage,1.09744,RESULT,,,,COSETTE_CPW_W,CENFIRE-INLINE_probe08,,,,,,,2026-09-01 15:30:31,sense2,measure,ohm,2-7-10-4,2,,,2F01_2E12,DMM,48,-19,
1-7-11-4,current,0.00999982,RESULT,,,,COSETTE_CPW_W,CENFIRE-INLINE_probe08,,,,,,,2026-09-01 15:30:36,force1,apply,A,1-7-11-4,1,,0.04356843,2A11_4B11,SMU,48,-27,
1-7-11-4,voltage,0.682943,RESULT,,,,COSETTE_CPW_W,CENFIRE-INLINE_probe08,,,,,,,2026-09-01 15:30:36,sense1,measure,ohm,1-7-11-4,1,,,2F01_2E12,DMM,48,-27,
2-7-11-4,current,0.00538003,RESULT,,,,COSETTE_CPW_W,CENFIRE-INLINE_probe08,,,,,,,2026-09-01 15:30:36,force2,apply,A,2-7-11-4,2,,7.000354,2A11_4B11,SMU,48,-28,
2-7-11-4,voltage,0.207552,RESULT,,,,COSETTE_CPW_W,CENFIRE-INLINE_probe08,,,,,,,2026-09-01 15:30:36,sense2,measure,ohm,2-7-11-4,2,,,2F01_2E12,DMM,48,-28,
1-7-12-4,current,0.00999983,RESULT,,,,COSETTE_CPW_W,CENFIRE-INLINE_probe08,,,,,,,2026-09-01 15:30:40,force1,apply,A,1-7-12-4,1,,0.04427003,2A11_4B11,SMU,48,-36,
1-7-12-4,voltage,0.702416,RESULT,,,,COSETTE_CPW_W,CENFIRE-INLINE_probe08,,,,,,,2026-09-01 15:30:40,sense1,measure,ohm,1-7-12-4,1,,,2F01_2E12,DMM,48,-36,
2-7-12-4,current,0.00999981,RESULT,,,,COSETTE_CPW_W,CENFIRE-INLINE_probe08,,,,,,,2026-09-01 15:30:40,force2,apply,A,2-7-12-4,2,,4.489254,2A11_4B11,SMU,48,-37,
2-7-12-4,voltage,1.07367,RESULT,,,,COSETTE_CPW_W,CENFIRE-INLINE_probe08,,,,,,,2026-09-01 15:30:40,sense2,measure,ohm,2-7-12-4,2,,,2F01_2E12,DMM,48,-37,
1-7-13-4,current,0.00999982,RESULT,,,,COSETTE_CPW_W,CENFIRE-INLINE_probe08,,,,,,,2026-09-01 15:30:45,force1,apply,A,1-7-13-4,1,,0.08553904,2A11_4B11,SMU,48,-45,
1-7-13-4,voltage,1.92407,RESULT,,,,COSETTE_CPW_W,CENFIRE-INLINE_probe08,,,,,,,2026-09-01 15:30:45,sense1,measure,ohm,1-7-13-4,1,,,2F01_2E12,DMM,48,-45,
2-7-13-4,current,1.96475e-07,RESULT,,,,COSETTE_CPW_W,CENFIRE-INLINE_probe08,,,,,,,2026-09-01 15:30:45,force2,apply,A,2-7-13-4,2,,7.00039,2A11_4B11,SMU,48,-46,
2-7-13-4,voltage,-4876.3,RESULT,,,,COSETTE_CPW_W,CENFIRE-INLINE_probe08,,,,,,,2026-09-01 15:30:45,sense2,measure,ohm,2-7-13-4,2,,,2F01_2E12,DMM,48,-46,
1-7-3-5,current,0.00999982,RESULT,,,,COSETTE_CPW_W,CENFIRE-INLINE_probe08,,,,,,,2026-09-01 15:30:50,force1,apply,A,1-7-3-5,1,,0.04377265,2A11_4B11,SMU,41,45,
1-7-3-5,voltage,0.673091,RESULT,,,,COSETTE_CPW_W,CENFIRE-INLINE_probe08,,,,,,,2026-09-01 15:30:50,sense1,measure,ohm,1-7-3-5,1,,,2F01_2E12,DMM,41,45,
2-7-3-5,current,1.11882e-05,RESULT,,,,COSETTE_CPW_W,CENFIRE-INLINE_probe08,,,,,,,2026-09-01 15:30:50,force2,apply,A,2-7-3-5,2,,7.000401,2A11_4B11,SMU,41,44,
2-7-3-5,voltage,259.495,RESULT,,,,COSETTE_CPW_W,CENFIRE-INLINE_probe08,,,,,,,2026-09-01 15:30:50,sense2,measure,ohm,2-7-3-5,2,,,2F01_2E12,DMM,41,44,
1-7-4-5,current,0.00999983,RESULT,,,,COSETTE_CPW_W,CENFIRE-INLINE_probe08,,,,,,,2026-09-01 15:30:55,force1,apply,A,1-7-4-5,1,,0.04284157,2A11_4B11,SMU,41,36,
1-7-4-5,voltage,0.648853,RESULT,,,,COSETTE_CPW_W,CENFIRE-INLINE_probe08,,,,,,,2026-09-01 15:30:55,sense1,measure,ohm,1-7-4-5,1,,,2F01_2E12,DMM,41,36,
2-7-4-5,current,0.00999984,RESULT,,,,COSETTE_CPW_W,CENFIRE-INLINE_probe08,,,,,,,2026-09-01 15:30:55,force2,apply,A,2-7-4-5,2,,4.278357,2A11_4B11,SMU,41,35,
2-7-4-5,voltage,0.752515,RESULT,,,,COSETTE_CPW_W,CENFIRE-INLINE_probe08,,,,,,,2026-09-01 15:30:55,sense2,measure,ohm,2-7-4-5,2,,,2F01_2E12,DMM,41,35,
1-7-5-5,current,0.00999982,RESULT,,,,COSETTE_CPW_W,CENFIRE-INLINE_probe08,,,,,,,2026-09-01 15:30:59,force1,apply,A,1-7-5-5,1,,0.04270205,2A11_4B11,SMU,41,27,
1-7-5-5,voltage,0.631667,RESULT,,,,COSETTE_CPW_W,CENFIRE-INLINE_probe08,,,,,,,2026-09-01 15:30:59,sense1,measure,ohm,1-7-5-5,1,,,2F01_2E12,DMM,41,27,
2-7-5-5,current,0.00999987,RESULT,,,,COSETTE_CPW_W,CENFIRE-INLINE_probe08,,,,,,,2026-09-01 15:30:59,force2,apply,A,2-7-5-5,2,,3.705343,2A11_4B11,SMU,41,26,
2-7-5-5,voltage,0.847118,RESULT,,,,COSETTE_CPW_W,CENFIRE-INLINE_probe08,,,,,,,2026-09-01 15:30:59,sense2,measure,ohm,2-7-5-5,2,,,2F01_2E12,DMM,41,26,
1-7-6-5,current,0.00999982,RESULT,,,,COSETTE_CPW_W,CENFIRE-INLINE_probe08,,,,,,,2026-09-01 15:31:04,force1,apply,A,1-7-6-5,1,,0.04249082,2A11_4B11,SMU,41,18,
1-7-6-5,voltage,0.625265,RESULT,,,,COSETTE_CPW_W,CENFIRE-INLINE_probe08,,,,,,,2026-09-01 15:31:04,sense1,measure,ohm,1-7-6-5,1,,,2F01_2E12,DMM,41,18,
2-7-6-5,current,0.00999988,RESULT,,,,COSETTE_CPW_W,CENFIRE-INLINE_probe08,,,,,,,2026-09-01 15:31:04,force2,apply,A,2-7-6-5,2,,3.531024,2A11_4B11,SMU,41,17,
2-7-6-5,voltage,144.537,RESULT,,,,COSETTE_CPW_W,CENFIRE-INLINE_probe08,,,,,,,2026-09-01 15:31:04,sense2,measure,ohm,2-7-6-5,2,,,2F01_2E12,DMM,41,17,
1-7-7-5,current,0.00999983,RESULT,,,,COSETTE_CPW_W,CENFIRE-INLINE_probe08,,,,,,,2026-09-01 15:31:09,force1,apply,A,1-7-7-5,1,,0.04230167,2A11_4B11,SMU,41,9,
1-7-7-5,voltage,0.623997,RESULT,,,,COSETTE_CPW_W,CENFIRE-INLINE_probe08,,,,,,,2026-09-01 15:31:09,sense1,measure,ohm,1-7-7-5,1,,,2F01_2E12,DMM,41,9,
2-7-7-5,current,0.00999988,RESULT,,,,COSETTE_CPW_W,CENFIRE-INLINE_probe08,,,,,,,2026-09-01 15:31:09,force2,apply,A,2-7-7-5,2,,3.42587,2A11_4B11,SMU,41,8,
2-7-7-5,voltage,144.872,RESULT,,,,COSETTE_CPW_W,CENFIRE-INLINE_probe08,,,,,,,2026-09-01 15:31:09,sense2,measure,ohm,2-7-7-5,2,,,2F01_2E12,DMM,41,8,
1-7-8-5,current,0.00999982,RESULT,,,,COSETTE_CPW_W,CENFIRE-INLINE_probe08,,,,,,,2026-09-01 15:31:14,force1,apply,A,1-7-8-5,1,,0.04200814,2A11_4B11,SMU,41,0,
1-7-8-5,voltage,0.624466,RESULT,,,,COSETTE_CPW_W,CENFIRE-INLINE_probe08,,,,,,,2026-09-01 15:31:14,sense1,measure,ohm,1-7-8-5,1,,,2F01_2E12,DMM,41,0,
2-7-8-5,current,0.00999988,RESULT,,,,COSETTE_CPW_W,CENFIRE-INLINE_probe08,,,,,,,2026-09-01 15:31:14,force2,apply,A,2-7-8-5,2,,3.481477,2A11_4B11,SMU,41,-1,
2-7-8-5,voltage,141.192,RESULT,,,,COSETTE_CPW_W,CENFIRE-INLINE_probe08,,,,,,,2026-09-01 15:31:14,sense2,measure,ohm,2-7-8-5,2,,,2F01_2E12,DMM,41,-1,
1-7-9-5,current,0.00999983,RESULT,,,,COSETTE_CPW_W,CENFIRE-INLINE_probe08,,,,,,,2026-09-01 15:31:18,force1,apply,A,1-7-9-5,1,,0.04212131,2A11_4B11,SMU,41,-9,
1-7-9-5,voltage,0.633525,RESULT,,,,COSETTE_CPW_W,CENFIRE-INLINE_probe08,,,,,,,2026-09-01 15:31:18,sense1,measure,ohm,1-7-9-5,1,,,2F01_2E12,DMM,41,-9,
2-7-9-5,current,0.00999987,RESULT,,,,COSETTE_CPW_W,CENFIRE-INLINE_probe08,,,,,,,2026-09-01 15:31:18,force2,apply,A,2-7-9-5,2,,3.570149,2A11_4B11,SMU,41,-10,
2-7-9-5,voltage,139.821,RESULT,,,,COSETTE_CPW_W,CENFIRE-INLINE_probe08,,,,,,,2026-09-01 15:31:18,sense2,measure,ohm,2-7-9-5,2,,,2F01_2E12,DMM,41,-10,
1-7-10-5,current,0.00999981,RESULT,,,,COSETTE_CPW_W,CENFIRE-INLINE_probe08,,,,,,,2026-09-01 15:31:23,force1,apply,A,1-7-10-5,1,,0.04250769,2A11_4B11,SMU,41,-18,
1-7-10-5,voltage,0.645723,RESULT,,,,COSETTE_CPW_W,CENFIRE-INLINE_probe08,,,,,,,2026-09-01 15:31:23,sense1,measure,ohm,1-7-10-5,1,,,2F01_2E12,DMM,41,-18,
2-7-10-5,current,0.00999988,RESULT,,,,COSETTE_CPW_W,CENFIRE-INLINE_probe08,,,,,,,2026-09-01 15:31:23,force2,apply,A,2-7-10-5,2,,3.584648,2A11_4B11,SMU,41,-19,
2-7-10-5,voltage,144.863,RESULT,,,,COSETTE_CPW_W,CENFIRE-INLINE_probe08,,,,,,,2026-09-01 15:31:23,sense2,measure,ohm,2-7-10-5,2,,,2F01_2E12,DMM,41,-19,
1-7-11-5,current,0.00999981,RESULT,,,,COSETTE_CPW_W,CENFIRE-INLINE_probe08,,,,,,,2026-09-01 15:31:28,force1,apply,A,1-7-11-5,1,,0.04330382,2A11_4B11,SMU,41,-27,
1-7-11-5,voltage,0.665083,RESULT,,,,COSETTE_CPW_W,CENFIRE-INLINE_probe08,,,,,,,2026-09-01 15:31:28,sense1,measure,ohm,1-7-11-5,1,,,2F01_2E12,DMM,41,-27,
2-7-11-5,current,0.00999986,RESULT,,,,COSETTE_CPW_W,CENFIRE-INLINE_probe08,,,,,,,2026-09-01 15:31:28,force2,apply,A,2-7-11-5,2,,3.884642,2A11_4B11,SMU,41,-28,
2-7-11-5,voltage,117.57,RESULT,,,,COSETTE_CPW_W,CENFIRE-INLINE_probe08,,,,,,,2026-09-01 15:31:28,sense2,measure,ohm,2-7-11-5,2,,,2F01_2E12,DMM,41,-28,
1-7-12-5,current,0.00999982,RESULT,,,,COSETTE_CPW_W,CENFIRE-INLINE_probe08,,,,,,,2026-09-01 15:31:32,force1,apply,A,1-7-12-5,1,,0.04319363,2A11_4B11,SMU,41,-36,
1-7-12-5,voltage,0.685055,RESULT,,,,COSETTE_CPW_W,CENFIRE-INLINE_probe08,,,,,,,2026-09-01 15:31:32,sense1,measure,ohm,1-7-12-5,1,,,2F01_2E12,DMM,41,-36,
2-7-12-5,current,0.00999985,RESULT,,,,COSETTE_CPW_W,CENFIRE-INLINE_probe08,,,,,,,2026-09-01 15:31:32,force2,apply,A,2-7-12-5,2,,4.240956,2A11_4B11,SMU,41,-37,
2-7-12-5,voltage,0.979796,RESULT,,,,COSETTE_CPW_W,CENFIRE-INLINE_probe08,,,,,,,2026-09-01 15:31:32,sense2,measure,ohm,2-7-12-5,2,,,2F01_2E12,DMM,41,-37,
1-7-13-5,current,0.00999982,RESULT,,,,COSETTE_CPW_W,CENFIRE-INLINE_probe08,,,,,,,2026-09-01 15:31:37,force1,apply,A,1-7-13-5,1,,0.04445653,2A11_4B11,SMU,41,-45,
1-7-13-5,voltage,0.710392,RESULT,,,,COSETTE_CPW_W,CENFIRE-INLINE_probe08,,,,,,,2026-09-01 15:31:37,sense1,measure,ohm,1-7-13-5,1,,,2F01_2E12,DMM,41,-45,
2-7-13-5,current,0.00999989,RESULT,,,,COSETTE_CPW_W,CENFIRE-INLINE_probe08,,,,,,,2026-09-01 15:31:37,force2,apply,A,2-7-13-5,2,,3.423194,2A11_4B11,SMU,41,-46,
2-7-13-5,voltage,159.479,RESULT,,,,COSETTE_CPW_W,CENFIRE-INLINE_probe08,,,,,,,2026-09-01 15:31:37,sense2,measure,ohm,2-7-13-5,2,,,2F01_2E12,DMM,41,-46,
1-7-2-6,current,0.00999982,RESULT,,,,COSETTE_CPW_W,CENFIRE-INLINE_probe08,,,,,,,2026-09-01 15:31:42,force1,apply,A,1-7-2-6,1,,0.0436492,2A11_4B11,SMU,34,54,
1-7-2-6,voltage,0.679295,RESULT,,,,COSETTE_CPW_W,CENFIRE-INLINE_probe08,,,,,,,2026-09-01 15:31:42,sense1,measure,ohm,1-7-2-6,1,,,2F01_2E12,DMM,34,54,
2-7-2-6,current,1.24881e-05,RESULT,,,,COSETTE_CPW_W,CENFIRE-INLINE_probe08,,,,,,,2026-09-01 15:31:42,force2,apply,A,2-7-2-6,2,,7.000369,2A11_4B11,SMU,34,53,
2-7-2-6,voltage,299.926,RESULT,,,,COSETTE_CPW_W,CENFIRE-INLINE_probe08,,,,,,,2026-09-01 15:31:42,sense2,measure,ohm,2-7-2-6,2,,,2F01_2E12,DMM,34,53,
1-7-3-6,current,0.00999982,RESULT,,,,COSETTE_CPW_W,CENFIRE-INLINE_probe08,,,,,,,2026-09-01 15:31:47,force1,apply,A,1-7-3-6,1,,0.04353752,2A11_4B11,SMU,34,45,
1-7-3-6,voltage,0.656998,RESULT,,,,COSETTE_CPW_W,CENFIRE-INLINE_probe08,,,,,,,2026-09-01 15:31:47,sense1,measure,ohm,1-7-3-6,1,,,2F01_2E12,DMM,34,45,
2-7-3-6,current,8.05179e-06,RESULT,,,,COSETTE_CPW_W,CENFIRE-INLINE_probe08,,,,,,,2026-09-01 15:31:47,force2,apply,A,2-7-3-6,2,,7.000378,2A11_4B11,SMU,34,44,
2-7-3-6,voltage,767.493,RESULT,,,,COSETTE_CPW_W,CENFIRE-INLINE_probe08,,,,,,,2026-09-01 15:31:47,sense2,measure,ohm,2-7-3-6,2,,,2F01_2E12,DMM,34,44,
1-7-4-6,current,0.00999983,RESULT,,,,COSETTE_CPW_W,CENFIRE-INLINE_probe08,,,,,,,2026-09-01 15:31:51,force1,apply,A,1-7-4-6,1,,0.04258589,2A11_4B11,SMU,34,36,
1-7-4-6,voltage,0.635928,RESULT,,,,COSETTE_CPW_W,CENFIRE-INLINE_probe08,,,,,,,2026-09-01 15:31:51,sense1,measure,ohm,1-7-4-6,1,,,2F01_2E12,DMM,34,36,
2-7-4-6,current,0.00999987,RESULT,,,,COSETTE_CPW_W,CENFIRE-INLINE_probe08,,,,,,,2026-09-01 15:31:51,force2,apply,A,2-7-4-6,2,,3.64417,2A11_4B11,SMU,34,35,
2-7-4-6,voltage,0.553697,RESULT,,,,COSETTE_CPW_W,CENFIRE-INLINE_probe08,,,,,,,2026-09-01 15:31:51,sense2,measure,ohm,2-7-4-6,2,,,2F01_2E12,DMM,34,35,
1-7-5-6,current,0.00999982,RESULT,,,,COSETTE_CPW_W,CENFIRE-INLINE_probe08,,,,,,,2026-09-01 15:31:56,force1,apply,A,1-7-5-6,1,,0.04247841,2A11_4B11,SMU,34,27,
1-7-5-6,voltage,0.61581,RESULT,,,,COSETTE_CPW_W,CENFIRE-INLINE_probe08,,,,,,,2026-09-01 15:31:56,sense1,measure,ohm,1-7-5-6,1,,,2F01_2E12,DMM,34,27,
2-7-5-6,current,0.00999988,RESULT,,,,COSETTE_CPW_W,CENFIRE-INLINE_probe08,,,,,,,2026-09-01 15:31:56,force2,apply,A,2-7-5-6,2,,3.278055,2A11_4B11,SMU,34,26,
2-7-5-6,voltage,139.234,RESULT,,,,COSETTE_CPW_W,CENFIRE-INLINE_probe08,,,,,,,2026-09-01 15:31:56,sense2,measure,ohm,2-7-5-6,2,,,2F01_2E12,DMM,34,26,
1-7-6-6,current,0.00999983,RESULT,,,,COSETTE_CPW_W,CENFIRE-INLINE_probe08,,,,,,,2026-09-01 15:32:01,force1,apply,A,1-7-6-6,1,,0.04232965,2A11_4B11,SMU,34,18,
1-7-6-6,voltage,0.608616,RESULT,,,,COSETTE_CPW_W,CENFIRE-INLINE_probe08,,,,,,,2026-09-01 15:32:01,sense1,measure,ohm,1-7-6-6,1,,,2F01_2E12,DMM,34,18,
2-7-6-6,current,0.00999989,RESULT,,,,COSETTE_CPW_W,CENFIRE-INLINE_probe08,,,,,,,2026-09-01 15:32:01,force2,apply,A,2-7-6-6,2,,3.268645,2A11_4B11,SMU,34,17,
2-7-6-6,voltage,140.97,RESULT,,,,COSETTE_CPW_W,CENFIRE-INLINE_probe08,,,,,,,2026-09-01 15:32:01,sense2,measure,ohm,2-7-6-6,2,,,2F01_2E12,DMM,34,17,
1-7-7-6,current,0.00999982,RESULT,,,,COSETTE_CPW_W,CENFIRE-INLINE_probe08,,,,,,,2026-09-01 15:32:05,force1,apply,A,1-7-7-6,1,,0.04195151,2A11_4B11,SMU,34,9,
1-7-7-6,voltage,0.606775,RESULT,,,,COSETTE_CPW_W,CENFIRE-INLINE_probe08,,,,,,,2026-09-01 15:32:05,sense1,measure,ohm,1-7-7-6,1,,,2F01_2E12,DMM,34,9,
2-7-7-6,current,0.00999987,RESULT,,,,COSETTE_CPW_W,CENFIRE-INLINE_probe08,,,,,,,2026-09-01 15:32:05,force2,apply,A,2-7-7-6,2,,3.232565,2A11_4B11,SMU,34,8,
2-7-7-6,voltage,141.225,RESULT,,,,COSETTE_CPW_W,CENFIRE-INLINE_probe08,,,,,,,2026-09-01 15:32:05,sense2,measure,ohm,2-7-7-6,2,,,2F01_2E12,DMM,34,8,
1-7-8-6,current,0.00999983,RESULT,,,,COSETTE_CPW_W,CENFIRE-INLINE_probe08,,,,,,,2026-09-01 15:32:10,force1,apply,A,1-7-8-6,1,,0.04184859,2A11_4B11,SMU,34,0,
1-7-8-6,voltage,0.610526,RESULT,,,,COSETTE_CPW_W,CENFIRE-INLINE_probe08,,,,,,,2026-09-01 15:32:10,sense1,measure,ohm,1-7-8-6,1,,,2F01_2E12,DMM,34,0,
2-7-8-6,current,0.00999988,RESULT,,,,COSETTE_CPW_W,CENFIRE-INLINE_probe08,,,,,,,2026-09-01 15:32:10,force2,apply,A,2-7-8-6,2,,3.228839,2A11_4B11,SMU,34,-1,
2-7-8-6,voltage,140.495,RESULT,,,,COSETTE_CPW_W,CENFIRE-INLINE_probe08,,,,,,,2026-09-01 15:32:10,sense2,measure,ohm,2-7-8-6,2,,,2F01_2E12,DMM,34,-1,
1-7-9-6,current,0.00999981,RESULT,,,,COSETTE_CPW_W,CENFIRE-INLINE_probe08,,,,,,,2026-09-01 15:32:15,force1,apply,A,1-7-9-6,1,,0.04199309,2A11_4B11,SMU,34,-9,
1-7-9-6,voltage,0.614129,RESULT,,,,COSETTE_CPW_W,CENFIRE-INLINE_probe08,,,,,,,2026-09-01 15:32:15,sense1,measure,ohm,1-7-9-6,1,,,2F01_2E12,DMM,34,-9,
2-7-9-6,current,0.00999989,RESULT,,,,COSETTE_CPW_W,CENFIRE-INLINE_probe08,,,,,,,2026-09-01 15:32:15,force2,apply,A,2-7-9-6,2,,3.329922,2A11_4B11,SMU,34,-10,
2-7-9-6,voltage,140.174,RESULT,,,,COSETTE_CPW_W,CENFIRE-INLINE_probe08,,,,,,,2026-09-01 15:32:15,sense2,measure,ohm,2-7-9-6,2,,,2F01_2E12,DMM,34,-10,
1-7-10-6,current,0.00999983,RESULT,,,,COSETTE_CPW_W,CENFIRE-INLINE_probe08,,,,,,,2026-09-01 15:32:20,force1,apply,A,1-7-10-6,1,,0.04205434,2A11_4B11,SMU,34,-18,
1-7-10-6,voltage,0.627219,RESULT,,,,COSETTE_CPW_W,CENFIRE-INLINE_probe08,,,,,,,2026-09-01 15:32:20,sense1,measure,ohm,1-7-10-6,1,,,2F01_2E12,DMM,34,-18,
2-7-10-6,current,0.00999989,RESULT,,,,COSETTE_CPW_W,CENFIRE-INLINE_probe08,,,,,,,2026-09-01 15:32:20,force2,apply,A,2-7-10-6,2,,3.542315,2A11_4B11,SMU,34,-19,
2-7-10-6,voltage,138.513,RESULT,,,,COSETTE_CPW_W,CENFIRE-INLINE_probe08,,,,,,,2026-09-01 15:32:20,sense2,measure,ohm,2-7-10-6,2,,,2F01_2E12,DMM,34,-19,
1-7-11-6,current,0.00999981,RESULT,,,,COSETTE_CPW_W,CENFIRE-INLINE_probe08,,,,,,,2026-09-01 15:32:24,force1,apply,A,1-7-11-6,1,,0.04274513,2A11_4B11,SMU,34,-27,
1-7-11-6,voltage,0.646217,RESULT,,,,COSETTE_CPW_W,CENFIRE-INLINE_probe08,,,,,,,2026-09-01 15:32:24,sense1,measure,ohm,1-7-11-6,1,,,2F01_2E12,DMM,34,-27,
2-7-11-6,current,0.00999987,RESULT,,,,COSETTE_CPW_W,CENFIRE-INLINE_probe08,,,,,,,2026-09-01 15:32:24,force2,apply,A,2-7-11-6,2,,3.780659,2A11_4B11,SMU,34,-28,
2-7-11-6,voltage,140.792,RESULT,,,,COSETTE_CPW_W,CENFIRE-INLINE_probe08,,,,,,,2026-09-01 15:32:24,sense2,measure,ohm,2-7-11-6,2,,,2F01_2E12,DMM,34,-28,
1-7-12-6,current,0.00999982,RESULT,,,,COSETTE_CPW_W,CENFIRE-INLINE_probe08,,,,,,,2026-09-01 15:32:29,force1,apply,A,1-7-12-6,1,,0.04360214,2A11_4B11,SMU,34,-36,
1-7-12-6,voltage,0.669631,RESULT,,,,COSETTE_CPW_W,CENFIRE-INLINE_probe08,,,,,,,2026-09-01 15:32:29,sense1,measure,ohm,1-7-12-6,1,,,2F01_2E12,DMM,34,-36,
2-7-12-6,current,0.00999987,RESULT,,,,COSETTE_CPW_W,CENFIRE-INLINE_probe08,,,,,,,2026-09-01 15:32:29,force2,apply,A,2-7-12-6,2,,3.880466,2A11_4B11,SMU,34,-37,
2-7-12-6,voltage,144.137,RESULT,,,,COSETTE_CPW_W,CENFIRE-INLINE_probe08,,,,,,,2026-09-01 15:32:29,sense2,measure,ohm,2-7-12-6,2,,,2F01_2E12,DMM,34,-37,
1-7-13-6,current,0.00999982,RESULT,,,,COSETTE_CPW_W,CENFIRE-INLINE_probe08,,,,,,,2026-09-01 15:32:34,force1,apply,A,1-7-13-6,1,,0.04338245,2A11_4B11,SMU,34,-45,
1-7-13-6,voltage,0.692357,RESULT,,,,COSETTE_CPW_W,CENFIRE-INLINE_probe08,,,,,,,2026-09-01 15:32:34,sense1,measure,ohm,1-7-13-6,1,,,2F01_2E12,DMM,34,-45,
2-7-13-6,current,0.00999981,RESULT,,,,COSETTE_CPW_W,CENFIRE-INLINE_probe08,,,,,,,2026-09-01 15:32:34,force2,apply,A,2-7-13-6,2,,4.344521,2A11_4B11,SMU,34,-46,
2-7-13-6,voltage,0.435044,RESULT,,,,COSETTE_CPW_W,CENFIRE-INLINE_probe08,,,,,,,2026-09-01 15:32:34,sense2,measure,ohm,2-7-13-6,2,,,2F01_2E12,DMM,34,-46,
1-7-14-6,current,0.00999983,RESULT,,,,COSETTE_CPW_W,CENFIRE-INLINE_probe08,,,,,,,2026-09-01 15:32:38,force1,apply,A,1-7-14-6,1,,0.04995183,2A11_4B11,SMU,34,-54,
1-7-14-6,voltage,1.30983,RESULT,,,,COSETTE_CPW_W,CENFIRE-INLINE_probe08,,,,,,,2026-09-01 15:32:38,sense1,measure,ohm,1-7-14-6,1,,,2F01_2E12,DMM,34,-54,
2-7-14-6,current,2.043e-07,RESULT,,,,COSETTE_CPW_W,CENFIRE-INLINE_probe08,,,,,,,2026-09-01 15:32:38,force2,apply,A,2-7-14-6,2,,7.000407,2A11_4B11,SMU,34,-55,
2-7-14-6,voltage,568.596,RESULT,,,,COSETTE_CPW_W,CENFIRE-INLINE_probe08,,,,,,,2026-09-01 15:32:38,sense2,measure,ohm,2-7-14-6,2,,,2F01_2E12,DMM,34,-55,
1-7-2-7,current,0.00999981,RESULT,,,,COSETTE_CPW_W,CENFIRE-INLINE_probe08,,,,,,,2026-09-01 15:32:43,force1,apply,A,1-7-2-7,1,,0.04360488,2A11_4B11,SMU,27,54,
1-7-2-7,voltage,0.66657,RESULT,,,,COSETTE_CPW_W,CENFIRE-INLINE_probe08,,,,,,,2026-09-01 15:32:43,sense1,measure,ohm,1-7-2-7,1,,,2F01_2E12,DMM,27,54,
2-7-2-7,current,6.7685e-06,RESULT,,,,COSETTE_CPW_W,CENFIRE-INLINE_probe08,,,,,,,2026-09-01 15:32:43,force2,apply,A,2-7-2-7,2,,7.000399,2A11_4B11,SMU,27,53,
2-7-2-7,voltage,470.736,RESULT,,,,COSETTE_CPW_W,CENFIRE-INLINE_probe08,,,,,,,2026-09-01 15:32:43,sense2,measure,ohm,2-7-2-7,2,,,2F01_2E12,DMM,27,53,
1-7-3-7,current,0.00999982,RESULT,,,,COSETTE_CPW_W,CENFIRE-INLINE_probe08,,,,,,,2026-09-01 15:32:48,force1,apply,A,1-7-3-7,1,,0.04305774,2A11_4B11,SMU,27,45,
1-7-3-7,voltage,0.644752,RESULT,,,,COSETTE_CPW_W,CENFIRE-INLINE_probe08,,,,,,,2026-09-01 15:32:48,sense1,measure,ohm,1-7-3-7,1,,,2F01_2E12,DMM,27,45,
2-7-3-7,current,0.00999987,RESULT,,,,COSETTE_CPW_W,CENFIRE-INLINE_probe08,,,,,,,2026-09-01 15:32:48,force2,apply,A,2-7-3-7,2,,3.619177,2A11_4B11,SMU,27,44,
2-7-3-7,voltage,1.33785,RESULT,,,,COSETTE_CPW_W,CENFIRE-INLINE_probe08,,,,,,,2026-09-01 15:32:48,sense2,measure,ohm,2-7-3-7,2,,,2F01_2E12,DMM,27,44,
1-7-4-7,current,0.00999982,RESULT,,,,COSETTE_CPW_W,CENFIRE-INLINE_probe08,,,,,,,2026-09-01 15:32:53,force1,apply,A,1-7-4-7,1,,0.04264174,2A11_4B11,SMU,27,36,
1-7-4-7,voltage,0.621448,RESULT,,,,COSETTE_CPW_W,CENFIRE-INLINE_probe08,,,,,,,2026-09-01 15:32:53,sense1,measure,ohm,1-7-4-7,1,,,2F01_2E12,DMM,27,36,
2-7-4-7,current,0.00999988,RESULT,,,,COSETTE_CPW_W,CENFIRE-INLINE_probe08,,,,,,,2026-09-01 15:32:53,force2,apply,A,2-7-4-7,2,,3.388608,2A11_4B11,SMU,27,35,
2-7-4-7,voltage,140.108,RESULT,,,,COSETTE_CPW_W,CENFIRE-INLINE_probe08,,,,,,,2026-09-01 15:32:53,sense2,measure,ohm,2-7-4-7,2,,,2F01_2E12,DMM,27,35,
1-7-5-7,current,0.00999983,RESULT,,,,COSETTE_CPW_W,CENFIRE-INLINE_probe08,,,,,,,2026-09-01 15:32:58,force1,apply,A,1-7-5-7,1,,0.042055,2A11_4B11,SMU,27,27,
1-7-5-7,voltage,0.60736,RESULT,,,,COSETTE_CPW_W,CENFIRE-INLINE_probe08,,,,,,,2026-09-01 15:32:58,sense1,measure,ohm,1-7-5-7,1,,,2F01_2E12,DMM,27,27,
2-7-5-7,current,0.00999988,RESULT,,,,COSETTE_CPW_W,CENFIRE-INLINE_probe08,,,,,,,2026-09-01 15:32:58,force2,apply,A,2-7-5-7,2,,3.220779,2A11_4B11,SMU,27,26,
2-7-5-7,voltage,136.945,RESULT,,,,COSETTE_CPW_W,CENFIRE-INLINE_probe08,,,,,,,2026-09-01 15:32:58,sense2,measure,ohm,2-7-5-7,2,,,2F01_2E12,DMM,27,26,
1-7-6-7,current,0.00999983,RESULT,,,,COSETTE_CPW_W,CENFIRE-INLINE_probe08,,,,,,,2026-09-01 15:33:02,force1,apply,A,1-7-6-7,1,,0.04180558,2A11_4B11,SMU,27,18,
1-7-6-7,voltage,0.601749,RESULT,,,,COSETTE_CPW_W,CENFIRE-INLINE_probe08,,,,,,,2026-09-01 15:33:02,sense1,measure,ohm,1-7-6-7,1,,,2F01_2E12,DMM,27,18,
2-7-6-7,current,0.00999988,RESULT,,,,COSETTE_CPW_W,CENFIRE-INLINE_probe08,,,,,,,2026-09-01 15:33:02,force2,apply,A,2-7-6-7,2,,3.106341,2A11_4B11,SMU,27,17,
2-7-6-7,voltage,136.799,RESULT,,,,COSETTE_CPW_W,CENFIRE-INLINE_probe08,,,,,,,2026-09-01 15:33:02,sense2,measure,ohm,2-7-6-7,2,,,2F01_2E12,DMM,27,17,
1-7-7-7,current,0.00999982,RESULT,,,,COSETTE_CPW_W,CENFIRE-INLINE_probe08,,,,,,,2026-09-01 15:33:07,force1,apply,A,1-7-7-7,1,,0.04198934,2A11_4B11,SMU,27,9,
1-7-7-7,voltage,0.603894,RESULT,,,,COSETTE_CPW_W,CENFIRE-INLINE_probe08,,,,,,,2026-09-01 15:33:07,sense1,measure,ohm,1-7-7-7,1,,,2F01_2E12,DMM,27,9,
2-7-7-7,current,0.00999988,RESULT,,,,COSETTE_CPW_W,CENFIRE-INLINE_probe08,,,,,,,2026-09-01 15:33:07,force2,apply,A,2-7-7-7,2,,3.101925,2A11_4B11,SMU,27,8,
2-7-7-7,voltage,134.872,RESULT,,,,COSETTE_CPW_W,CENFIRE-INLINE_probe08,,,,,,,2026-09-01 15:33:07,sense2,measure,ohm,2-7-7-7,2,,,2F01_2E12,DMM,27,8,
1-7-8-7,current,0.00999983,RESULT,,,,COSETTE_CPW_W,CENFIRE-INLINE_probe08,,,,,,,2026-09-01 15:33:12,force1,apply,A,1-7-8-7,1,,0.0418939,2A11_4B11,SMU,27,0,
1-7-8-7,voltage,0.605327,RESULT,,,,COSETTE_CPW_W,CENFIRE-INLINE_probe08,,,,,,,2026-09-01 15:33:12,sense1,measure,ohm,1-7-8-7,1,,,2F01_2E12,DMM,27,0,
2-7-8-7,current,0.00999988,RESULT,,,,COSETTE_CPW_W,CENFIRE-INLINE_probe08,,,,,,,2026-09-01 15:33:12,force2,apply,A,2-7-8-7,2,,3.159247,2A11_4B11,SMU,27,-1,
2-7-8-7,voltage,138.608,RESULT,,,,COSETTE_CPW_W,CENFIRE-INLINE_probe08,,,,,,,2026-09-01 15:33:12,sense2,measure,ohm,2-7-8-7,2,,,2F01_2E12,DMM,27,-1,
1-7-9-7,current,0.00999983,RESULT,,,,COSETTE_CPW_W,CENFIRE-INLINE_probe08,,,,,,,2026-09-01 15:33:16,force1,apply,A,1-7-9-7,1,,0.04177965,2A11_4B11,SMU,27,-9,
1-7-9-7,voltage,0.606134,RESULT,,,,COSETTE_CPW_W,CENFIRE-INLINE_probe08,,,,,,,2026-09-01 15:33:16,sense1,measure,ohm,1-7-9-7,1,,,2F01_2E12,DMM,27,-9,
2-7-9-7,current,0.00999988,RESULT,,,,COSETTE_CPW_W,CENFIRE-INLINE_probe08,,,,,,,2026-09-01 15:33:16,force2,apply,A,2-7-9-7,2,,3.151019,2A11_4B11,SMU,27,-10,
2-7-9-7,voltage,138.177,RESULT,,,,COSETTE_CPW_W,CENFIRE-INLINE_probe08,,,,,,,2026-09-01 15:33:16,sense2,measure,ohm,2-7-9-7,2,,,2F01_2E12,DMM,27,-10,
1-7-10-7,current,0.00999982,RESULT,,,,COSETTE_CPW_W,CENFIRE-INLINE_probe08,,,,,,,2026-09-01 15:33:21,force1,apply,A,1-7-10-7,1,,0.04186138,2A11_4B11,SMU,27,-18,
1-7-10-7,voltage,0.615422,RESULT,,,,COSETTE_CPW_W,CENFIRE-INLINE_probe08,,,,,,,2026-09-01 15:33:21,sense1,measure,ohm,1-7-10-7,1,,,2F01_2E12,DMM,27,-18,
2-7-10-7,current,0.00999989,RESULT,,,,COSETTE_CPW_W,CENFIRE-INLINE_probe08,,,,,,,2026-09-01 15:33:21,force2,apply,A,2-7-10-7,2,,3.364625,2A11_4B11,SMU,27,-19,
2-7-10-7,voltage,137.646,RESULT,,,,COSETTE_CPW_W,CENFIRE-INLINE_probe08,,,,,,,2026-09-01 15:33:21,sense2,measure,ohm,2-7-10-7,2,,,2F01_2E12,DMM,27,-19,
1-7-11-7,current,0.00999982,RESULT,,,,COSETTE_CPW_W,CENFIRE-INLINE_probe08,,,,,,,2026-09-01 15:33:26,force1,apply,A,1-7-11-7,1,,0.04202645,2A11_4B11,SMU,27,-27,
1-7-11-7,voltage,0.630385,RESULT,,,,COSETTE_CPW_W,CENFIRE-INLINE_probe08,,,,,,,2026-09-01 15:33:26,sense1,measure,ohm,1-7-11-7,1,,,2F01_2E12,DMM,27,-27,
2-7-11-7,current,0.00999984,RESULT,,,,COSETTE_CPW_W,CENFIRE-INLINE_probe08,,,,,,,2026-09-01 15:33:26,force2,apply,A,2-7-11-7,2,,3.91961,2A11_4B11,SMU,27,-28,
2-7-11-7,voltage,137.63,RESULT,,,,COSETTE_CPW_W,CENFIRE-INLINE_probe08,,,,,,,2026-09-01 15:33:26,sense2,measure,ohm,2-7-11-7,2,,,2F01_2E12,DMM,27,-28,
1-7-12-7,current,0.00999983,RESULT,,,,COSETTE_CPW_W,CENFIRE-INLINE_probe08,,,,,,,2026-09-01 15:33:31,force1,apply,A,1-7-12-7,1,,0.04292103,2A11_4B11,SMU,27,-36,
1-7-12-7,voltage,0.655202,RESULT,,,,COSETTE_CPW_W,CENFIRE-INLINE_probe08,,,,,,,2026-09-01 15:33:31,sense1,measure,ohm,1-7-12-7,1,,,2F01_2E12,DMM,27,-36,
2-7-12-7,current,0.00999987,RESULT,,,,COSETTE_CPW_W,CENFIRE-INLINE_probe08,,,,,,,2026-09-01 15:33:31,force2,apply,A,2-7-12-7,2,,3.797657,2A11_4B11,SMU,27,-37,
2-7-12-7,voltage,133.659,RESULT,,,,COSETTE_CPW_W,CENFIRE-INLINE_probe08,,,,,,,2026-09-01 15:33:31,sense2,measure,ohm,2-7-12-7,2,,,2F01_2E12,DMM,27,-37,
1-7-13-7,current,0.00999982,RESULT,,,,COSETTE_CPW_W,CENFIRE-INLINE_probe08,,,,,,,2026-09-01 15:33:35,force1,apply,A,1-7-13-7,1,,0.04349807,2A11_4B11,SMU,27,-45,
1-7-13-7,voltage,0.678735,RESULT,,,,COSETTE_CPW_W,CENFIRE-INLINE_probe08,,,,,,,2026-09-01 15:33:35,sense1,measure,ohm,1-7-13-7,1,,,2F01_2E12,DMM,27,-45,
2-7-13-7,current,1.94466e-06,RESULT,,,,COSETTE_CPW_W,CENFIRE-INLINE_probe08,,,,,,,2026-09-01 15:33:35,force2,apply,A,2-7-13-7,2,,7.000199,2A11_4B11,SMU,27,-46,
2-7-13-7,voltage,4769.04,RESULT,,,,COSETTE_CPW_W,CENFIRE-INLINE_probe08,,,,,,,2026-09-01 15:33:35,sense2,measure,ohm,2-7-13-7,2,,,2F01_2E12,DMM,27,-46,
1-7-14-7,current,0.00999983,RESULT,,,,COSETTE_CPW_W,CENFIRE-INLINE_probe08,,,,,,,2026-09-01 15:33:40,force1,apply,A,1-7-14-7,1,,0.04402963,2A11_4B11,SMU,27,-54,
1-7-14-7,voltage,0.70611,RESULT,,,,COSETTE_CPW_W,CENFIRE-INLINE_probe08,,,,,,,2026-09-01 15:33:40,sense1,measure,ohm,1-7-14-7,1,,,2F01_2E12,DMM,27,-54,
2-7-14-7,current,1.98315e-07,RESULT,,,,COSETTE_CPW_W,CENFIRE-INLINE_probe08,,,,,,,2026-09-01 15:33:40,force2,apply,A,2-7-14-7,2,,7.000371,2A11_4B11,SMU,27,-55,
2-7-14-7,voltage,24386.7,RESULT,,,,COSETTE_CPW_W,CENFIRE-INLINE_probe08,,,,,,,2026-09-01 15:33:40,sense2,measure,ohm,2-7-14-7,2,,,2F01_2E12,DMM,27,-55,
1-7-2-8,current,0.00999981,RESULT,,,,COSETTE_CPW_W,CENFIRE-INLINE_probe08,,,,,,,2026-09-01 15:33:45,force1,apply,A,1-7-2-8,1,,0.04317297,2A11_4B11,SMU,20,54,
1-7-2-8,voltage,0.66323,RESULT,,,,COSETTE_CPW_W,CENFIRE-INLINE_probe08,,,,,,,2026-09-01 15:33:45,sense1,measure,ohm,1-7-2-8,1,,,2F01_2E12,DMM,20,54,
2-7-2-8,current,2.07535e-05,RESULT,,,,COSETTE_CPW_W,CENFIRE-INLINE_probe08,,,,,,,2026-09-01 15:33:45,force2,apply,A,2-7-2-8,2,,7.000395,2A11_4B11,SMU,20,53,
2-7-2-8,voltage,224.861,RESULT,,,,COSETTE_CPW_W,CENFIRE-INLINE_probe08,,,,,,,2026-09-01 15:33:45,sense2,measure,ohm,2-7-2-8,2,,,2F01_2E12,DMM,20,53,
1-7-3-8,current,0.00999981,RESULT,,,,COSETTE_CPW_W,CENFIRE-INLINE_probe08,,,,,,,2026-09-01 15:33:50,force1,apply,A,1-7-3-8,1,,0.04289826,2A11_4B11,SMU,20,45,
1-7-3-8,voltage,0.637269,RESULT,,,,COSETTE_CPW_W,CENFIRE-INLINE_probe08,,,,,,,2026-09-01 15:33:50,sense1,measure,ohm,1-7-3-8,1,,,2F01_2E12,DMM,20,45,
2-7-3-8,current,0.00999988,RESULT,,,,COSETTE_CPW_W,CENFIRE-INLINE_probe08,,,,,,,2026-09-01 15:33:50,force2,apply,A,2-7-3-8,2,,3.433934,2A11_4B11,SMU,20,44,
2-7-3-8,voltage,139.108,RESULT,,,,COSETTE_CPW_W,CENFIRE-INLINE_probe08,,,,,,,2026-09-01 15:33:50,sense2,measure,ohm,2-7-3-8,2,,,2F01_2E12,DMM,20,44,
1-7-4-8,current,0.00999981,RESULT,,,,COSETTE_CPW_W,CENFIRE-INLINE_probe08,,,,,,,2026-09-01 15:33:54,force1,apply,A,1-7-4-8,1,,0.04206547,2A11_4B11,SMU,20,36,
1-7-4-8,voltage,0.614762,RESULT,,,,COSETTE_CPW_W,CENFIRE-INLINE_probe08,,,,,,,2026-09-01 15:33:54,sense1,measure,ohm,1-7-4-8,1,,,2F01_2E12,DMM,20,36,
2-7-4-8,current,0.00999988,RESULT,,,,COSETTE_CPW_W,CENFIRE-INLINE_probe08,,,,,,,2026-09-01 15:33:54,force2,apply,A,2-7-4-8,2,,3.307725,2A11_4B11,SMU,20,35,
2-7-4-8,voltage,136.689,RESULT,,,,COSETTE_CPW_W,CENFIRE-INLINE_probe08,,,,,,,2026-09-01 15:33:54,sense2,measure,ohm,2-7-4-8,2,,,2F01_2E12,DMM,20,35,
1-7-5-8,current,0.00999982,RESULT,,,,COSETTE_CPW_W,CENFIRE-INLINE_probe08,,,,,,,2026-09-01 15:33:59,force1,apply,A,1-7-5-8,1,,0.0419318,2A11_4B11,SMU,20,27,
1-7-5-8,voltage,0.608714,RESULT,,,,COSETTE_CPW_W,CENFIRE-INLINE_probe08,,,,,,,2026-09-01 15:33:59,sense1,measure,ohm,1-7-5-8,1,,,2F01_2E12,DMM,20,27,
2-7-5-8,current,0.00999988,RESULT,,,,COSETTE_CPW_W,CENFIRE-INLINE_probe08,,,,,,,2026-09-01 15:33:59,force2,apply,A,2-7-5-8,2,,3.327393,2A11_4B11,SMU,20,26,
2-7-5-8,voltage,79.6049,RESULT,,,,COSETTE_CPW_W,CENFIRE-INLINE_probe08,,,,,,,2026-09-01 15:33:59,sense2,measure,ohm,2-7-5-8,2,,,2F01_2E12,DMM,20,26,
1-7-6-8,current,0.00999983,RESULT,,,,COSETTE_CPW_W,CENFIRE-INLINE_probe08,,,,,,,2026-09-01 15:34:04,force1,apply,A,1-7-6-8,1,,0.04170826,2A11_4B11,SMU,20,18,
1-7-6-8,voltage,0.606986,RESULT,,,,COSETTE_CPW_W,CENFIRE-INLINE_probe08,,,,,,,2026-09-01 15:34:04,sense1,measure,ohm,1-7-6-8,1,,,2F01_2E12,DMM,20,18,
2-7-6-8,current,0.00999988,RESULT,,,,COSETTE_CPW_W,CENFIRE-INLINE_probe08,,,,,,,2026-09-01 15:34:04,force2,apply,A,2-7-6-8,2,,3.081664,2A11_4B11,SMU,20,17,
2-7-6-8,voltage,135.722,RESULT,,,,COSETTE_CPW_W,CENFIRE-INLINE_probe08,,,,,,,2026-09-01 15:34:04,sense2,measure,ohm,2-7-6-8,2,,,2F01_2E12,DMM,20,17,
1-7-7-8,current,0.00999983,RESULT,,,,COSETTE_CPW_W,CENFIRE-INLINE_probe08,,,,,,,2026-09-01 15:34:08,force1,apply,A,1-7-7-8,1,,0.04238858,2A11_4B11,SMU,20,9,
1-7-7-8,voltage,0.611114,RESULT,,,,COSETTE_CPW_W,CENFIRE-INLINE_probe08,,,,,,,2026-09-01 15:34:08,sense1,measure,ohm,1-7-7-8,1,,,2F01_2E12,DMM,20,9,
2-7-7-8,current,0.00999989,RESULT,,,,COSETTE_CPW_W,CENFIRE-INLINE_probe08,,,,,,,2026-09-01 15:34:08,force2,apply,A,2-7-7-8,2,,3.017219,2A11_4B11,SMU,20,8,
2-7-7-8,voltage,132.94,RESULT,,,,COSETTE_CPW_W,CENFIRE-INLINE_probe08,,,,,,,2026-09-01 15:34:08,sense2,measure,ohm,2-7-7-8,2,,,2F01_2E12,DMM,20,8,
1-7-8-8,current,0.00999981,RESULT,,,,COSETTE_CPW_W,CENFIRE-INLINE_probe08,,,,,,,2026-09-01 15:34:13,force1,apply,A,1-7-8-8,1,,0.04208212,2A11_4B11,SMU,20,0,
1-7-8-8,voltage,0.615784,RESULT,,,,COSETTE_CPW_W,CENFIRE-INLINE_probe08,,,,,,,2026-09-01 15:34:13,sense1,measure,ohm,1-7-8-8,1,,,2F01_2E12,DMM,20,0,
2-7-8-8,current,0.00999989,RESULT,,,,COSETTE_CPW_W,CENFIRE-INLINE_probe08,,,,,,,2026-09-01 15:34:13,force2,apply,A,2-7-8-8,2,,3.069104,2A11_4B11,SMU,20,-1,
2-7-8-8,voltage,135.713,RESULT,,,,COSETTE_CPW_W,CENFIRE-INLINE_probe08,,,,,,,2026-09-01 15:34:13,sense2,measure,ohm,2-7-8-8,2,,,2F01_2E12,DMM,20,-1,
1-7-9-8,current,0.00999982,RESULT,,,,COSETTE_CPW_W,CENFIRE-INLINE_probe08,,,,,,,2026-09-01 15:34:18,force1,apply,A,1-7-9-8,1,,0.0421233,2A11_4B11,SMU,20,-9,
1-7-9-8,voltage,0.609475,RESULT,,,,COSETTE_CPW_W,CENFIRE-INLINE_probe08,,,,,,,2026-09-01 15:34:18,sense1,measure,ohm,1-7-9-8,1,,,2F01_2E12,DMM,20,-9,
2-7-9-8,current,0.00999988,RESULT,,,,COSETTE_CPW_W,CENFIRE-INLINE_probe08,,,,,,,2026-09-01 15:34:18,force2,apply,A,2-7-9-8,2,,3.137204,2A11_4B11,SMU,20,-10,
2-7-9-8,voltage,136.488,RESULT,,,,COSETTE_CPW_W,CENFIRE-INLINE_probe08,,,,,,,2026-09-01 15:34:18,sense2,measure,ohm,2-7-9-8,2,,,2F01_2E12,DMM,20,-10,
1-7-10-8,current,0.00999984,RESULT,,,,COSETTE_CPW_W,CENFIRE-INLINE_probe08,,,,,,,2026-09-01 15:34:22,force1,apply,A,1-7-10-8,1,,0.04209038,2A11_4B11,SMU,20,-18,
1-7-10-8,voltage,0.611278,RESULT,,,,COSETTE_CPW_W,CENFIRE-INLINE_probe08,,,,,,,2026-09-01 15:34:22,sense1,measure,ohm,1-7-10-8,1,,,2F01_2E12,DMM,20,-18,
2-7-10-8,current,0.00999988,RESULT,,,,COSETTE_CPW_W,CENFIRE-INLINE_probe08,,,,,,,2026-09-01 15:34:22,force2,apply,A,2-7-10-8,2,,3.156697,2A11_4B11,SMU,20,-19,
2-7-10-8,voltage,134.072,RESULT,,,,COSETTE_CPW_W,CENFIRE-INLINE_probe08,,,,,,,2026-09-01 15:34:22,sense2,measure,ohm,2-7-10-8,2,,,2F01_2E12,DMM,20,-19,
1-7-11-8,current,0.00999982,RESULT,,,,COSETTE_CPW_W,CENFIRE-INLINE_probe08,,,,,,,2026-09-01 15:34:27,force1,apply,A,1-7-11-8,1,,0.04212901,2A11_4B11,SMU,20,-27,
1-7-11-8,voltage,0.622228,RESULT,,,,COSETTE_CPW_W,CENFIRE-INLINE_probe08,,,,,,,2026-09-01 15:34:27,sense1,measure,ohm,1-7-11-8,1,,,2F01_2E12,DMM,20,-27,
2-7-11-8,current,0.00999988,RESULT,,,,COSETTE_CPW_W,CENFIRE-INLINE_probe08,,,,,,,2026-09-01 15:34:27,force2,apply,A,2-7-11-8,2,,3.352263,2A11_4B11,SMU,20,-28,
2-7-11-8,voltage,137.425,RESULT,,,,COSETTE_CPW_W,CENFIRE-INLINE_probe08,,,,,,,2026-09-01 15:34:27,sense2,measure,ohm,2-7-11-8,2,,,2F01_2E12,DMM,20,-28,
1-7-12-8,current,0.00999981,RESULT,,,,COSETTE_CPW_W,CENFIRE-INLINE_probe08,,,,,,,2026-09-01 15:34:32,force1,apply,A,1-7-12-8,1,,0.04211084,2A11_4B11,SMU,20,-36,
1-7-12-8,voltage,0.644649,RESULT,,,,COSETTE_CPW_W,CENFIRE-INLINE_probe08,,,,,,,2026-09-01 15:34:32,sense1,measure,ohm,1-7-12-8,1,,,2F01_2E12,DMM,20,-36,
2-7-12-8,current,0.00999987,RESULT,,,,COSETTE_CPW_W,CENFIRE-INLINE_probe08,,,,,,,2026-09-01 15:34:32,force2,apply,A,2-7-12-8,2,,3.750295,2A11_4B11,SMU,20,-37,
2-7-12-8,voltage,142.102,RESULT,,,,COSETTE_CPW_W,CENFIRE-INLINE_probe08,,,,,,,2026-09-01 15:34:32,sense2,measure,ohm,2-7-12-8,2,,,2F01_2E12,DMM,20,-37,
1-7-13-8,current,0.00999982,RESULT,,,,COSETTE_CPW_W,CENFIRE-INLINE_probe08,,,,,,,2026-09-01 15:34:36,force1,apply,A,1-7-13-8,1,,0.04297937,2A11_4B11,SMU,20,-45,
1-7-13-8,voltage,0.670458,RESULT,,,,COSETTE_CPW_W,CENFIRE-INLINE_probe08,,,,,,,2026-09-01 15:34:36,sense1,measure,ohm,1-7-13-8,1,,,2F01_2E12,DMM,20,-45,
2-7-13-8,current,0.00999983,RESULT,,,,COSETTE_CPW_W,CENFIRE-INLINE_probe08,,,,,,,2026-09-01 15:34:36,force2,apply,A,2-7-13-8,2,,4.267477,2A11_4B11,SMU,20,-46,
2-7-13-8,voltage,12.0042,RESULT,,,,COSETTE_CPW_W,CENFIRE-INLINE_probe08,,,,,,,2026-09-01 15:34:36,sense2,measure,ohm,2-7-13-8,2,,,2F01_2E12,DMM,20,-46,
1-7-14-8,current,0.00999982,RESULT,,,,COSETTE_CPW_W,CENFIRE-INLINE_probe08,,,,,,,2026-09-01 15:34:41,force1,apply,A,1-7-14-8,1,,0.04353474,2A11_4B11,SMU,20,-54,
1-7-14-8,voltage,0.699257,RESULT,,,,COSETTE_CPW_W,CENFIRE-INLINE_probe08,,,,,,,2026-09-01 15:34:41,sense1,measure,ohm,1-7-14-8,1,,,2F01_2E12,DMM,20,-54,
2-7-14-8,current,0.00999989,RESULT,,,,COSETTE_CPW_W,CENFIRE-INLINE_probe08,,,,,,,2026-09-01 15:34:41,force2,apply,A,2-7-14-8,2,,3.385265,2A11_4B11,SMU,20,-55,
2-7-14-8,voltage,47.4717,RESULT,,,,COSETTE_CPW_W,CENFIRE-INLINE_probe08,,,,,,,2026-09-01 15:34:41,sense2,measure,ohm,2-7-14-8,2,,,2F01_2E12,DMM,20,-55,
1-7-1-9,current,0.00999983,RESULT,,,,COSETTE_CPW_W,CENFIRE-INLINE_probe08,,,,,,,2026-09-01 15:34:46,force1,apply,A,1-7-1-9,1,,0.04271844,2A11_4B11,SMU,13,63,
1-7-1-9,voltage,0.673239,RESULT,,,,COSETTE_CPW_W,CENFIRE-INLINE_probe08,,,,,,,2026-09-01 15:34:46,sense1,measure,ohm,1-7-1-9,1,,,2F01_2E12,DMM,13,63,
2-7-1-9,current,1.37681e-05,RESULT,,,,COSETTE_CPW_W,CENFIRE-INLINE_probe08,,,,,,,2026-09-01 15:34:46,force2,apply,A,2-7-1-9,2,,7.00039,2A11_4B11,SMU,13,62,
2-7-1-9,voltage,490.584,RESULT,,,,COSETTE_CPW_W,CENFIRE-INLINE_probe08,,,,,,,2026-09-01 15:34:46,sense2,measure,ohm,2-7-1-9,2,,,2F01_2E12,DMM,13,62,
1-7-2-9,current,0.00999982,RESULT,,,,COSETTE_CPW_W,CENFIRE-INLINE_probe08,,,,,,,2026-09-01 15:34:51,force1,apply,A,1-7-2-9,1,,0.04252821,2A11_4B11,SMU,13,54,
1-7-2-9,voltage,0.651282,RESULT,,,,COSETTE_CPW_W,CENFIRE-INLINE_probe08,,,,,,,2026-09-01 15:34:51,sense1,measure,ohm,1-7-2-9,1,,,2F01_2E12,DMM,13,54,
2-7-2-9,current,0.00271471,RESULT,,,,COSETTE_CPW_W,CENFIRE-INLINE_probe08,,,,,,,2026-09-01 15:34:51,force2,apply,A,2-7-2-9,2,,7.000391,2A11_4B11,SMU,13,53,
2-7-2-9,voltage,3.23065,RESULT,,,,COSETTE_CPW_W,CENFIRE-INLINE_probe08,,,,,,,2026-09-01 15:34:51,sense2,measure,ohm,2-7-2-9,2,,,2F01_2E12,DMM,13,53,
1-7-3-9,current,0.00999984,RESULT,,,,COSETTE_CPW_W,CENFIRE-INLINE_probe08,,,,,,,2026-09-01 15:34:56,force1,apply,A,1-7-3-9,1,,0.04203294,2A11_4B11,SMU,13,45,
1-7-3-9,voltage,0.624153,RESULT,,,,COSETTE_CPW_W,CENFIRE-INLINE_probe08,,,,,,,2026-09-01 15:34:56,sense1,measure,ohm,1-7-3-9,1,,,2F01_2E12,DMM,13,45,
2-7-3-9,current,0.00999987,RESULT,,,,COSETTE_CPW_W,CENFIRE-INLINE_probe08,,,,,,,2026-09-01 15:34:56,force2,apply,A,2-7-3-9,2,,3.385021,2A11_4B11,SMU,13,44,
2-7-3-9,voltage,138.379,RESULT,,,,COSETTE_CPW_W,CENFIRE-INLINE_probe08,,,,,,,2026-09-01 15:34:56,sense2,measure,ohm,2-7-3-9,2,,,2F01_2E12,DMM,13,44,
1-7-4-9,current,0.00999982,RESULT,,,,COSETTE_CPW_W,CENFIRE-INLINE_probe08,,,,,,,2026-09-01 15:35:00,force1,apply,A,1-7-4-9,1,,0.04149521,2A11_4B11,SMU,13,36,
1-7-4-9,voltage,0.607383,RESULT,,,,COSETTE_CPW_W,CENFIRE-INLINE_probe08,,,,,,,2026-09-01 15:35:00,sense1,measure,ohm,1-7-4-9,1,,,2F01_2E12,DMM,13,36,
2-7-4-9,current,0.00999987,RESULT,,,,COSETTE_CPW_W,CENFIRE-INLINE_probe08,,,,,,,2026-09-01 15:35:00,force2,apply,A,2-7-4-9,2,,3.17912,2A11_4B11,SMU,13,35,
2-7-4-9,voltage,133.973,RESULT,,,,COSETTE_CPW_W,CENFIRE-INLINE_probe08,,,,,,,2026-09-01 15:35:00,sense2,measure,ohm,2-7-4-9,2,,,2F01_2E12,DMM,13,35,
1-7-5-9,current,0.00999984,RESULT,,,,COSETTE_CPW_W,CENFIRE-INLINE_probe08,,,,,,,2026-09-01 15:35:05,force1,apply,A,1-7-5-9,1,,0.04152598,2A11_4B11,SMU,13,27,
1-7-5-9,voltage,0.603602,RESULT,,,,COSETTE_CPW_W,CENFIRE-INLINE_probe08,,,,,,,2026-09-01 15:35:05,sense1,measure,ohm,1-7-5-9,1,,,2F01_2E12,DMM,13,27,
2-7-5-9,current,0.00999988,RESULT,,,,COSETTE_CPW_W,CENFIRE-INLINE_probe08,,,,,,,2026-09-01 15:35:05,force2,apply,A,2-7-5-9,2,,3.068456,2A11_4B11,SMU,13,26,
2-7-5-9,voltage,135.174,RESULT,,,,COSETTE_CPW_W,CENFIRE-INLINE_probe08,,,,,,,2026-09-01 15:35:05,sense2,measure,ohm,2-7-5-9,2,,,2F01_2E12,DMM,13,26,
1-7-6-9,current,0.00999983,RESULT,,,,COSETTE_CPW_W,CENFIRE-INLINE_probe08,,,,,,,2026-09-01 15:35:10,force1,apply,A,1-7-6-9,1,,0.04198826,2A11_4B11,SMU,13,18,
1-7-6-9,voltage,0.612937,RESULT,,,,COSETTE_CPW_W,CENFIRE-INLINE_probe08,,,,,,,2026-09-01 15:35:10,sense1,measure,ohm,1-7-6-9,1,,,2F01_2E12,DMM,13,18,
2-7-6-9,current,0.00999989,RESULT,,,,COSETTE_CPW_W,CENFIRE-INLINE_probe08,,,,,,,2026-09-01 15:35:10,force2,apply,A,2-7-6-9,2,,3.005851,2A11_4B11,SMU,13,17,
2-7-6-9,voltage,134.612,RESULT,,,,COSETTE_CPW_W,CENFIRE-INLINE_probe08,,,,,,,2026-09-01 15:35:10,sense2,measure,ohm,2-7-6-9,2,,,2F01_2E12,DMM,13,17,
1-7-7-9,current,0.00999982,RESULT,,,,COSETTE_CPW_W,CENFIRE-INLINE_probe08,,,,,,,2026-09-01 15:35:14,force1,apply,A,1-7-7-9,1,,0.04209935,2A11_4B11,SMU,13,9,
1-7-7-9,voltage,0.624463,RESULT,,,,COSETTE_CPW_W,CENFIRE-INLINE_probe08,,,,,,,2026-09-01 15:35:14,sense1,measure,ohm,1-7-7-9,1,,,2F01_2E12,DMM,13,9,
2-7-7-9,current,0.00999989,RESULT,,,,COSETTE_CPW_W,CENFIRE-INLINE_probe08,,,,,,,2026-09-01 15:35:14,force2,apply,A,2-7-7-9,2,,2.994982,2A11_4B11,SMU,13,8,
2-7-7-9,voltage,132.609,RESULT,,,,COSETTE_CPW_W,CENFIRE-INLINE_probe08,,,,,,,2026-09-01 15:35:14,sense2,measure,ohm,2-7-7-9,2,,,2F01_2E12,DMM,13,8,
1-7-8-9,current,0.00999983,RESULT,,,,COSETTE_CPW_W,CENFIRE-INLINE_probe08,,,,,,,2026-09-01 15:35:19,force1,apply,A,1-7-8-9,1,,0.04236481,2A11_4B11,SMU,13,0,
1-7-8-9,voltage,0.626931,RESULT,,,,COSETTE_CPW_W,CENFIRE-INLINE_probe08,,,,,,,2026-09-01 15:35:19,sense1,measure,ohm,1-7-8-9,1,,,2F01_2E12,DMM,13,0,
2-7-8-9,current,0.00999988,RESULT,,,,COSETTE_CPW_W,CENFIRE-INLINE_probe08,,,,,,,2026-09-01 15:35:19,force2,apply,A,2-7-8-9,2,,3.047494,2A11_4B11,SMU,13,-1,
2-7-8-9,voltage,132.106,RESULT,,,,COSETTE_CPW_W,CENFIRE-INLINE_probe08,,,,,,,2026-09-01 15:35:19,sense2,measure,ohm,2-7-8-9,2,,,2F01_2E12,DMM,13,-1,
1-7-9-9,current,0.00999982,RESULT,,,,COSETTE_CPW_W,CENFIRE-INLINE_probe08,,,,,,,2026-09-01 15:35:24,force1,apply,A,1-7-9-9,1,,0.04192968,2A11_4B11,SMU,13,-9,
1-7-9-9,voltage,0.613889,RESULT,,,,COSETTE_CPW_W,CENFIRE-INLINE_probe08,,,,,,,2026-09-01 15:35:24,sense1,measure,ohm,1-7-9-9,1,,,2F01_2E12,DMM,13,-9,
2-7-9-9,current,0.00999989,RESULT,,,,COSETTE_CPW_W,CENFIRE-INLINE_probe08,,,,,,,2026-09-01 15:35:24,force2,apply,A,2-7-9-9,2,,3.054587,2A11_4B11,SMU,13,-10,
2-7-9-9,voltage,131.899,RESULT,,,,COSETTE_CPW_W,CENFIRE-INLINE_probe08,,,,,,,2026-09-01 15:35:24,sense2,measure,ohm,2-7-9-9,2,,,2F01_2E12,DMM,13,-10,
1-7-10-9,current,0.00999981,RESULT,,,,COSETTE_CPW_W,CENFIRE-INLINE_probe08,,,,,,,2026-09-01 15:35:28,force1,apply,A,1-7-10-9,1,,0.04195986,2A11_4B11,SMU,13,-18,
1-7-10-9,voltage,0.608826,RESULT,,,,COSETTE_CPW_W,CENFIRE-INLINE_probe08,,,,,,,2026-09-01 15:35:28,sense1,measure,ohm,1-7-10-9,1,,,2F01_2E12,DMM,13,-18,
2-7-10-9,current,0.00999987,RESULT,,,,COSETTE_CPW_W,CENFIRE-INLINE_probe08,,,,,,,2026-09-01 15:35:28,force2,apply,A,2-7-10-9,2,,3.163205,2A11_4B11,SMU,13,-19,
2-7-10-9,voltage,136.175,RESULT,,,,COSETTE_CPW_W,CENFIRE-INLINE_probe08,,,,,,,2026-09-01 15:35:28,sense2,measure,ohm,2-7-10-9,2,,,2F01_2E12,DMM,13,-19,
1-7-11-9,current,0.00999981,RESULT,,,,COSETTE_CPW_W,CENFIRE-INLINE_probe08,,,,,,,2026-09-01 15:35:33,force1,apply,A,1-7-11-9,1,,0.04143304,2A11_4B11,SMU,13,-27,
1-7-11-9,voltage,0.61521,RESULT,,,,COSETTE_CPW_W,CENFIRE-INLINE_probe08,,,,,,,2026-09-01 15:35:33,sense1,measure,ohm,1-7-11-9,1,,,2F01_2E12,DMM,13,-27,
2-7-11-9,current,0.00999988,RESULT,,,,COSETTE_CPW_W,CENFIRE-INLINE_probe08,,,,,,,2026-09-01 15:35:33,force2,apply,A,2-7-11-9,2,,3.295783,2A11_4B11,SMU,13,-28,
2-7-11-9,voltage,134.73,RESULT,,,,COSETTE_CPW_W,CENFIRE-INLINE_probe08,,,,,,,2026-09-01 15:35:33,sense2,measure,ohm,2-7-11-9,2,,,2F01_2E12,DMM,13,-28,
1-7-12-9,current,0.00999982,RESULT,,,,COSETTE_CPW_W,CENFIRE-INLINE_probe08,,,,,,,2026-09-01 15:35:38,force1,apply,A,1-7-12-9,1,,0.04208481,2A11_4B11,SMU,13,-36,
1-7-12-9,voltage,0.637906,RESULT,,,,COSETTE_CPW_W,CENFIRE-INLINE_probe08,,,,,,,2026-09-01 15:35:38,sense1,measure,ohm,1-7-12-9,1,,,2F01_2E12,DMM,13,-36,
2-7-12-9,current,0.00999987,RESULT,,,,COSETTE_CPW_W,CENFIRE-INLINE_probe08,,,,,,,2026-09-01 15:35:38,force2,apply,A,2-7-12-9,2,,3.577526,2A11_4B11,SMU,13,-37,
2-7-12-9,voltage,139.889,RESULT,,,,COSETTE_CPW_W,CENFIRE-INLINE_probe08,,,,,,,2026-09-01 15:35:38,sense2,measure,ohm,2-7-12-9,2,,,2F01_2E12,DMM,13,-37,
1-7-13-9,current,0.00999982,RESULT,,,,COSETTE_CPW_W,CENFIRE-INLINE_probe08,,,,,,,2026-09-01 15:35:42,force1,apply,A,1-7-13-9,1,,0.04214558,2A11_4B11,SMU,13,-45,
1-7-13-9,voltage,0.659542,RESULT,,,,COSETTE_CPW_W,CENFIRE-INLINE_probe08,,,,,,,2026-09-01 15:35:42,sense1,measure,ohm,1-7-13-9,1,,,2F01_2E12,DMM,13,-45,
2-7-13-9,current,0.00999986,RESULT,,,,COSETTE_CPW_W,CENFIRE-INLINE_probe08,,,,,,,2026-09-01 15:35:42,force2,apply,A,2-7-13-9,2,,3.900609,2A11_4B11,SMU,13,-46,
2-7-13-9,voltage,0.226061,RESULT,,,,COSETTE_CPW_W,CENFIRE-INLINE_probe08,,,,,,,2026-09-01 15:35:42,sense2,measure,ohm,2-7-13-9,2,,,2F01_2E12,DMM,13,-46,
1-7-14-9,current,0.00999982,RESULT,,,,COSETTE_CPW_W,CENFIRE-INLINE_probe08,,,,,,,2026-09-01 15:35:47,force1,apply,A,1-7-14-9,1,,0.04323468,2A11_4B11,SMU,13,-54,
1-7-14-9,voltage,0.692348,RESULT,,,,COSETTE_CPW_W,CENFIRE-INLINE_probe08,,,,,,,2026-09-01 15:35:47,sense1,measure,ohm,1-7-14-9,1,,,2F01_2E12,DMM,13,-54,
2-7-14-9,current,0.0099999,RESULT,,,,COSETTE_CPW_W,CENFIRE-INLINE_probe08,,,,,,,2026-09-01 15:35:47,force2,apply,A,2-7-14-9,2,,3.169411,2A11_4B11,SMU,13,-55,
2-7-14-9,voltage,147.736,RESULT,,,,COSETTE_CPW_W,CENFIRE-INLINE_probe08,,,,,,,2026-09-01 15:35:47,sense2,measure,ohm,2-7-14-9,2,,,2F01_2E12,DMM,13,-55,
1-7-1-10,current,0.00999983,RESULT,,,,COSETTE_CPW_W,CENFIRE-INLINE_probe08,,,,,,,2026-09-01 15:35:52,force1,apply,A,1-7-1-10,1,,0.04260041,2A11_4B11,SMU,6,63,
1-7-1-10,voltage,0.666525,RESULT,,,,COSETTE_CPW_W,CENFIRE-INLINE_probe08,,,,,,,2026-09-01 15:35:52,sense1,measure,ohm,1-7-1-10,1,,,2F01_2E12,DMM,6,63,
2-7-1-10,current,1.06197e-05,RESULT,,,,COSETTE_CPW_W,CENFIRE-INLINE_probe08,,,,,,,2026-09-01 15:35:52,force2,apply,A,2-7-1-10,2,,7.000383,2A11_4B11,SMU,6,62,
2-7-1-10,voltage,604.969,RESULT,,,,COSETTE_CPW_W,CENFIRE-INLINE_probe08,,,,,,,2026-09-01 15:35:52,sense2,measure,ohm,2-7-1-10,2,,,2F01_2E12,DMM,6,62,
1-7-2-10,current,0.00999981,RESULT,,,,COSETTE_CPW_W,CENFIRE-INLINE_probe08,,,,,,,2026-09-01 15:35:57,force1,apply,A,1-7-2-10,1,,0.04252058,2A11_4B11,SMU,6,54,
1-7-2-10,voltage,0.646599,RESULT,,,,COSETTE_CPW_W,CENFIRE-INLINE_probe08,,,,,,,2026-09-01 15:35:57,sense1,measure,ohm,1-7-2-10,1,,,2F01_2E12,DMM,6,54,
2-7-2-10,current,0.00999983,RESULT,,,,COSETTE_CPW_W,CENFIRE-INLINE_probe08,,,,,,,2026-09-01 15:35:57,force2,apply,A,2-7-2-10,2,,5.631546,2A11_4B11,SMU,6,53,
2-7-2-10,voltage,0.82037,RESULT,,,,COSETTE_CPW_W,CENFIRE-INLINE_probe08,,,,,,,2026-09-01 15:35:57,sense2,measure,ohm,2-7-2-10,2,,,2F01_2E12,DMM,6,53,
1-7-3-10,current,0.00999983,RESULT,,,,COSETTE_CPW_W,CENFIRE-INLINE_probe08,,,,,,,2026-09-01 15:36:02,force1,apply,A,1-7-3-10,1,,0.04181838,2A11_4B11,SMU,6,45,
1-7-3-10,voltage,0.623724,RESULT,,,,COSETTE_CPW_W,CENFIRE-INLINE_probe08,,,,,,,2026-09-01 15:36:02,sense1,measure,ohm,1-7-3-10,1,,,2F01_2E12,DMM,6,45,
2-7-3-10,current,0.00999987,RESULT,,,,COSETTE_CPW_W,CENFIRE-INLINE_probe08,,,,,,,2026-09-01 15:36:02,force2,apply,A,2-7-3-10,2,,3.487736,2A11_4B11,SMU,6,44,
2-7-3-10,voltage,0.746445,RESULT,,,,COSETTE_CPW_W,CENFIRE-INLINE_probe08,,,,,,,2026-09-01 15:36:02,sense2,measure,ohm,2-7-3-10,2,,,2F01_2E12,DMM,6,44,
1-7-4-10,current,0.00999982,RESULT,,,,COSETTE_CPW_W,CENFIRE-INLINE_probe08,,,,,,,2026-09-01 15:36:06,force1,apply,A,1-7-4-10,1,,0.04187252,2A11_4B11,SMU,6,36,
1-7-4-10,voltage,0.607872,RESULT,,,,COSETTE_CPW_W,CENFIRE-INLINE_probe08,,,,,,,2026-09-01 15:36:06,sense1,measure,ohm,1-7-4-10,1,,,2F01_2E12,DMM,6,36,
2-7-4-10,current,0.00999987,RESULT,,,,COSETTE_CPW_W,CENFIRE-INLINE_probe08,,,,,,,2026-09-01 15:36:06,force2,apply,A,2-7-4-10,2,,3.208329,2A11_4B11,SMU,6,35,
2-7-4-10,voltage,134.548,RESULT,,,,COSETTE_CPW_W,CENFIRE-INLINE_probe08,,,,,,,2026-09-01 15:36:06,sense2,measure,ohm,2-7-4-10,2,,,2F01_2E12,DMM,6,35,
1-7-5-10,current,0.00999981,RESULT,,,,COSETTE_CPW_W,CENFIRE-INLINE_probe08,,,,,,,2026-09-01 15:36:11,force1,apply,A,1-7-5-10,1,,0.04148831,2A11_4B11,SMU,6,27,
1-7-5-10,voltage,0.603864,RESULT,,,,COSETTE_CPW_W,CENFIRE-INLINE_probe08,,,,,,,2026-09-01 15:36:11,sense1,measure,ohm,1-7-5-10,1,,,2F01_2E12,DMM,6,27,
2-7-5-10,current,0.00999988,RESULT,,,,COSETTE_CPW_W,CENFIRE-INLINE_probe08,,,,,,,2026-09-01 15:36:11,force2,apply,A,2-7-5-10,2,,3.027203,2A11_4B11,SMU,6,26,
2-7-5-10,voltage,132.813,RESULT,,,,COSETTE_CPW_W,CENFIRE-INLINE_probe08,,,,,,,2026-09-01 15:36:11,sense2,measure,ohm,2-7-5-10,2,,,2F01_2E12,DMM,6,26,
1-7-6-10,current,0.00999982,RESULT,,,,COSETTE_CPW_W,CENFIRE-INLINE_probe08,,,,,,,2026-09-01 15:36:16,force1,apply,A,1-7-6-10,1,,0.04200408,2A11_4B11,SMU,6,18,
1-7-6-10,voltage,0.619193,RESULT,,,,COSETTE_CPW_W,CENFIRE-INLINE_probe08,,,,,,,2026-09-01 15:36:16,sense1,measure,ohm,1-7-6-10,1,,,2F01_2E12,DMM,6,18,
2-7-6-10,current,0.00999988,RESULT,,,,COSETTE_CPW_W,CENFIRE-INLINE_probe08,,,,,,,2026-09-01 15:36:16,force2,apply,A,2-7-6-10,2,,2.909643,2A11_4B11,SMU,6,17,
2-7-6-10,voltage,132.42,RESULT,,,,COSETTE_CPW_W,CENFIRE-INLINE_probe08,,,,,,,2026-09-01 15:36:16,sense2,measure,ohm,2-7-6-10,2,,,2F01_2E12,DMM,6,17,
1-7-7-10,current,0.00999983,RESULT,,,,COSETTE_CPW_W,CENFIRE-INLINE_probe08,,,,,,,2026-09-01 15:36:20,force1,apply,A,1-7-7-10,1,,0.04253359,2A11_4B11,SMU,6,9,
1-7-7-10,voltage,0.639611,RESULT,,,,COSETTE_CPW_W,CENFIRE-INLINE_probe08,,,,,,,2026-09-01 15:36:20,sense1,measure,ohm,1-7-7-10,1,,,2F01_2E12,DMM,6,9,
2-7-7-10,current,0.00999988,RESULT,,,,COSETTE_CPW_W,CENFIRE-INLINE_probe08,,,,,,,2026-09-01 15:36:20,force2,apply,A,2-7-7-10,2,,2.895926,2A11_4B11,SMU,6,8,
2-7-7-10,voltage,132.668,RESULT,,,,COSETTE_CPW_W,CENFIRE-INLINE_probe08,,,,,,,2026-09-01 15:36:20,sense2,measure,ohm,2-7-7-10,2,,,2F01_2E12,DMM,6,8,
1-7-8-10,current,0.00999982,RESULT,,,,COSETTE_CPW_W,CENFIRE-INLINE_probe08,,,,,,,2026-09-01 15:36:25,force1,apply,A,1-7-8-10,1,,0.04248552,2A11_4B11,SMU,6,0,
1-7-8-10,voltage,0.635814,RESULT,,,,COSETTE_CPW_W,CENFIRE-INLINE_probe08,,,,,,,2026-09-01 15:36:25,sense1,measure,ohm,1-7-8-10,1,,,2F01_2E12,DMM,6,0,
2-7-8-10,current,0.00999988,RESULT,,,,COSETTE_CPW_W,CENFIRE-INLINE_probe08,,,,,,,2026-09-01 15:36:25,force2,apply,A,2-7-8-10,2,,2.959939,2A11_4B11,SMU,6,-1,
2-7-8-10,voltage,133.637,RESULT,,,,COSETTE_CPW_W,CENFIRE-INLINE_probe08,,,,,,,2026-09-01 15:36:25,sense2,measure,ohm,2-7-8-10,2,,,2F01_2E12,DMM,6,-1,
1-7-9-10,current,0.00999982,RESULT,,,,COSETTE_CPW_W,CENFIRE-INLINE_probe08,,,,,,,2026-09-01 15:36:30,force1,apply,A,1-7-9-10,1,,0.04186238,2A11_4B11,SMU,6,-9,
1-7-9-10,voltage,0.621588,RESULT,,,,COSETTE_CPW_W,CENFIRE-INLINE_probe08,,,,,,,2026-09-01 15:36:30,sense1,measure,ohm,1-7-9-10,1,,,2F01_2E12,DMM,6,-9,
2-7-9-10,current,0.00999988,RESULT,,,,COSETTE_CPW_W,CENFIRE-INLINE_probe08,,,,,,,2026-09-01 15:36:30,force2,apply,A,2-7-9-10,2,,3.016292,2A11_4B11,SMU,6,-10,
2-7-9-10,voltage,133.101,RESULT,,,,COSETTE_CPW_W,CENFIRE-INLINE_probe08,,,,,,,2026-09-01 15:36:30,sense2,measure,ohm,2-7-9-10,2,,,2F01_2E12,DMM,6,-10,
1-7-10-10,current,0.00999982,RESULT,,,,COSETTE_CPW_W,CENFIRE-INLINE_probe08,,,,,,,2026-09-01 15:36:34,force1,apply,A,1-7-10-10,1,,0.04196188,2A11_4B11,SMU,6,-18,
1-7-10-10,voltage,0.608334,RESULT,,,,COSETTE_CPW_W,CENFIRE-INLINE_probe08,,,,,,,2026-09-01 15:36:34,sense1,measure,ohm,1-7-10-10,1,,,2F01_2E12,DMM,6,-18,
2-7-10-10,current,0.00999989,RESULT,,,,COSETTE_CPW_W,CENFIRE-INLINE_probe08,,,,,,,2026-09-01 15:36:34,force2,apply,A,2-7-10-10,2,,3.132571,2A11_4B11,SMU,6,-19,
2-7-10-10,voltage,131.556,RESULT,,,,COSETTE_CPW_W,CENFIRE-INLINE_probe08,,,,,,,2026-09-01 15:36:34,sense2,measure,ohm,2-7-10-10,2,,,2F01_2E12,DMM,6,-19,
1-7-11-10,current,0.00999983,RESULT,,,,COSETTE_CPW_W,CENFIRE-INLINE_probe08,,,,,,,2026-09-01 15:36:39,force1,apply,A,1-7-11-10,1,,0.04155073,2A11_4B11,SMU,6,-27,
1-7-11-10,voltage,0.610183,RESULT,,,,COSETTE_CPW_W,CENFIRE-INLINE_probe08,,,,,,,2026-09-01 15:36:39,sense1,measure,ohm,1-7-11-10,1,,,2F01_2E12,DMM,6,-27,
2-7-11-10,current,0.00999988,RESULT,,,,COSETTE_CPW_W,CENFIRE-INLINE_probe08,,,,,,,2026-09-01 15:36:39,force2,apply,A,2-7-11-10,2,,3.240954,2A11_4B11,SMU,6,-28,
2-7-11-10,voltage,136.641,RESULT,,,,COSETTE_CPW_W,CENFIRE-INLINE_probe08,,,,,,,2026-09-01 15:36:39,sense2,measure,ohm,2-7-11-10,2,,,2F01_2E12,DMM,6,-28,
1-7-12-10,current,0.00999982,RESULT,,,,COSETTE_CPW_W,CENFIRE-INLINE_probe08,,,,,,,2026-09-01 15:36:44,force1,apply,A,1-7-12-10,1,,0.04155026,2A11_4B11,SMU,6,-36,
1-7-12-10,voltage,0.630064,RESULT,,,,COSETTE_CPW_W,CENFIRE-INLINE_probe08,,,,,,,2026-09-01 15:36:44,sense1,measure,ohm,1-7-12-10,1,,,2F01_2E12,DMM,6,-36,
2-7-12-10,current,0.00999989,RESULT,,,,COSETTE_CPW_W,CENFIRE-INLINE_probe08,,,,,,,2026-09-01 15:36:44,force2,apply,A,2-7-12-10,2,,3.424931,2A11_4B11,SMU,6,-37,
2-7-12-10,voltage,139.188,RESULT,,,,COSETTE_CPW_W,CENFIRE-INLINE_probe08,,,,,,,2026-09-01 15:36:44,sense2,measure,ohm,2-7-12-10,2,,,2F01_2E12,DMM,6,-37,
1-7-13-10,current,0.00999983,RESULT,,,,COSETTE_CPW_W,CENFIRE-INLINE_probe08,,,,,,,2026-09-01 15:36:48,force1,apply,A,1-7-13-10,1,,0.04193336,2A11_4B11,SMU,6,-45,
1-7-13-10,voltage,0.65854,RESULT,,,,COSETTE_CPW_W,CENFIRE-INLINE_probe08,,,,,,,2026-09-01 15:36:48,sense1,measure,ohm,1-7-13-10,1,,,2F01_2E12,DMM,6,-45,
2-7-13-10,current,0.000398213,RESULT,,,,COSETTE_CPW_W,CENFIRE-INLINE_probe08,,,,,,,2026-09-01 15:36:48,force2,apply,A,2-7-13-10,2,,7.000401,2A11_4B11,SMU,6,-46,
2-7-13-10,voltage,101.709,RESULT,,,,COSETTE_CPW_W,CENFIRE-INLINE_probe08,,,,,,,2026-09-01 15:36:48,sense2,measure,ohm,2-7-13-10,2,,,2F01_2E12,DMM,6,-46,
1-7-14-10,current,0.00999982,RESULT,,,,COSETTE_CPW_W,CENFIRE-INLINE_probe08,,,,,,,2026-09-01 15:36:53,force1,apply,A,1-7-14-10,1,,0.04263898,2A11_4B11,SMU,6,-54,
1-7-14-10,voltage,0.681795,RESULT,,,,COSETTE_CPW_W,CENFIRE-INLINE_probe08,,,,,,,2026-09-01 15:36:53,sense1,measure,ohm,1-7-14-10,1,,,2F01_2E12,DMM,6,-54,
2-7-14-10,current,0.00999988,RESULT,,,,COSETTE_CPW_W,CENFIRE-INLINE_probe08,,,,,,,2026-09-01 15:36:53,force2,apply,A,2-7-14-10,2,,3.566774,2A11_4B11,SMU,6,-55,
2-7-14-10,voltage,147.343,RESULT,,,,COSETTE_CPW_W,CENFIRE-INLINE_probe08,,,,,,,2026-09-01 15:36:53,sense2,measure,ohm,2-7-14-10,2,,,2F01_2E12,DMM,6,-55,
1-7-15-10,current,0.00999982,RESULT,,,,COSETTE_CPW_W,CENFIRE-INLINE_probe08,,,,,,,2026-09-01 15:36:58,force1,apply,A,1-7-15-10,1,,0.04787174,2A11_4B11,SMU,6,-63,
1-7-15-10,voltage,0.8455,RESULT,,,,COSETTE_CPW_W,CENFIRE-INLINE_probe08,,,,,,,2026-09-01 15:36:58,sense1,measure,ohm,1-7-15-10,1,,,2F01_2E12,DMM,6,-63,
1-7-1-11,current,0.00999982,RESULT,,,,COSETTE_CPW_W,CENFIRE-INLINE_probe08,,,,,,,2026-09-01 15:37:01,force1,apply,A,1-7-1-11,1,,0.04336836,2A11_4B11,SMU,-1,63,
1-7-1-11,voltage,0.681293,RESULT,,,,COSETTE_CPW_W,CENFIRE-INLINE_probe08,,,,,,,2026-09-01 15:37:01,sense1,measure,ohm,1-7-1-11,1,,,2F01_2E12,DMM,-1,63,
2-7-1-11,current,0.00999986,RESULT,,,,COSETTE_CPW_W,CENFIRE-INLINE_probe08,,,,,,,2026-09-01 15:37:01,force2,apply,A,2-7-1-11,2,,3.931415,2A11_4B11,SMU,-1,62,
2-7-1-11,voltage,0.132585,RESULT,,,,COSETTE_CPW_W,CENFIRE-INLINE_probe08,,,,,,,2026-09-01 15:37:01,sense2,measure,ohm,2-7-1-11,2,,,2F01_2E12,DMM,-1,62,
1-7-2-11,current,0.00999982,RESULT,,,,COSETTE_CPW_W,CENFIRE-INLINE_probe08,,,,,,,2026-09-01 15:37:06,force1,apply,A,1-7-2-11,1,,0.04248493,2A11_4B11,SMU,-1,54,
1-7-2-11,voltage,0.660318,RESULT,,,,COSETTE_CPW_W,CENFIRE-INLINE_probe08,,,,,,,2026-09-01 15:37:06,sense1,measure,ohm,1-7-2-11,1,,,2F01_2E12,DMM,-1,54,
2-7-2-11,current,0.00999984,RESULT,,,,COSETTE_CPW_W,CENFIRE-INLINE_probe08,,,,,,,2026-09-01 15:37:06,force2,apply,A,2-7-2-11,2,,5.295584,2A11_4B11,SMU,-1,53,
2-7-2-11,voltage,0.979156,RESULT,,,,COSETTE_CPW_W,CENFIRE-INLINE_probe08,,,,,,,2026-09-01 15:37:06,sense2,measure,ohm,2-7-2-11,2,,,2F01_2E12,DMM,-1,53,
1-7-3-11,current,0.00999983,RESULT,,,,COSETTE_CPW_W,CENFIRE-INLINE_probe08,,,,,,,2026-09-01 15:37:10,force1,apply,A,1-7-3-11,1,,0.04183303,2A11_4B11,SMU,-1,45,
1-7-3-11,voltage,0.618705,RESULT,,,,COSETTE_CPW_W,CENFIRE-INLINE_probe08,,,,,,,2026-09-01 15:37:10,sense1,measure,ohm,1-7-3-11,1,,,2F01_2E12,DMM,-1,45,
2-7-3-11,current,0.00999988,RESULT,,,,COSETTE_CPW_W,CENFIRE-INLINE_probe08,,,,,,,2026-09-01 15:37:10,force2,apply,A,2-7-3-11,2,,3.498957,2A11_4B11,SMU,-1,44,
2-7-3-11,voltage,0.890932,RESULT,,,,COSETTE_CPW_W,CENFIRE-INLINE_probe08,,,,,,,2026-09-01 15:37:10,sense2,measure,ohm,2-7-3-11,2,,,2F01_2E12,DMM,-1,44,
1-7-4-11,current,0.00999981,RESULT,,,,COSETTE_CPW_W,CENFIRE-INLINE_probe08,,,,,,,2026-09-01 15:37:15,force1,apply,A,1-7-4-11,1,,0.04162683,2A11_4B11,SMU,-1,36,
1-7-4-11,voltage,0.60642,RESULT,,,,COSETTE_CPW_W,CENFIRE-INLINE_probe08,,,,,,,2026-09-01 15:37:15,sense1,measure,ohm,1-7-4-11,1,,,2F01_2E12,DMM,-1,36,
2-7-4-11,current,0.00999988,RESULT,,,,COSETTE_CPW_W,CENFIRE-INLINE_probe08,,,,,,,2026-09-01 15:37:15,force2,apply,A,2-7-4-11,2,,3.186772,2A11_4B11,SMU,-1,35,
2-7-4-11,voltage,135.27,RESULT,,,,COSETTE_CPW_W,CENFIRE-INLINE_probe08,,,,,,,2026-09-01 15:37:15,sense2,measure,ohm,2-7-4-11,2,,,2F01_2E12,DMM,-1,35,
1-7-5-11,current,0.00999983,RESULT,,,,COSETTE_CPW_W,CENFIRE-INLINE_probe08,,,,,,,2026-09-01 15:37:20,force1,apply,A,1-7-5-11,1,,0.04151123,2A11_4B11,SMU,-1,27,
1-7-5-11,voltage,0.60558,RESULT,,,,COSETTE_CPW_W,CENFIRE-INLINE_probe08,,,,,,,2026-09-01 15:37:20,sense1,measure,ohm,1-7-5-11,1,,,2F01_2E12,DMM,-1,27,
2-7-5-11,current,0.00999987,RESULT,,,,COSETTE_CPW_W,CENFIRE-INLINE_probe08,,,,,,,2026-09-01 15:37:20,force2,apply,A,2-7-5-11,2,,3.049361,2A11_4B11,SMU,-1,26,
2-7-5-11,voltage,133.907,RESULT,,,,COSETTE_CPW_W,CENFIRE-INLINE_probe08,,,,,,,2026-09-01 15:37:20,sense2,measure,ohm,2-7-5-11,2,,,2F01_2E12,DMM,-1,26,
1-7-6-11,current,0.00999983,RESULT,,,,COSETTE_CPW_W,CENFIRE-INLINE_probe08,,,,,,,2026-09-01 15:37:24,force1,apply,A,1-7-6-11,1,,0.04248496,2A11_4B11,SMU,-1,18,
1-7-6-11,voltage,0.621748,RESULT,,,,COSETTE_CPW_W,CENFIRE-INLINE_probe08,,,,,,,2026-09-01 15:37:24,sense1,measure,ohm,1-7-6-11,1,,,2F01_2E12,DMM,-1,18,
2-7-6-11,current,0.00999989,RESULT,,,,COSETTE_CPW_W,CENFIRE-INLINE_probe08,,,,,,,2026-09-01 15:37:24,force2,apply,A,2-7-6-11,2,,3.004397,2A11_4B11,SMU,-1,17,
2-7-6-11,voltage,132.472,RESULT,,,,COSETTE_CPW_W,CENFIRE-INLINE_probe08,,,,,,,2026-09-01 15:37:24,sense2,measure,ohm,2-7-6-11,2,,,2F01_2E12,DMM,-1,17,
1-7-7-11,current,0.00999983,RESULT,,,,COSETTE_CPW_W,CENFIRE-INLINE_probe08,,,,,,,2026-09-01 15:37:29,force1,apply,A,1-7-7-11,1,,0.04308828,2A11_4B11,SMU,-1,9,
1-7-7-11,voltage,0.634276,RESULT,,,,COSETTE_CPW_W,CENFIRE-INLINE_probe08,,,,,,,2026-09-01 15:37:29,sense1,measure,ohm,1-7-7-11,1,,,2F01_2E12,DMM,-1,9,
2-7-7-11,current,0.00999989,RESULT,,,,COSETTE_CPW_W,CENFIRE-INLINE_probe08,,,,,,,2026-09-01 15:37:29,force2,apply,A,2-7-7-11,2,,2.974956,2A11_4B11,SMU,-1,8,
2-7-7-11,voltage,132.566,RESULT,,,,COSETTE_CPW_W,CENFIRE-INLINE_probe08,,,,,,,2026-09-01 15:37:29,sense2,measure,ohm,2-7-7-11,2,,,2F01_2E12,DMM,-1,8,
1-7-8-11,current,0.00999982,RESULT,,,,COSETTE_CPW_W,CENFIRE-INLINE_probe08,,,,,,,2026-09-01 15:37:34,force1,apply,A,1-7-8-11,1,,0.04286758,2A11_4B11,SMU,-1,0,
1-7-8-11,voltage,0.636763,RESULT,,,,COSETTE_CPW_W,CENFIRE-INLINE_probe08,,,,,,,2026-09-01 15:37:34,sense1,measure,ohm,1-7-8-11,1,,,2F01_2E12,DMM,-1,0,
2-7-8-11,current,0.00999989,RESULT,,,,COSETTE_CPW_W,CENFIRE-INLINE_probe08,,,,,,,2026-09-01 15:37:34,force2,apply,A,2-7-8-11,2,,2.931596,2A11_4B11,SMU,-1,-1,
2-7-8-11,voltage,129.844,RESULT,,,,COSETTE_CPW_W,CENFIRE-INLINE_probe08,,,,,,,2026-09-01 15:37:34,sense2,measure,ohm,2-7-8-11,2,,,2F01_2E12,DMM,-1,-1,
1-7-9-11,current,0.00999983,RESULT,,,,COSETTE_CPW_W,CENFIRE-INLINE_probe08,,,,,,,2026-09-01 15:37:38,force1,apply,A,1-7-9-11,1,,0.04231089,2A11_4B11,SMU,-1,-9,
1-7-9-11,voltage,0.623131,RESULT,,,,COSETTE_CPW_W,CENFIRE-INLINE_probe08,,,,,,,2026-09-01 15:37:38,sense1,measure,ohm,1-7-9-11,1,,,2F01_2E12,DMM,-1,-9,
2-7-9-11,current,0.00999988,RESULT,,,,COSETTE_CPW_W,CENFIRE-INLINE_probe08,,,,,,,2026-09-01 15:37:38,force2,apply,A,2-7-9-11,2,,3.054899,2A11_4B11,SMU,-1,-10,
2-7-9-11,voltage,127.949,RESULT,,,,COSETTE_CPW_W,CENFIRE-INLINE_probe08,,,,,,,2026-09-01 15:37:38,sense2,measure,ohm,2-7-9-11,2,,,2F01_2E12,DMM,-1,-10,
1-7-10-11,current,0.00999982,RESULT,,,,COSETTE_CPW_W,CENFIRE-INLINE_probe08,,,,,,,2026-09-01 15:37:43,force1,apply,A,1-7-10-11,1,,0.0415334,2A11_4B11,SMU,-1,-18,
1-7-10-11,voltage,0.605706,RESULT,,,,COSETTE_CPW_W,CENFIRE-INLINE_probe08,,,,,,,2026-09-01 15:37:43,sense1,measure,ohm,1-7-10-11,1,,,2F01_2E12,DMM,-1,-18,
2-7-10-11,current,0.00999988,RESULT,,,,COSETTE_CPW_W,CENFIRE-INLINE_probe08,,,,,,,2026-09-01 15:37:43,force2,apply,A,2-7-10-11,2,,3.112978,2A11_4B11,SMU,-1,-19,
2-7-10-11,voltage,133.679,RESULT,,,,COSETTE_CPW_W,CENFIRE-INLINE_probe08,,,,,,,2026-09-01 15:37:43,sense2,measure,ohm,2-7-10-11,2,,,2F01_2E12,DMM,-1,-19,
1-7-11-11,current,0.00999982,RESULT,,,,COSETTE_CPW_W,CENFIRE-INLINE_probe08,,,,,,,2026-09-01 15:37:48,force1,apply,A,1-7-11-11,1,,0.04130997,2A11_4B11,SMU,-1,-27,
1-7-11-11,voltage,0.607377,RESULT,,,,COSETTE_CPW_W,CENFIRE-INLINE_probe08,,,,,,,2026-09-01 15:37:48,sense1,measure,ohm,1-7-11-11,1,,,2F01_2E12,DMM,-1,-27,
2-7-11-11,current,0.00999988,RESULT,,,,COSETTE_CPW_W,CENFIRE-INLINE_probe08,,,,,,,2026-09-01 15:37:48,force2,apply,A,2-7-11-11,2,,3.215894,2A11_4B11,SMU,-1,-28,
2-7-11-11,voltage,135.253,RESULT,,,,COSETTE_CPW_W,CENFIRE-INLINE_probe08,,,,,,,2026-09-01 15:37:48,sense2,measure,ohm,2-7-11-11,2,,,2F01_2E12,DMM,-1,-28,
1-7-12-11,current,0.00999983,RESULT,,,,COSETTE_CPW_W,CENFIRE-INLINE_probe08,,,,,,,2026-09-01 15:37:52,force1,apply,A,1-7-12-11,1,,0.04169593,2A11_4B11,SMU,-1,-36,
1-7-12-11,voltage,0.628492,RESULT,,,,COSETTE_CPW_W,CENFIRE-INLINE_probe08,,,,,,,2026-09-01 15:37:52,sense1,measure,ohm,1-7-12-11,1,,,2F01_2E12,DMM,-1,-36,
2-7-12-11,current,0.00999988,RESULT,,,,COSETTE_CPW_W,CENFIRE-INLINE_probe08,,,,,,,2026-09-01 15:37:52,force2,apply,A,2-7-12-11,2,,3.358934,2A11_4B11,SMU,-1,-37,
2-7-12-11,voltage,139.166,RESULT,,,,COSETTE_CPW_W,CENFIRE-INLINE_probe08,,,,,,,2026-09-01 15:37:52,sense2,measure,ohm,2-7-12-11,2,,,2F01_2E12,DMM,-1,-37,
1-7-13-11,current,0.00999984,RESULT,,,,COSETTE_CPW_W,CENFIRE-INLINE_probe08,,,,,,,2026-09-01 15:37:57,force1,apply,A,1-7-13-11,1,,0.04195799,2A11_4B11,SMU,-1,-45,
1-7-13-11,voltage,0.652243,RESULT,,,,COSETTE_CPW_W,CENFIRE-INLINE_probe08,,,,,,,2026-09-01 15:37:57,sense1,measure,ohm,1-7-13-11,1,,,2F01_2E12,DMM,-1,-45,
2-7-13-11,current,0.00940918,RESULT,,,,COSETTE_CPW_W,CENFIRE-INLINE_probe08,,,,,,,2026-09-01 15:37:57,force2,apply,A,2-7-13-11,2,,7.000474,2A11_4B11,SMU,-1,-46,
2-7-13-11,voltage,7.47922,RESULT,,,,COSETTE_CPW_W,CENFIRE-INLINE_probe08,,,,,,,2026-09-01 15:37:57,sense2,measure,ohm,2-7-13-11,2,,,2F01_2E12,DMM,-1,-46,
1-7-14-11,current,0.00999983,RESULT,,,,COSETTE_CPW_W,CENFIRE-INLINE_probe08,,,,,,,2026-09-01 15:38:02,force1,apply,A,1-7-14-11,1,,0.0427495,2A11_4B11,SMU,-1,-54,
1-7-14-11,voltage,0.685694,RESULT,,,,COSETTE_CPW_W,CENFIRE-INLINE_probe08,,,,,,,2026-09-01 15:38:02,sense1,measure,ohm,1-7-14-11,1,,,2F01_2E12,DMM,-1,-54,
2-7-14-11,current,0.00999988,RESULT,,,,COSETTE_CPW_W,CENFIRE-INLINE_probe08,,,,,,,2026-09-01 15:38:02,force2,apply,A,2-7-14-11,2,,3.209881,2A11_4B11,SMU,-1,-55,
2-7-14-11,voltage,143.773,RESULT,,,,COSETTE_CPW_W,CENFIRE-INLINE_probe08,,,,,,,2026-09-01 15:38:02,sense2,measure,ohm,2-7-14-11,2,,,2F01_2E12,DMM,-1,-55,
1-7-15-11,current,0.00999983,RESULT,,,,COSETTE_CPW_W,CENFIRE-INLINE_probe08,,,,,,,2026-09-01 15:38:06,force1,apply,A,1-7-15-11,1,,0.04780678,2A11_4B11,SMU,-1,-63,
1-7-15-11,voltage,0.843,RESULT,,,,COSETTE_CPW_W,CENFIRE-INLINE_probe08,,,,,,,2026-09-01 15:38:06,sense1,measure,ohm,1-7-15-11,1,,,2F01_2E12,DMM,-1,-63,
1-7-2-12,current,0.00999982,RESULT,,,,COSETTE_CPW_W,CENFIRE-INLINE_probe08,,,,,,,2026-09-01 15:38:10,force1,apply,A,1-7-2-12,1,,0.04258365,2A11_4B11,SMU,-8,54,
1-7-2-12,voltage,0.647125,RESULT,,,,COSETTE_CPW_W,CENFIRE-INLINE_probe08,,,,,,,2026-09-01 15:38:10,sense1,measure,ohm,1-7-2-12,1,,,2F01_2E12,DMM,-8,54,
2-7-2-12,current,0.00605086,RESULT,,,,COSETTE_CPW_W,CENFIRE-INLINE_probe08,,,,,,,2026-09-01 15:38:10,force2,apply,A,2-7-2-12,2,,7.000393,2A11_4B11,SMU,-8,53,
2-7-2-12,voltage,0.686746,RESULT,,,,COSETTE_CPW_W,CENFIRE-INLINE_probe08,,,,,,,2026-09-01 15:38:10,sense2,measure,ohm,2-7-2-12,2,,,2F01_2E12,DMM,-8,53,
1-7-3-12,current,0.00999982,RESULT,,,,COSETTE_CPW_W,CENFIRE-INLINE_probe08,,,,,,,2026-09-01 15:38:14,force1,apply,A,1-7-3-12,1,,0.04199085,2A11_4B11,SMU,-8,45,
1-7-3-12,voltage,0.623196,RESULT,,,,COSETTE_CPW_W,CENFIRE-INLINE_probe08,,,,,,,2026-09-01 15:38:14,sense1,measure,ohm,1-7-3-12,1,,,2F01_2E12,DMM,-8,45,
2-7-3-12,current,0.00999986,RESULT,,,,COSETTE_CPW_W,CENFIRE-INLINE_probe08,,,,,,,2026-09-01 15:38:14,force2,apply,A,2-7-3-12,2,,3.581701,2A11_4B11,SMU,-8,44,
2-7-3-12,voltage,0.2822,RESULT,,,,COSETTE_CPW_W,CENFIRE-INLINE_probe08,,,,,,,2026-09-01 15:38:14,sense2,measure,ohm,2-7-3-12,2,,,2F01_2E12,DMM,-8,44,
1-7-4-12,current,0.00999981,RESULT,,,,COSETTE_CPW_W,CENFIRE-INLINE_probe08,,,,,,,2026-09-01 15:38:19,force1,apply,A,1-7-4-12,1,,0.04133179,2A11_4B11,SMU,-8,36,
1-7-4-12,voltage,0.6113,RESULT,,,,COSETTE_CPW_W,CENFIRE-INLINE_probe08,,,,,,,2026-09-01 15:38:19,sense1,measure,ohm,1-7-4-12,1,,,2F01_2E12,DMM,-8,36,
2-7-4-12,current,0.00999988,RESULT,,,,COSETTE_CPW_W,CENFIRE-INLINE_probe08,,,,,,,2026-09-01 15:38:19,force2,apply,A,2-7-4-12,2,,3.284231,2A11_4B11,SMU,-8,35,
2-7-4-12,voltage,135.326,RESULT,,,,COSETTE_CPW_W,CENFIRE-INLINE_probe08,,,,,,,2026-09-01 15:38:19,sense2,measure,ohm,2-7-4-12,2,,,2F01_2E12,DMM,-8,35,
1-7-5-12,current,0.00999983,RESULT,,,,COSETTE_CPW_W,CENFIRE-INLINE_probe08,,,,,,,2026-09-01 15:38:24,force1,apply,A,1-7-5-12,1,,0.04140361,2A11_4B11,SMU,-8,27,
1-7-5-12,voltage,0.605131,RESULT,,,,COSETTE_CPW_W,CENFIRE-INLINE_probe08,,,,,,,2026-09-01 15:38:24,sense1,measure,ohm,1-7-5-12,1,,,2F01_2E12,DMM,-8,27,
2-7-5-12,current,0.00999988,RESULT,,,,COSETTE_CPW_W,CENFIRE-INLINE_probe08,,,,,,,2026-09-01 15:38:24,force2,apply,A,2-7-5-12,2,,3.081494,2A11_4B11,SMU,-8,26,
2-7-5-12,voltage,130.894,RESULT,,,,COSETTE_CPW_W,CENFIRE-INLINE_probe08,,,,,,,2026-09-01 15:38:24,sense2,measure,ohm,2-7-5-12,2,,,2F01_2E12,DMM,-8,26,
1-7-6-12,current,0.00999982,RESULT,,,,COSETTE_CPW_W,CENFIRE-INLINE_probe08,,,,,,,2026-09-01 15:38:29,force1,apply,A,1-7-6-12,1,,0.04196763,2A11_4B11,SMU,-8,18,
1-7-6-12,voltage,0.614882,RESULT,,,,COSETTE_CPW_W,CENFIRE-INLINE_probe08,,,,,,,2026-09-01 15:38:29,sense1,measure,ohm,1-7-6-12,1,,,2F01_2E12,DMM,-8,18,
2-7-6-12,current,0.00999987,RESULT,,,,COSETTE_CPW_W,CENFIRE-INLINE_probe08,,,,,,,2026-09-01 15:38:29,force2,apply,A,2-7-6-12,2,,3.010519,2A11_4B11,SMU,-8,17,
2-7-6-12,voltage,130.182,RESULT,,,,COSETTE_CPW_W,CENFIRE-INLINE_probe08,,,,,,,2026-09-01 15:38:29,sense2,measure,ohm,2-7-6-12,2,,,2F01_2E12,DMM,-8,17,
1-7-7-12,current,0.00999982,RESULT,,,,COSETTE_CPW_W,CENFIRE-INLINE_probe08,,,,,,,2026-09-01 15:38:33,force1,apply,A,1-7-7-12,1,,0.04202739,2A11_4B11,SMU,-8,9,
1-7-7-12,voltage,0.622611,RESULT,,,,COSETTE_CPW_W,CENFIRE-INLINE_probe08,,,,,,,2026-09-01 15:38:33,sense1,measure,ohm,1-7-7-12,1,,,2F01_2E12,DMM,-8,9,
2-7-7-12,current,0.00999987,RESULT,,,,COSETTE_CPW_W,CENFIRE-INLINE_probe08,,,,,,,2026-09-01 15:38:33,force2,apply,A,2-7-7-12,2,,2.975327,2A11_4B11,SMU,-8,8,
2-7-7-12,voltage,129.671,RESULT,,,,COSETTE_CPW_W,CENFIRE-INLINE_probe08,,,,,,,2026-09-01 15:38:33,sense2,measure,ohm,2-7-7-12,2,,,2F01_2E12,DMM,-8,8,
1-7-8-12,current,0.00999981,RESULT,,,,COSETTE_CPW_W,CENFIRE-INLINE_probe08,,,,,,,2026-09-01 15:38:38,force1,apply,A,1-7-8-12,1,,0.04271972,2A11_4B11,SMU,-8,0,
1-7-8-12,voltage,0.631292,RESULT,,,,COSETTE_CPW_W,CENFIRE-INLINE_probe08,,,,,,,2026-09-01 15:38:38,sense1,measure,ohm,1-7-8-12,1,,,2F01_2E12,DMM,-8,0,
2-7-8-12,current,0.00999988,RESULT,,,,COSETTE_CPW_W,CENFIRE-INLINE_probe08,,,,,,,2026-09-01 15:38:38,force2,apply,A,2-7-8-12,2,,2.926042,2A11_4B11,SMU,-8,-1,
2-7-8-12,voltage,128.115,RESULT,,,,COSETTE_CPW_W,CENFIRE-INLINE_probe08,,,,,,,2026-09-01 15:38:38,sense2,measure,ohm,2-7-8-12,2,,,2F01_2E12,DMM,-8,-1,
1-7-9-12,current,0.00999981,RESULT,,,,COSETTE_CPW_W,CENFIRE-INLINE_probe08,,,,,,,2026-09-01 15:38:43,force1,apply,A,1-7-9-12,1,,0.04197891,2A11_4B11,SMU,-8,-9,
1-7-9-12,voltage,0.612876,RESULT,,,,COSETTE_CPW_W,CENFIRE-INLINE_probe08,,,,,,,2026-09-01 15:38:43,sense1,measure,ohm,1-7-9-12,1,,,2F01_2E12,DMM,-8,-9,
2-7-9-12,current,0.00999988,RESULT,,,,COSETTE_CPW_W,CENFIRE-INLINE_probe08,,,,,,,2026-09-01 15:38:43,force2,apply,A,2-7-9-12,2,,3.03071,2A11_4B11,SMU,-8,-10,
2-7-9-12,voltage,128.773,RESULT,,,,COSETTE_CPW_W,CENFIRE-INLINE_probe08,,,,,,,2026-09-01 15:38:43,sense2,measure,ohm,2-7-9-12,2,,,2F01_2E12,DMM,-8,-10,
1-7-10-12,current,0.00999982,RESULT,,,,COSETTE_CPW_W,CENFIRE-INLINE_probe08,,,,,,,2026-09-01 15:38:47,force1,apply,A,1-7-10-12,1,,0.0416695,2A11_4B11,SMU,-8,-18,
1-7-10-12,voltage,0.606249,RESULT,,,,COSETTE_CPW_W,CENFIRE-INLINE_probe08,,,,,,,2026-09-01 15:38:47,sense1,measure,ohm,1-7-10-12,1,,,2F01_2E12,DMM,-8,-18,
2-7-10-12,current,0.00999988,RESULT,,,,COSETTE_CPW_W,CENFIRE-INLINE_probe08,,,,,,,2026-09-01 15:38:47,force2,apply,A,2-7-10-12,2,,3.091656,2A11_4B11,SMU,-8,-19,
2-7-10-12,voltage,128.784,RESULT,,,,COSETTE_CPW_W,CENFIRE-INLINE_probe08,,,,,,,2026-09-01 15:38:47,sense2,measure,ohm,2-7-10-12,2,,,2F01_2E12,DMM,-8,-19,
1-7-11-12,current,0.00999981,RESULT,,,,COSETTE_CPW_W,CENFIRE-INLINE_probe08,,,,,,,2026-09-01 15:38:52,force1,apply,A,1-7-11-12,1,,0.04159316,2A11_4B11,SMU,-8,-27,
1-7-11-12,voltage,0.608353,RESULT,,,,COSETTE_CPW_W,CENFIRE-INLINE_probe08,,,,,,,2026-09-01 15:38:52,sense1,measure,ohm,1-7-11-12,1,,,2F01_2E12,DMM,-8,-27,
2-7-11-12,current,0.00999988,RESULT,,,,COSETTE_CPW_W,CENFIRE-INLINE_probe08,,,,,,,2026-09-01 15:38:52,force2,apply,A,2-7-11-12,2,,3.246714,2A11_4B11,SMU,-8,-28,
2-7-11-12,voltage,131.501,RESULT,,,,COSETTE_CPW_W,CENFIRE-INLINE_probe08,,,,,,,2026-09-01 15:38:52,sense2,measure,ohm,2-7-11-12,2,,,2F01_2E12,DMM,-8,-28,
1-7-12-12,current,0.00999981,RESULT,,,,COSETTE_CPW_W,CENFIRE-INLINE_probe08,,,,,,,2026-09-01 15:38:57,force1,apply,A,1-7-12-12,1,,0.04184902,2A11_4B11,SMU,-8,-36,
1-7-12-12,voltage,0.627347,RESULT,,,,COSETTE_CPW_W,CENFIRE-INLINE_probe08,,,,,,,2026-09-01 15:38:57,sense1,measure,ohm,1-7-12-12,1,,,2F01_2E12,DMM,-8,-36,
2-7-12-12,current,0.00999988,RESULT,,,,COSETTE_CPW_W,CENFIRE-INLINE_probe08,,,,,,,2026-09-01 15:38:57,force2,apply,A,2-7-12-12,2,,3.4541,2A11_4B11,SMU,-8,-37,
2-7-12-12,voltage,134.426,RESULT,,,,COSETTE_CPW_W,CENFIRE-INLINE_probe08,,,,,,,2026-09-01 15:38:57,sense2,measure,ohm,2-7-12-12,2,,,2F01_2E12,DMM,-8,-37,
1-7-13-12,current,0.00999981,RESULT,,,,COSETTE_CPW_W,CENFIRE-INLINE_probe08,,,,,,,2026-09-01 15:39:01,force1,apply,A,1-7-13-12,1,,0.0423064,2A11_4B11,SMU,-8,-45,
1-7-13-12,voltage,0.651935,RESULT,,,,COSETTE_CPW_W,CENFIRE-INLINE_probe08,,,,,,,2026-09-01 15:39:01,sense1,measure,ohm,1-7-13-12,1,,,2F01_2E12,DMM,-8,-45,
2-7-13-12,current,0.000352953,RESULT,,,,COSETTE_CPW_W,CENFIRE-INLINE_probe08,,,,,,,2026-09-01 15:39:01,force2,apply,A,2-7-13-12,2,,7.000387,2A11_4B11,SMU,-8,-46,
2-7-13-12,voltage,35.4526,RESULT,,,,COSETTE_CPW_W,CENFIRE-INLINE_probe08,,,,,,,2026-09-01 15:39:01,sense2,measure,ohm,2-7-13-12,2,,,2F01_2E12,DMM,-8,-46,
1-7-14-12,current,0.00999982,RESULT,,,,COSETTE_CPW_W,CENFIRE-INLINE_probe08,,,,,,,2026-09-01 15:39:06,force1,apply,A,1-7-14-12,1,,0.04241287,2A11_4B11,SMU,-8,-54,
1-7-14-12,voltage,0.675328,RESULT,,,,COSETTE_CPW_W,CENFIRE-INLINE_probe08,,,,,,,2026-09-01 15:39:06,sense1,measure,ohm,1-7-14-12,1,,,2F01_2E12,DMM,-8,-54,
2-7-14-12,current,0.00999987,RESULT,,,,COSETTE_CPW_W,CENFIRE-INLINE_probe08,,,,,,,2026-09-01 15:39:06,force2,apply,A,2-7-14-12,2,,3.198064,2A11_4B11,SMU,-8,-55,
2-7-14-12,voltage,140.789,RESULT,,,,COSETTE_CPW_W,CENFIRE-INLINE_probe08,,,,,,,2026-09-01 15:39:06,sense2,measure,ohm,2-7-14-12,2,,,2F01_2E12,DMM,-8,-55,
1-7-2-13,current,0.00999982,RESULT,,,,COSETTE_CPW_W,CENFIRE-INLINE_probe08,,,,,,,2026-09-01 15:39:11,force1,apply,A,1-7-2-13,1,,0.04270951,2A11_4B11,SMU,-15,54,
1-7-2-13,voltage,0.651161,RESULT,,,,COSETTE_CPW_W,CENFIRE-INLINE_probe08,,,,,,,2026-09-01 15:39:11,sense1,measure,ohm,1-7-2-13,1,,,2F01_2E12,DMM,-15,54,
2-7-2-13,current,1.31398e-05,RESULT,,,,COSETTE_CPW_W,CENFIRE-INLINE_probe08,,,,,,,2026-09-01 15:39:11,force2,apply,A,2-7-2-13,2,,7.000383,2A11_4B11,SMU,-15,53,
2-7-2-13,voltage,892.274,RESULT,,,,COSETTE_CPW_W,CENFIRE-INLINE_probe08,,,,,,,2026-09-01 15:39:11,sense2,measure,ohm,2-7-2-13,2,,,2F01_2E12,DMM,-15,53,
1-7-3-13,current,0.00999984,RESULT,,,,COSETTE_CPW_W,CENFIRE-INLINE_probe08,,,,,,,2026-09-01 15:39:16,force1,apply,A,1-7-3-13,1,,0.04217058,2A11_4B11,SMU,-15,45,
1-7-3-13,voltage,0.632498,RESULT,,,,COSETTE_CPW_W,CENFIRE-INLINE_probe08,,,,,,,2026-09-01 15:39:16,sense1,measure,ohm,1-7-3-13,1,,,2F01_2E12,DMM,-15,45,
2-7-3-13,current,0.00985115,RESULT,,,,COSETTE_CPW_W,CENFIRE-INLINE_probe08,,,,,,,2026-09-01 15:39:16,force2,apply,A,2-7-3-13,2,,7.000417,2A11_4B11,SMU,-15,44,
2-7-3-13,voltage,0.60021,RESULT,,,,COSETTE_CPW_W,CENFIRE-INLINE_probe08,,,,,,,2026-09-01 15:39:16,sense2,measure,ohm,2-7-3-13,2,,,2F01_2E12,DMM,-15,44,
1-7-4-13,current,0.00999981,RESULT,,,,COSETTE_CPW_W,CENFIRE-INLINE_probe08,,,,,,,2026-09-01 15:39:20,force1,apply,A,1-7-4-13,1,,0.0418814,2A11_4B11,SMU,-15,36,
1-7-4-13,voltage,0.620279,RESULT,,,,COSETTE_CPW_W,CENFIRE-INLINE_probe08,,,,,,,2026-09-01 15:39:20,sense1,measure,ohm,1-7-4-13,1,,,2F01_2E12,DMM,-15,36,
2-7-4-13,current,0.00999988,RESULT,,,,COSETTE_CPW_W,CENFIRE-INLINE_probe08,,,,,,,2026-09-01 15:39:20,force2,apply,A,2-7-4-13,2,,3.424089,2A11_4B11,SMU,-15,35,
2-7-4-13,voltage,0.0989729,RESULT,,,,COSETTE_CPW_W,CENFIRE-INLINE_probe08,,,,,,,2026-09-01 15:39:20,sense2,measure,ohm,2-7-4-13,2,,,2F01_2E12,DMM,-15,35,
1-7-5-13,current,0.00999983,RESULT,,,,COSETTE_CPW_W,CENFIRE-INLINE_probe08,,,,,,,2026-09-01 15:39:25,force1,apply,A,1-7-5-13,1,,0.0415652,2A11_4B11,SMU,-15,27,
1-7-5-13,voltage,0.603702,RESULT,,,,COSETTE_CPW_W,CENFIRE-INLINE_probe08,,,,,,,2026-09-01 15:39:25,sense1,measure,ohm,1-7-5-13,1,,,2F01_2E12,DMM,-15,27,
2-7-5-13,current,0.00999988,RESULT,,,,COSETTE_CPW_W,CENFIRE-INLINE_probe08,,,,,,,2026-09-01 15:39:25,force2,apply,A,2-7-5-13,2,,3.114085,2A11_4B11,SMU,-15,26,
2-7-5-13,voltage,129.188,RESULT,,,,COSETTE_CPW_W,CENFIRE-INLINE_probe08,,,,,,,2026-09-01 15:39:25,sense2,measure,ohm,2-7-5-13,2,,,2F01_2E12,DMM,-15,26,
1-7-6-13,current,0.00999982,RESULT,,,,COSETTE_CPW_W,CENFIRE-INLINE_probe08,,,,,,,2026-09-01 15:39:30,force1,apply,A,1-7-6-13,1,,0.04200482,2A11_4B11,SMU,-15,18,
1-7-6-13,voltage,0.610412,RESULT,,,,COSETTE_CPW_W,CENFIRE-INLINE_probe08,,,,,,,2026-09-01 15:39:30,sense1,measure,ohm,1-7-6-13,1,,,2F01_2E12,DMM,-15,18,
2-7-6-13,current,0.00999989,RESULT,,,,COSETTE_CPW_W,CENFIRE-INLINE_probe08,,,,,,,2026-09-01 15:39:30,force2,apply,A,2-7-6-13,2,,2.99943,2A11_4B11,SMU,-15,17,
2-7-6-13,voltage,129.994,RESULT,,,,COSETTE_CPW_W,CENFIRE-INLINE_probe08,,,,,,,2026-09-01 15:39:30,sense2,measure,ohm,2-7-6-13,2,,,2F01_2E12,DMM,-15,17,
1-7-7-13,current,0.00999984,RESULT,,,,COSETTE_CPW_W,CENFIRE-INLINE_probe08,,,,,,,2026-09-01 15:39:34,force1,apply,A,1-7-7-13,1,,0.04221004,2A11_4B11,SMU,-15,9,
1-7-7-13,voltage,0.612464,RESULT,,,,COSETTE_CPW_W,CENFIRE-INLINE_probe08,,,,,,,2026-09-01 15:39:34,sense1,measure,ohm,1-7-7-13,1,,,2F01_2E12,DMM,-15,9,
2-7-7-13,current,0.00999989,RESULT,,,,COSETTE_CPW_W,CENFIRE-INLINE_probe08,,,,,,,2026-09-01 15:39:34,force2,apply,A,2-7-7-13,2,,2.987226,2A11_4B11,SMU,-15,8,
2-7-7-13,voltage,129.779,RESULT,,,,COSETTE_CPW_W,CENFIRE-INLINE_probe08,,,,,,,2026-09-01 15:39:34,sense2,measure,ohm,2-7-7-13,2,,,2F01_2E12,DMM,-15,8,
1-7-8-13,current,0.00999982,RESULT,,,,COSETTE_CPW_W,CENFIRE-INLINE_probe08,,,,,,,2026-09-01 15:39:39,force1,apply,A,1-7-8-13,1,,0.04190537,2A11_4B11,SMU,-15,0,
1-7-8-13,voltage,0.61033,RESULT,,,,COSETTE_CPW_W,CENFIRE-INLINE_probe08,,,,,,,2026-09-01 15:39:39,sense1,measure,ohm,1-7-8-13,1,,,2F01_2E12,DMM,-15,0,
2-7-8-13,current,0.00999988,RESULT,,,,COSETTE_CPW_W,CENFIRE-INLINE_probe08,,,,,,,2026-09-01 15:39:39,force2,apply,A,2-7-8-13,2,,3.055031,2A11_4B11,SMU,-15,-1,
2-7-8-13,voltage,129.182,RESULT,,,,COSETTE_CPW_W,CENFIRE-INLINE_probe08,,,,,,,2026-09-01 15:39:39,sense2,measure,ohm,2-7-8-13,2,,,2F01_2E12,DMM,-15,-1,
1-7-9-13,current,0.00999983,RESULT,,,,COSETTE_CPW_W,CENFIRE-INLINE_probe08,,,,,,,2026-09-01 15:39:44,force1,apply,A,1-7-9-13,1,,0.04158306,2A11_4B11,SMU,-15,-9,
1-7-9-13,voltage,0.603491,RESULT,,,,COSETTE_CPW_W,CENFIRE-INLINE_probe08,,,,,,,2026-09-01 15:39:44,sense1,measure,ohm,1-7-9-13,1,,,2F01_2E12,DMM,-15,-9,
2-7-9-13,current,0.00999988,RESULT,,,,COSETTE_CPW_W,CENFIRE-INLINE_probe08,,,,,,,2026-09-01 15:39:44,force2,apply,A,2-7-9-13,2,,3.083136,2A11_4B11,SMU,-15,-10,
2-7-9-13,voltage,129.077,RESULT,,,,COSETTE_CPW_W,CENFIRE-INLINE_probe08,,,,,,,2026-09-01 15:39:44,sense2,measure,ohm,2-7-9-13,2,,,2F01_2E12,DMM,-15,-10,
1-7-10-13,current,0.00999984,RESULT,,,,COSETTE_CPW_W,CENFIRE-INLINE_probe08,,,,,,,2026-09-01 15:39:48,force1,apply,A,1-7-10-13,1,,0.04125557,2A11_4B11,SMU,-15,-18,
1-7-10-13,voltage,0.60646,RESULT,,,,COSETTE_CPW_W,CENFIRE-INLINE_probe08,,,,,,,2026-09-01 15:39:48,sense1,measure,ohm,1-7-10-13,1,,,2F01_2E12,DMM,-15,-18,
2-7-10-13,current,0.00999989,RESULT,,,,COSETTE_CPW_W,CENFIRE-INLINE_probe08,,,,,,,2026-09-01 15:39:48,force2,apply,A,2-7-10-13,2,,3.127257,2A11_4B11,SMU,-15,-19,
2-7-10-13,voltage,128.471,RESULT,,,,COSETTE_CPW_W,CENFIRE-INLINE_probe08,,,,,,,2026-09-01 15:39:48,sense2,measure,ohm,2-7-10-13,2,,,2F01_2E12,DMM,-15,-19,
1-7-11-13,current,0.00999983,RESULT,,,,COSETTE_CPW_W,CENFIRE-INLINE_probe08,,,,,,,2026-09-01 15:39:53,force1,apply,A,1-7-11-13,1,,0.04153924,2A11_4B11,SMU,-15,-27,
1-7-11-13,voltage,0.61245,RESULT,,,,COSETTE_CPW_W,CENFIRE-INLINE_probe08,,,,,,,2026-09-01 15:39:53,sense1,measure,ohm,1-7-11-13,1,,,2F01_2E12,DMM,-15,-27,
2-7-11-13,current,0.00999988,RESULT,,,,COSETTE_CPW_W,CENFIRE-INLINE_probe08,,,,,,,2026-09-01 15:39:53,force2,apply,A,2-7-11-13,2,,3.289852,2A11_4B11,SMU,-15,-28,
2-7-11-13,voltage,129.889,RESULT,,,,COSETTE_CPW_W,CENFIRE-INLINE_probe08,,,,,,,2026-09-01 15:39:53,sense2,measure,ohm,2-7-11-13,2,,,2F01_2E12,DMM,-15,-28,
1-7-12-13,current,0.00999983,RESULT,,,,COSETTE_CPW_W,CENFIRE-INLINE_probe08,,,,,,,2026-09-01 15:39:58,force1,apply,A,1-7-12-13,1,,0.04201017,2A11_4B11,SMU,-15,-36,
1-7-12-13,voltage,0.630938,RESULT,,,,COSETTE_CPW_W,CENFIRE-INLINE_probe08,,,,,,,2026-09-01 15:39:58,sense1,measure,ohm,1-7-12-13,1,,,2F01_2E12,DMM,-15,-36,
2-7-12-13,current,0.00999988,RESULT,,,,COSETTE_CPW_W,CENFIRE-INLINE_probe08,,,,,,,2026-09-01 15:39:58,force2,apply,A,2-7-12-13,2,,3.378248,2A11_4B11,SMU,-15,-37,
2-7-12-13,voltage,133.813,RESULT,,,,COSETTE_CPW_W,CENFIRE-INLINE_probe08,,,,,,,2026-09-01 15:39:58,sense2,measure,ohm,2-7-12-13,2,,,2F01_2E12,DMM,-15,-37,
1-7-13-13,current,0.00999983,RESULT,,,,COSETTE_CPW_W,CENFIRE-INLINE_probe08,,,,,,,2026-09-01 15:40:02,force1,apply,A,1-7-13-13,1,,0.0423439,2A11_4B11,SMU,-15,-45,
1-7-13-13,voltage,0.655579,RESULT,,,,COSETTE_CPW_W,CENFIRE-INLINE_probe08,,,,,,,2026-09-01 15:40:02,sense1,measure,ohm,1-7-13-13,1,,,2F01_2E12,DMM,-15,-45,
2-7-13-13,current,0.00999988,RESULT,,,,COSETTE_CPW_W,CENFIRE-INLINE_probe08,,,,,,,2026-09-01 15:40:02,force2,apply,A,2-7-13-13,2,,3.671166,2A11_4B11,SMU,-15,-46,
2-7-13-13,voltage,137.664,RESULT,,,,COSETTE_CPW_W,CENFIRE-INLINE_probe08,,,,,,,2026-09-01 15:40:02,sense2,measure,ohm,2-7-13-13,2,,,2F01_2E12,DMM,-15,-46,
1-7-14-13,current,0.00999982,RESULT,,,,COSETTE_CPW_W,CENFIRE-INLINE_probe08,,,,,,,2026-09-01 15:40:07,force1,apply,A,1-7-14-13,1,,0.04286676,2A11_4B11,SMU,-15,-54,
1-7-14-13,voltage,0.682236,RESULT,,,,COSETTE_CPW_W,CENFIRE-INLINE_probe08,,,,,,,2026-09-01 15:40:07,sense1,measure,ohm,1-7-14-13,1,,,2F01_2E12,DMM,-15,-54,
2-7-14-13,current,0.00999988,RESULT,,,,COSETTE_CPW_W,CENFIRE-INLINE_probe08,,,,,,,2026-09-01 15:40:07,force2,apply,A,2-7-14-13,2,,3.228483,2A11_4B11,SMU,-15,-55,
2-7-14-13,voltage,141.719,RESULT,,,,COSETTE_CPW_W,CENFIRE-INLINE_probe08,,,,,,,2026-09-01 15:40:07,sense2,measure,ohm,2-7-14-13,2,,,2F01_2E12,DMM,-15,-55,
1-7-2-14,current,0.00999983,RESULT,,,,COSETTE_CPW_W,CENFIRE-INLINE_probe08,,,,,,,2026-09-01 15:40:12,force1,apply,A,1-7-2-14,1,,0.04263796,2A11_4B11,SMU,-22,54,
1-7-2-14,voltage,0.656851,RESULT,,,,COSETTE_CPW_W,CENFIRE-INLINE_probe08,,,,,,,2026-09-01 15:40:12,sense1,measure,ohm,1-7-2-14,1,,,2F01_2E12,DMM,-22,54,
2-7-2-14,current,0.00999987,RESULT,,,,COSETTE_CPW_W,CENFIRE-INLINE_probe08,,,,,,,2026-09-01 15:40:12,force2,apply,A,2-7-2-14,2,,4.06226,2A11_4B11,SMU,-22,53,
2-7-2-14,voltage,0.435743,RESULT,,,,COSETTE_CPW_W,CENFIRE-INLINE_probe08,,,,,,,2026-09-01 15:40:12,sense2,measure,ohm,2-7-2-14,2,,,2F01_2E12,DMM,-22,53,
1-7-3-14,current,0.00999982,RESULT,,,,COSETTE_CPW_W,CENFIRE-INLINE_probe08,,,,,,,2026-09-01 15:40:17,force1,apply,A,1-7-3-14,1,,0.04237014,2A11_4B11,SMU,-22,45,
1-7-3-14,voltage,0.63865,RESULT,,,,COSETTE_CPW_W,CENFIRE-INLINE_probe08,,,,,,,2026-09-01 15:40:17,sense1,measure,ohm,1-7-3-14,1,,,2F01_2E12,DMM,-22,45,
2-7-3-14,current,1.14925e-05,RESULT,,,,COSETTE_CPW_W,CENFIRE-INLINE_probe08,,,,,,,2026-09-01 15:40:17,force2,apply,A,2-7-3-14,2,,7.000415,2A11_4B11,SMU,-22,44,
2-7-3-14,voltage,766.432,RESULT,,,,COSETTE_CPW_W,CENFIRE-INLINE_probe08,,,,,,,2026-09-01 15:40:17,sense2,measure,ohm,2-7-3-14,2,,,2F01_2E12,DMM,-22,44,
1-7-4-14,current,0.00999981,RESULT,,,,COSETTE_CPW_W,CENFIRE-INLINE_probe08,,,,,,,2026-09-01 15:40:21,force1,apply,A,1-7-4-14,1,,0.0419164,2A11_4B11,SMU,-22,36,
1-7-4-14,voltage,0.619453,RESULT,,,,COSETTE_CPW_W,CENFIRE-INLINE_probe08,,,,,,,2026-09-01 15:40:21,sense1,measure,ohm,1-7-4-14,1,,,2F01_2E12,DMM,-22,36,
2-7-4-14,current,0.00999984,RESULT,,,,COSETTE_CPW_W,CENFIRE-INLINE_probe08,,,,,,,2026-09-01 15:40:21,force2,apply,A,2-7-4-14,2,,3.766044,2A11_4B11,SMU,-22,35,
2-7-4-14,voltage,0.748752,RESULT,,,,COSETTE_CPW_W,CENFIRE-INLINE_probe08,,,,,,,2026-09-01 15:40:21,sense2,measure,ohm,2-7-4-14,2,,,2F01_2E12,DMM,-22,35,
1-7-5-14,current,0.00999982,RESULT,,,,COSETTE_CPW_W,CENFIRE-INLINE_probe08,,,,,,,2026-09-01 15:40:26,force1,apply,A,1-7-5-14,1,,0.04186799,2A11_4B11,SMU,-22,27,
1-7-5-14,voltage,0.605902,RESULT,,,,COSETTE_CPW_W,CENFIRE-INLINE_probe08,,,,,,,2026-09-01 15:40:26,sense1,measure,ohm,1-7-5-14,1,,,2F01_2E12,DMM,-22,27,
2-7-5-14,current,0.00999987,RESULT,,,,COSETTE_CPW_W,CENFIRE-INLINE_probe08,,,,,,,2026-09-01 15:40:26,force2,apply,A,2-7-5-14,2,,3.364652,2A11_4B11,SMU,-22,26,
2-7-5-14,voltage,109.703,RESULT,,,,COSETTE_CPW_W,CENFIRE-INLINE_probe08,,,,,,,2026-09-01 15:40:26,sense2,measure,ohm,2-7-5-14,2,,,2F01_2E12,DMM,-22,26,
1-7-6-14,current,0.00999981,RESULT,,,,COSETTE_CPW_W,CENFIRE-INLINE_probe08,,,,,,,2026-09-01 15:40:31,force1,apply,A,1-7-6-14,1,,0.041748,2A11_4B11,SMU,-22,18,
1-7-6-14,voltage,0.603731,RESULT,,,,COSETTE_CPW_W,CENFIRE-INLINE_probe08,,,,,,,2026-09-01 15:40:31,sense1,measure,ohm,1-7-6-14,1,,,2F01_2E12,DMM,-22,18,
2-7-6-14,current,0.00999988,RESULT,,,,COSETTE_CPW_W,CENFIRE-INLINE_probe08,,,,,,,2026-09-01 15:40:31,force2,apply,A,2-7-6-14,2,,3.120174,2A11_4B11,SMU,-22,17,
2-7-6-14,voltage,130.435,RESULT,,,,COSETTE_CPW_W,CENFIRE-INLINE_probe08,,,,,,,2026-09-01 15:40:31,sense2,measure,ohm,2-7-6-14,2,,,2F01_2E12,DMM,-22,17,
1-7-7-14,current,0.00999983,RESULT,,,,COSETTE_CPW_W,CENFIRE-INLINE_probe08,,,,,,,2026-09-01 15:40:37,force1,apply,A,1-7-7-14,1,,0.04184701,2A11_4B11,SMU,-22,9,
1-7-7-14,voltage,0.601126,RESULT,,,,COSETTE_CPW_W,CENFIRE-INLINE_probe08,,,,,,,2026-09-01 15:40:37,sense1,measure,ohm,1-7-7-14,1,,,2F01_2E12,DMM,-22,9,
2-7-7-14,current,0.00999987,RESULT,,,,COSETTE_CPW_W,CENFIRE-INLINE_probe08,,,,,,,2026-09-01 15:40:37,force2,apply,A,2-7-7-14,2,,3.081103,2A11_4B11,SMU,-22,8,
2-7-7-14,voltage,132.614,RESULT,,,,COSETTE_CPW_W,CENFIRE-INLINE_probe08,,,,,,,2026-09-01 15:40:37,sense2,measure,ohm,2-7-7-14,2,,,2F01_2E12,DMM,-22,8,
1-7-8-14,current,0.00999983,RESULT,,,,COSETTE_CPW_W,CENFIRE-INLINE_probe08,,,,,,,2026-09-01 15:40:42,force1,apply,A,1-7-8-14,1,,0.04132847,2A11_4B11,SMU,-22,0,
1-7-8-14,voltage,0.602316,RESULT,,,,COSETTE_CPW_W,CENFIRE-INLINE_probe08,,,,,,,2026-09-01 15:40:42,sense1,measure,ohm,1-7-8-14,1,,,2F01_2E12,DMM,-22,0,
2-7-8-14,current,0.00999989,RESULT,,,,COSETTE_CPW_W,CENFIRE-INLINE_probe08,,,,,,,2026-09-01 15:40:42,force2,apply,A,2-7-8-14,2,,3.063723,2A11_4B11,SMU,-22,-1,
2-7-8-14,voltage,128.896,RESULT,,,,COSETTE_CPW_W,CENFIRE-INLINE_probe08,,,,,,,2026-09-01 15:40:42,sense2,measure,ohm,2-7-8-14,2,,,2F01_2E12,DMM,-22,-1,
1-7-9-14,current,0.00999982,RESULT,,,,COSETTE_CPW_W,CENFIRE-INLINE_probe08,,,,,,,2026-09-01 15:40:46,force1,apply,A,1-7-9-14,1,,0.04121475,2A11_4B11,SMU,-22,-9,
1-7-9-14,voltage,0.598676,RESULT,,,,COSETTE_CPW_W,CENFIRE-INLINE_probe08,,,,,,,2026-09-01 15:40:46,sense1,measure,ohm,1-7-9-14,1,,,2F01_2E12,DMM,-22,-9,
2-7-9-14,current,0.00999988,RESULT,,,,COSETTE_CPW_W,CENFIRE-INLINE_probe08,,,,,,,2026-09-01 15:40:46,force2,apply,A,2-7-9-14,2,,3.176908,2A11_4B11,SMU,-22,-10,
2-7-9-14,voltage,129.919,RESULT,,,,COSETTE_CPW_W,CENFIRE-INLINE_probe08,,,,,,,2026-09-01 15:40:46,sense2,measure,ohm,2-7-9-14,2,,,2F01_2E12,DMM,-22,-10,
1-7-10-14,current,0.00999982,RESULT,,,,COSETTE_CPW_W,CENFIRE-INLINE_probe08,,,,,,,2026-09-01 15:40:51,force1,apply,A,1-7-10-14,1,,0.04128272,2A11_4B11,SMU,-22,-18,
1-7-10-14,voltage,0.60302,RESULT,,,,COSETTE_CPW_W,CENFIRE-INLINE_probe08,,,,,,,2026-09-01 15:40:51,sense1,measure,ohm,1-7-10-14,1,,,2F01_2E12,DMM,-22,-18,
2-7-10-14,current,0.00999988,RESULT,,,,COSETTE_CPW_W,CENFIRE-INLINE_probe08,,,,,,,2026-09-01 15:40:51,force2,apply,A,2-7-10-14,2,,3.303749,2A11_4B11,SMU,-22,-19,
2-7-10-14,voltage,132.606,RESULT,,,,COSETTE_CPW_W,CENFIRE-INLINE_probe08,,,,,,,2026-09-01 15:40:51,sense2,measure,ohm,2-7-10-14,2,,,2F01_2E12,DMM,-22,-19,
1-7-11-14,current,0.00999983,RESULT,,,,COSETTE_CPW_W,CENFIRE-INLINE_probe08,,,,,,,2026-09-01 15:40:56,force1,apply,A,1-7-11-14,1,,0.04183255,2A11_4B11,SMU,-22,-27,
1-7-11-14,voltage,0.622991,RESULT,,,,COSETTE_CPW_W,CENFIRE-INLINE_probe08,,,,,,,2026-09-01 15:40:56,sense1,measure,ohm,1-7-11-14,1,,,2F01_2E12,DMM,-22,-27,
2-7-11-14,current,0.00999988,RESULT,,,,COSETTE_CPW_W,CENFIRE-INLINE_probe08,,,,,,,2026-09-01 15:40:56,force2,apply,A,2-7-11-14,2,,3.123886,2A11_4B11,SMU,-22,-28,
2-7-11-14,voltage,132.494,RESULT,,,,COSETTE_CPW_W,CENFIRE-INLINE_probe08,,,,,,,2026-09-01 15:40:56,sense2,measure,ohm,2-7-11-14,2,,,2F01_2E12,DMM,-22,-28,
1-7-12-14,current,0.00999983,RESULT,,,,COSETTE_CPW_W,CENFIRE-INLINE_probe08,,,,,,,2026-09-01 15:41:00,force1,apply,A,1-7-12-14,1,,0.0426169,2A11_4B11,SMU,-22,-36,
1-7-12-14,voltage,0.638709,RESULT,,,,COSETTE_CPW_W,CENFIRE-INLINE_probe08,,,,,,,2026-09-01 15:41:00,sense1,measure,ohm,1-7-12-14,1,,,2F01_2E12,DMM,-22,-36,
2-7-12-14,current,0.00999987,RESULT,,,,COSETTE_CPW_W,CENFIRE-INLINE_probe08,,,,,,,2026-09-01 15:41:00,force2,apply,A,2-7-12-14,2,,3.914351,2A11_4B11,SMU,-22,-37,
2-7-12-14,voltage,38.6837,RESULT,,,,COSETTE_CPW_W,CENFIRE-INLINE_probe08,,,,,,,2026-09-01 15:41:00,sense2,measure,ohm,2-7-12-14,2,,,2F01_2E12,DMM,-22,-37,
1-7-13-14,current,0.00999982,RESULT,,,,COSETTE_CPW_W,CENFIRE-INLINE_probe08,,,,,,,2026-09-01 15:41:05,force1,apply,A,1-7-13-14,1,,0.04278124,2A11_4B11,SMU,-22,-45,
1-7-13-14,voltage,0.660771,RESULT,,,,COSETTE_CPW_W,CENFIRE-INLINE_probe08,,,,,,,2026-09-01 15:41:05,sense1,measure,ohm,1-7-13-14,1,,,2F01_2E12,DMM,-22,-45,
2-7-13-14,current,0.00999369,RESULT,,,,COSETTE_CPW_W,CENFIRE-INLINE_probe08,,,,,,,2026-09-01 15:41:05,force2,apply,A,2-7-13-14,2,,3.428213,2A11_4B11,SMU,-22,-46,
2-7-13-14,voltage,137.452,RESULT,,,,COSETTE_CPW_W,CENFIRE-INLINE_probe08,,,,,,,2026-09-01 15:41:05,sense2,measure,ohm,2-7-13-14,2,,,2F01_2E12,DMM,-22,-46,
1-7-14-14,current,0.00999983,RESULT,,,,COSETTE_CPW_W,CENFIRE-INLINE_probe08,,,,,,,2026-09-01 15:41:10,force1,apply,A,1-7-14-14,1,,0.04356327,2A11_4B11,SMU,-22,-54,
1-7-14-14,voltage,0.699884,RESULT,,,,COSETTE_CPW_W,CENFIRE-INLINE_probe08,,,,,,,2026-09-01 15:41:10,sense1,measure,ohm,1-7-14-14,1,,,2F01_2E12,DMM,-22,-54,
2-7-14-14,current,2.01538e-07,RESULT,,,,COSETTE_CPW_W,CENFIRE-INLINE_probe08,,,,,,,2026-09-01 15:41:10,force2,apply,A,2-7-14-14,2,,7.000401,2A11_4B11,SMU,-22,-55,
2-7-14-14,voltage,-848.453,RESULT,,,,COSETTE_CPW_W,CENFIRE-INLINE_probe08,,,,,,,2026-09-01 15:41:10,sense2,measure,ohm,2-7-14-14,2,,,2F01_2E12,DMM,-22,-55,
1-7-3-15,current,0.00999983,RESULT,,,,COSETTE_CPW_W,CENFIRE-INLINE_probe08,,,,,,,2026-09-01 15:41:15,force1,apply,A,1-7-3-15,1,,0.04293242,2A11_4B11,SMU,-29,45,
1-7-3-15,voltage,0.655114,RESULT,,,,COSETTE_CPW_W,CENFIRE-INLINE_probe08,,,,,,,2026-09-01 15:41:15,sense1,measure,ohm,1-7-3-15,1,,,2F01_2E12,DMM,-29,45,
2-7-3-15,current,0.00999987,RESULT,,,,COSETTE_CPW_W,CENFIRE-INLINE_probe08,,,,,,,2026-09-01 15:41:15,force2,apply,A,2-7-3-15,2,,3.706722,2A11_4B11,SMU,-29,44,
2-7-3-15,voltage,109.988,RESULT,,,,COSETTE_CPW_W,CENFIRE-INLINE_probe08,,,,,,,2026-09-01 15:41:15,sense2,measure,ohm,2-7-3-15,2,,,2F01_2E12,DMM,-29,44,
1-7-4-15,current,0.00999982,RESULT,,,,COSETTE_CPW_W,CENFIRE-INLINE_probe08,,,,,,,2026-09-01 15:41:19,force1,apply,A,1-7-4-15,1,,0.0426388,2A11_4B11,SMU,-29,36,
1-7-4-15,voltage,0.641219,RESULT,,,,COSETTE_CPW_W,CENFIRE-INLINE_probe08,,,,,,,2026-09-01 15:41:19,sense1,measure,ohm,1-7-4-15,1,,,2F01_2E12,DMM,-29,36,
2-7-4-15,current,0.0099998,RESULT,,,,COSETTE_CPW_W,CENFIRE-INLINE_probe08,,,,,,,2026-09-01 15:41:19,force2,apply,A,2-7-4-15,2,,6.075396,2A11_4B11,SMU,-29,35,
2-7-4-15,voltage,0.611516,RESULT,,,,COSETTE_CPW_W,CENFIRE-INLINE_probe08,,,,,,,2026-09-01 15:41:19,sense2,measure,ohm,2-7-4-15,2,,,2F01_2E12,DMM,-29,35,
1-7-5-15,current,0.00999982,RESULT,,,,COSETTE_CPW_W,CENFIRE-INLINE_probe08,,,,,,,2026-09-01 15:41:24,force1,apply,A,1-7-5-15,1,,0.04214025,2A11_4B11,SMU,-29,27,
1-7-5-15,voltage,0.614754,RESULT,,,,COSETTE_CPW_W,CENFIRE-INLINE_probe08,,,,,,,2026-09-01 15:41:24,sense1,measure,ohm,1-7-5-15,1,,,2F01_2E12,DMM,-29,27,
2-7-5-15,current,0.00999983,RESULT,,,,COSETTE_CPW_W,CENFIRE-INLINE_probe08,,,,,,,2026-09-01 15:41:24,force2,apply,A,2-7-5-15,2,,3.755304,2A11_4B11,SMU,-29,26,
2-7-5-15,voltage,1.12429,RESULT,,,,COSETTE_CPW_W,CENFIRE-INLINE_probe08,,,,,,,2026-09-01 15:41:24,sense2,measure,ohm,2-7-5-15,2,,,2F01_2E12,DMM,-29,26,
1-7-6-15,current,0.00999982,RESULT,,,,COSETTE_CPW_W,CENFIRE-INLINE_probe08,,,,,,,2026-09-01 15:41:29,force1,apply,A,1-7-6-15,1,,0.04171009,2A11_4B11,SMU,-29,18,
1-7-6-15,voltage,0.606928,RESULT,,,,COSETTE_CPW_W,CENFIRE-INLINE_probe08,,,,,,,2026-09-01 15:41:29,sense1,measure,ohm,1-7-6-15,1,,,2F01_2E12,DMM,-29,18,
2-7-6-15,current,0.00999989,RESULT,,,,COSETTE_CPW_W,CENFIRE-INLINE_probe08,,,,,,,2026-09-01 15:41:29,force2,apply,A,2-7-6-15,2,,3.283143,2A11_4B11,SMU,-29,17,
2-7-6-15,voltage,130.03,RESULT,,,,COSETTE_CPW_W,CENFIRE-INLINE_probe08,,,,,,,2026-09-01 15:41:29,sense2,measure,ohm,2-7-6-15,2,,,2F01_2E12,DMM,-29,17,
1-7-7-15,current,0.00999982,RESULT,,,,COSETTE_CPW_W,CENFIRE-INLINE_probe08,,,,,,,2026-09-01 15:41:34,force1,apply,A,1-7-7-15,1,,0.04185004,2A11_4B11,SMU,-29,9,
1-7-7-15,voltage,0.601593,RESULT,,,,COSETTE_CPW_W,CENFIRE-INLINE_probe08,,,,,,,2026-09-01 15:41:34,sense1,measure,ohm,1-7-7-15,1,,,2F01_2E12,DMM,-29,9,
2-7-7-15,current,0.00999988,RESULT,,,,COSETTE_CPW_W,CENFIRE-INLINE_probe08,,,,,,,2026-09-01 15:41:34,force2,apply,A,2-7-7-15,2,,3.182231,2A11_4B11,SMU,-29,8,
2-7-7-15,voltage,130.827,RESULT,,,,COSETTE_CPW_W,CENFIRE-INLINE_probe08,,,,,,,2026-09-01 15:41:34,sense2,measure,ohm,2-7-7-15,2,,,2F01_2E12,DMM,-29,8,
1-7-8-15,current,0.00999983,RESULT,,,,COSETTE_CPW_W,CENFIRE-INLINE_probe08,,,,,,,2026-09-01 15:41:38,force1,apply,A,1-7-8-15,1,,0.04129956,2A11_4B11,SMU,-29,0,
1-7-8-15,voltage,0.600063,RESULT,,,,COSETTE_CPW_W,CENFIRE-INLINE_probe08,,,,,,,2026-09-01 15:41:38,sense1,measure,ohm,1-7-8-15,1,,,2F01_2E12,DMM,-29,0,
2-7-8-15,current,0.00999987,RESULT,,,,COSETTE_CPW_W,CENFIRE-INLINE_probe08,,,,,,,2026-09-01 15:41:38,force2,apply,A,2-7-8-15,2,,3.228031,2A11_4B11,SMU,-29,-1,
2-7-8-15,voltage,133.039,RESULT,,,,COSETTE_CPW_W,CENFIRE-INLINE_probe08,,,,,,,2026-09-01 15:41:38,sense2,measure,ohm,2-7-8-15,2,,,2F01_2E12,DMM,-29,-1,
1-7-9-15,current,0.00999982,RESULT,,,,COSETTE_CPW_W,CENFIRE-INLINE_probe08,,,,,,,2026-09-01 15:41:43,force1,apply,A,1-7-9-15,1,,0.04123483,2A11_4B11,SMU,-29,-9,
1-7-9-15,voltage,0.603519,RESULT,,,,COSETTE_CPW_W,CENFIRE-INLINE_probe08,,,,,,,2026-09-01 15:41:43,sense1,measure,ohm,1-7-9-15,1,,,2F01_2E12,DMM,-29,-9,
2-7-9-15,current,0.00999988,RESULT,,,,COSETTE_CPW_W,CENFIRE-INLINE_probe08,,,,,,,2026-09-01 15:41:43,force2,apply,A,2-7-9-15,2,,3.284749,2A11_4B11,SMU,-29,-10,
2-7-9-15,voltage,130.218,RESULT,,,,COSETTE_CPW_W,CENFIRE-INLINE_probe08,,,,,,,2026-09-01 15:41:43,sense2,measure,ohm,2-7-9-15,2,,,2F01_2E12,DMM,-29,-10,
1-7-10-15,current,0.00999982,RESULT,,,,COSETTE_CPW_W,CENFIRE-INLINE_probe08,,,,,,,2026-09-01 15:41:48,force1,apply,A,1-7-10-15,1,,0.04141934,2A11_4B11,SMU,-29,-18,
1-7-10-15,voltage,0.611162,RESULT,,,,COSETTE_CPW_W,CENFIRE-INLINE_probe08,,,,,,,2026-09-01 15:41:48,sense1,measure,ohm,1-7-10-15,1,,,2F01_2E12,DMM,-29,-18,
2-7-10-15,current,0.00999987,RESULT,,,,COSETTE_CPW_W,CENFIRE-INLINE_probe08,,,,,,,2026-09-01 15:41:48,force2,apply,A,2-7-10-15,2,,3.288789,2A11_4B11,SMU,-29,-19,
2-7-10-15,voltage,132.232,RESULT,,,,COSETTE_CPW_W,CENFIRE-INLINE_probe08,,,,,,,2026-09-01 15:41:48,sense2,measure,ohm,2-7-10-15,2,,,2F01_2E12,DMM,-29,-19,
1-7-11-15,current,0.00999981,RESULT,,,,COSETTE_CPW_W,CENFIRE-INLINE_probe08,,,,,,,2026-09-01 15:41:52,force1,apply,A,1-7-11-15,1,,0.04200045,2A11_4B11,SMU,-29,-27,
1-7-11-15,voltage,0.629592,RESULT,,,,COSETTE_CPW_W,CENFIRE-INLINE_probe08,,,,,,,2026-09-01 15:41:52,sense1,measure,ohm,1-7-11-15,1,,,2F01_2E12,DMM,-29,-27,
2-7-11-15,current,0.000291239,RESULT,,,,COSETTE_CPW_W,CENFIRE-INLINE_probe08,,,,,,,2026-09-01 15:41:52,force2,apply,A,2-7-11-15,2,,7.000396,2A11_4B11,SMU,-29,-28,
2-7-11-15,voltage,77.0448,RESULT,,,,COSETTE_CPW_W,CENFIRE-INLINE_probe08,,,,,,,2026-09-01 15:41:52,sense2,measure,ohm,2-7-11-15,2,,,2F01_2E12,DMM,-29,-28,
1-7-12-15,current,0.00999981,RESULT,,,,COSETTE_CPW_W,CENFIRE-INLINE_probe08,,,,,,,2026-09-01 15:41:57,force1,apply,A,1-7-12-15,1,,0.04253362,2A11_4B11,SMU,-29,-36,
1-7-12-15,voltage,0.647201,RESULT,,,,COSETTE_CPW_W,CENFIRE-INLINE_probe08,,,,,,,2026-09-01 15:41:57,sense1,measure,ohm,1-7-12-15,1,,,2F01_2E12,DMM,-29,-36,
2-7-12-15,current,6.86443e-05,RESULT,,,,COSETTE_CPW_W,CENFIRE-INLINE_probe08,,,,,,,2026-09-01 15:41:57,force2,apply,A,2-7-12-15,2,,7.00036,2A11_4B11,SMU,-29,-37,
2-7-12-15,voltage,135.909,RESULT,,,,COSETTE_CPW_W,CENFIRE-INLINE_probe08,,,,,,,2026-09-01 15:41:57,sense2,measure,ohm,2-7-12-15,2,,,2F01_2E12,DMM,-29,-37,
1-7-13-15,current,0.00999981,RESULT,,,,COSETTE_CPW_W,CENFIRE-INLINE_probe08,,,,,,,2026-09-01 15:42:02,force1,apply,A,1-7-13-15,1,,0.04314122,2A11_4B11,SMU,-29,-45,
1-7-13-15,voltage,0.666266,RESULT,,,,COSETTE_CPW_W,CENFIRE-INLINE_probe08,,,,,,,2026-09-01 15:42:02,sense1,measure,ohm,1-7-13-15,1,,,2F01_2E12,DMM,-29,-45,
2-7-13-15,current,0.00999988,RESULT,,,,COSETTE_CPW_W,CENFIRE-INLINE_probe08,,,,,,,2026-09-01 15:42:02,force2,apply,A,2-7-13-15,2,,3.551492,2A11_4B11,SMU,-29,-46,
2-7-13-15,voltage,135.135,RESULT,,,,COSETTE_CPW_W,CENFIRE-INLINE_probe08,,,,,,,2026-09-01 15:42:02,sense2,measure,ohm,2-7-13-15,2,,,2F01_2E12,DMM,-29,-46,
1-7-3-16,current,0.00999981,RESULT,,,,COSETTE_CPW_W,CENFIRE-INLINE_probe08,,,,,,,2026-09-01 15:42:07,force1,apply,A,1-7-3-16,1,,0.04269282,2A11_4B11,SMU,-36,45,
1-7-3-16,voltage,0.652447,RESULT,,,,COSETTE_CPW_W,CENFIRE-INLINE_probe08,,,,,,,2026-09-01 15:42:07,sense1,measure,ohm,1-7-3-16,1,,,2F01_2E12,DMM,-36,45,
2-7-3-16,current,0.00999987,RESULT,,,,COSETTE_CPW_W,CENFIRE-INLINE_probe08,,,,,,,2026-09-01 15:42:07,force2,apply,A,2-7-3-16,2,,3.902469,2A11_4B11,SMU,-36,44,
2-7-3-16,voltage,42.0286,RESULT,,,,COSETTE_CPW_W,CENFIRE-INLINE_probe08,,,,,,,2026-09-01 15:42:07,sense2,measure,ohm,2-7-3-16,2,,,2F01_2E12,DMM,-36,44,
1-7-4-16,current,0.00999981,RESULT,,,,COSETTE_CPW_W,CENFIRE-INLINE_probe08,,,,,,,2026-09-01 15:42:11,force1,apply,A,1-7-4-16,1,,0.04278959,2A11_4B11,SMU,-36,36,
1-7-4-16,voltage,0.650477,RESULT,,,,COSETTE_CPW_W,CENFIRE-INLINE_probe08,,,,,,,2026-09-01 15:42:11,sense1,measure,ohm,1-7-4-16,1,,,2F01_2E12,DMM,-36,36,
2-7-4-16,current,0.00999986,RESULT,,,,COSETTE_CPW_W,CENFIRE-INLINE_probe08,,,,,,,2026-09-01 15:42:11,force2,apply,A,2-7-4-16,2,,3.837363,2A11_4B11,SMU,-36,35,
2-7-4-16,voltage,0.584126,RESULT,,,,COSETTE_CPW_W,CENFIRE-INLINE_probe08,,,,,,,2026-09-01 15:42:11,sense2,measure,ohm,2-7-4-16,2,,,2F01_2E12,DMM,-36,35,
1-7-5-16,current,0.00999982,RESULT,,,,COSETTE_CPW_W,CENFIRE-INLINE_probe08,,,,,,,2026-09-01 15:42:16,force1,apply,A,1-7-5-16,1,,0.04233055,2A11_4B11,SMU,-36,27,
1-7-5-16,voltage,0.637663,RESULT,,,,COSETTE_CPW_W,CENFIRE-INLINE_probe08,,,,,,,2026-09-01 15:42:16,sense1,measure,ohm,1-7-5-16,1,,,2F01_2E12,DMM,-36,27,
2-7-5-16,current,0.00999987,RESULT,,,,COSETTE_CPW_W,CENFIRE-INLINE_probe08,,,,,,,2026-09-01 15:42:16,force2,apply,A,2-7-5-16,2,,3.712546,2A11_4B11,SMU,-36,26,
2-7-5-16,voltage,0.462873,RESULT,,,,COSETTE_CPW_W,CENFIRE-INLINE_probe08,,,,,,,2026-09-01 15:42:16,sense2,measure,ohm,2-7-5-16,2,,,2F01_2E12,DMM,-36,26,
1-7-6-16,current,0.00999982,RESULT,,,,COSETTE_CPW_W,CENFIRE-INLINE_probe08,,,,,,,2026-09-01 15:42:21,force1,apply,A,1-7-6-16,1,,0.04182941,2A11_4B11,SMU,-36,18,
1-7-6-16,voltage,0.623397,RESULT,,,,COSETTE_CPW_W,CENFIRE-INLINE_probe08,,,,,,,2026-09-01 15:42:21,sense1,measure,ohm,1-7-6-16,1,,,2F01_2E12,DMM,-36,18,
2-7-6-16,current,0.00999988,RESULT,,,,COSETTE_CPW_W,CENFIRE-INLINE_probe08,,,,,,,2026-09-01 15:42:21,force2,apply,A,2-7-6-16,2,,3.492864,2A11_4B11,SMU,-36,17,
2-7-6-16,voltage,132.507,RESULT,,,,COSETTE_CPW_W,CENFIRE-INLINE_probe08,,,,,,,2026-09-01 15:42:21,sense2,measure,ohm,2-7-6-16,2,,,2F01_2E12,DMM,-36,17,
1-7-7-16,current,0.00999982,RESULT,,,,COSETTE_CPW_W,CENFIRE-INLINE_probe08,,,,,,,2026-09-01 15:42:26,force1,apply,A,1-7-7-16,1,,0.04163402,2A11_4B11,SMU,-36,9,
1-7-7-16,voltage,0.614833,RESULT,,,,COSETTE_CPW_W,CENFIRE-INLINE_probe08,,,,,,,2026-09-01 15:42:26,sense1,measure,ohm,1-7-7-16,1,,,2F01_2E12,DMM,-36,9,
2-7-7-16,current,0.00999987,RESULT,,,,COSETTE_CPW_W,CENFIRE-INLINE_probe08,,,,,,,2026-09-01 15:42:26,force2,apply,A,2-7-7-16,2,,3.409291,2A11_4B11,SMU,-36,8,
2-7-7-16,voltage,132.262,RESULT,,,,COSETTE_CPW_W,CENFIRE-INLINE_probe08,,,,,,,2026-09-01 15:42:26,sense2,measure,ohm,2-7-7-16,2,,,2F01_2E12,DMM,-36,8,
1-7-8-16,current,0.00999983,RESULT,,,,COSETTE_CPW_W,CENFIRE-INLINE_probe08,,,,,,,2026-09-01 15:42:30,force1,apply,A,1-7-8-16,1,,0.04167021,2A11_4B11,SMU,-36,0,
1-7-8-16,voltage,0.615541,RESULT,,,,COSETTE_CPW_W,CENFIRE-INLINE_probe08,,,,,,,2026-09-01 15:42:30,sense1,measure,ohm,1-7-8-16,1,,,2F01_2E12,DMM,-36,0,
2-7-8-16,current,0.00999988,RESULT,,,,COSETTE_CPW_W,CENFIRE-INLINE_probe08,,,,,,,2026-09-01 15:42:30,force2,apply,A,2-7-8-16,2,,3.375901,2A11_4B11,SMU,-36,-1,
2-7-8-16,voltage,134.758,RESULT,,,,COSETTE_CPW_W,CENFIRE-INLINE_probe08,,,,,,,2026-09-01 15:42:30,sense2,measure,ohm,2-7-8-16,2,,,2F01_2E12,DMM,-36,-1,
1-7-9-16,current,0.00999983,RESULT,,,,COSETTE_CPW_W,CENFIRE-INLINE_probe08,,,,,,,2026-09-01 15:42:35,force1,apply,A,1-7-9-16,1,,0.04117214,2A11_4B11,SMU,-36,-9,
1-7-9-16,voltage,0.615477,RESULT,,,,COSETTE_CPW_W,CENFIRE-INLINE_probe08,,,,,,,2026-09-01 15:42:35,sense1,measure,ohm,1-7-9-16,1,,,2F01_2E12,DMM,-36,-9,
2-7-9-16,current,0.00999988,RESULT,,,,COSETTE_CPW_W,CENFIRE-INLINE_probe08,,,,,,,2026-09-01 15:42:35,force2,apply,A,2-7-9-16,2,,3.494527,2A11_4B11,SMU,-36,-10,
2-7-9-16,voltage,131.993,RESULT,,,,COSETTE_CPW_W,CENFIRE-INLINE_probe08,,,,,,,2026-09-01 15:42:35,sense2,measure,ohm,2-7-9-16,2,,,2F01_2E12,DMM,-36,-10,
1-7-10-16,current,0.00999983,RESULT,,,,COSETTE_CPW_W,CENFIRE-INLINE_probe08,,,,,,,2026-09-01 15:42:40,force1,apply,A,1-7-10-16,1,,0.0418925,2A11_4B11,SMU,-36,-18,
1-7-10-16,voltage,0.62278,RESULT,,,,COSETTE_CPW_W,CENFIRE-INLINE_probe08,,,,,,,2026-09-01 15:42:40,sense1,measure,ohm,1-7-10-16,1,,,2F01_2E12,DMM,-36,-18,
2-7-10-16,current,0.00999984,RESULT,,,,COSETTE_CPW_W,CENFIRE-INLINE_probe08,,,,,,,2026-09-01 15:42:40,force2,apply,A,2-7-10-16,2,,3.851522,2A11_4B11,SMU,-36,-19,
2-7-10-16,voltage,0.521491,RESULT,,,,COSETTE_CPW_W,CENFIRE-INLINE_probe08,,,,,,,2026-09-01 15:42:40,sense2,measure,ohm,2-7-10-16,2,,,2F01_2E12,DMM,-36,-19,
1-7-11-16,current,0.00999982,RESULT,,,,COSETTE_CPW_W,CENFIRE-INLINE_probe08,,,,,,,2026-09-01 15:42:44,force1,apply,A,1-7-11-16,1,,0.0424144,2A11_4B11,SMU,-36,-27,
1-7-11-16,voltage,0.639937,RESULT,,,,COSETTE_CPW_W,CENFIRE-INLINE_probe08,,,,,,,2026-09-01 15:42:44,sense1,measure,ohm,1-7-11-16,1,,,2F01_2E12,DMM,-36,-27,
2-7-11-16,current,0.00999989,RESULT,,,,COSETTE_CPW_W,CENFIRE-INLINE_probe08,,,,,,,2026-09-01 15:42:44,force2,apply,A,2-7-11-16,2,,3.462563,2A11_4B11,SMU,-36,-28,
2-7-11-16,voltage,109.35,RESULT,,,,COSETTE_CPW_W,CENFIRE-INLINE_probe08,,,,,,,2026-09-01 15:42:44,sense2,measure,ohm,2-7-11-16,2,,,2F01_2E12,DMM,-36,-28,
1-7-12-16,current,0.00999983,RESULT,,,,COSETTE_CPW_W,CENFIRE-INLINE_probe08,,,,,,,2026-09-01 15:42:49,force1,apply,A,1-7-12-16,1,,0.04293064,2A11_4B11,SMU,-36,-36,
1-7-12-16,voltage,0.660079,RESULT,,,,COSETTE_CPW_W,CENFIRE-INLINE_probe08,,,,,,,2026-09-01 15:42:49,sense1,measure,ohm,1-7-12-16,1,,,2F01_2E12,DMM,-36,-36,
2-7-12-16,current,0.00999985,RESULT,,,,COSETTE_CPW_W,CENFIRE-INLINE_probe08,,,,,,,2026-09-01 15:42:49,force2,apply,A,2-7-12-16,2,,3.800339,2A11_4B11,SMU,-36,-37,
2-7-12-16,voltage,18.3113,RESULT,,,,COSETTE_CPW_W,CENFIRE-INLINE_probe08,,,,,,,2026-09-01 15:42:49,sense2,measure,ohm,2-7-12-16,2,,,2F01_2E12,DMM,-36,-37,
1-7-13-16,current,0.00999983,RESULT,,,,COSETTE_CPW_W,CENFIRE-INLINE_probe08,,,,,,,2026-09-01 15:42:53,force1,apply,A,1-7-13-16,1,,0.04307428,2A11_4B11,SMU,-36,-45,
1-7-13-16,voltage,0.667002,RESULT,,,,COSETTE_CPW_W,CENFIRE-INLINE_probe08,,,,,,,2026-09-01 15:42:53,sense1,measure,ohm,1-7-13-16,1,,,2F01_2E12,DMM,-36,-45,
2-7-13-16,current,0.00999988,RESULT,,,,COSETTE_CPW_W,CENFIRE-INLINE_probe08,,,,,,,2026-09-01 15:42:53,force2,apply,A,2-7-13-16,2,,3.25006,2A11_4B11,SMU,-36,-46,
2-7-13-16,voltage,144.523,RESULT,,,,COSETTE_CPW_W,CENFIRE-INLINE_probe08,,,,,,,2026-09-01 15:42:53,sense2,measure,ohm,2-7-13-16,2,,,2F01_2E12,DMM,-36,-46,
1-7-4-17,current,0.00999983,RESULT,,,,COSETTE_CPW_W,CENFIRE-INLINE_probe08,,,,,,,2026-09-01 15:42:58,force1,apply,A,1-7-4-17,1,,0.04270167,2A11_4B11,SMU,-43,36,
1-7-4-17,voltage,0.648787,RESULT,,,,COSETTE_CPW_W,CENFIRE-INLINE_probe08,,,,,,,2026-09-01 15:42:58,sense1,measure,ohm,1-7-4-17,1,,,2F01_2E12,DMM,-43,36,
2-7-4-17,current,0.00999984,RESULT,,,,COSETTE_CPW_W,CENFIRE-INLINE_probe08,,,,,,,2026-09-01 15:42:58,force2,apply,A,2-7-4-17,2,,4.11974,2A11_4B11,SMU,-43,35,
2-7-4-17,voltage,0.782414,RESULT,,,,COSETTE_CPW_W,CENFIRE-INLINE_probe08,,,,,,,2026-09-01 15:42:58,sense2,measure,ohm,2-7-4-17,2,,,2F01_2E12,DMM,-43,35,
1-7-5-17,current,0.00999982,RESULT,,,,COSETTE_CPW_W,CENFIRE-INLINE_probe08,,,,,,,2026-09-01 15:43:03,force1,apply,A,1-7-5-17,1,,0.0427358,2A11_4B11,SMU,-43,27,
1-7-5-17,voltage,0.639131,RESULT,,,,COSETTE_CPW_W,CENFIRE-INLINE_probe08,,,,,,,2026-09-01 15:43:03,sense1,measure,ohm,1-7-5-17,1,,,2F01_2E12,DMM,-43,27,
2-7-5-17,current,0.00999988,RESULT,,,,COSETTE_CPW_W,CENFIRE-INLINE_probe08,,,,,,,2026-09-01 15:43:03,force2,apply,A,2-7-5-17,2,,3.765228,2A11_4B11,SMU,-43,26,
2-7-5-17,voltage,39.8713,RESULT,,,,COSETTE_CPW_W,CENFIRE-INLINE_probe08,,,,,,,2026-09-01 15:43:03,sense2,measure,ohm,2-7-5-17,2,,,2F01_2E12,DMM,-43,26,
1-7-6-17,current,0.00999983,RESULT,,,,COSETTE_CPW_W,CENFIRE-INLINE_probe08,,,,,,,2026-09-01 15:43:08,force1,apply,A,1-7-6-17,1,,0.04185058,2A11_4B11,SMU,-43,18,
1-7-6-17,voltage,0.632069,RESULT,,,,COSETTE_CPW_W,CENFIRE-INLINE_probe08,,,,,,,2026-09-01 15:43:08,sense1,measure,ohm,1-7-6-17,1,,,2F01_2E12,DMM,-43,18,
2-7-6-17,current,0.00999982,RESULT,,,,COSETTE_CPW_W,CENFIRE-INLINE_probe08,,,,,,,2026-09-01 15:43:08,force2,apply,A,2-7-6-17,2,,4.038218,2A11_4B11,SMU,-43,17,
2-7-6-17,voltage,0.90947,RESULT,,,,COSETTE_CPW_W,CENFIRE-INLINE_probe08,,,,,,,2026-09-01 15:43:08,sense2,measure,ohm,2-7-6-17,2,,,2F01_2E12,DMM,-43,17,
1-7-7-17,current,0.00999982,RESULT,,,,COSETTE_CPW_W,CENFIRE-INLINE_probe08,,,,,,,2026-09-01 15:43:12,force1,apply,A,1-7-7-17,1,,0.04172077,2A11_4B11,SMU,-43,9,
1-7-7-17,voltage,0.627827,RESULT,,,,COSETTE_CPW_W,CENFIRE-INLINE_probe08,,,,,,,2026-09-01 15:43:12,sense1,measure,ohm,1-7-7-17,1,,,2F01_2E12,DMM,-43,9,
2-7-7-17,current,0.00999985,RESULT,,,,COSETTE_CPW_W,CENFIRE-INLINE_probe08,,,,,,,2026-09-01 15:43:12,force2,apply,A,2-7-7-17,2,,3.857113,2A11_4B11,SMU,-43,8,
2-7-7-17,voltage,105.086,RESULT,,,,COSETTE_CPW_W,CENFIRE-INLINE_probe08,,,,,,,2026-09-01 15:43:12,sense2,measure,ohm,2-7-7-17,2,,,2F01_2E12,DMM,-43,8,
1-7-8-17,current,0.00999983,RESULT,,,,COSETTE_CPW_W,CENFIRE-INLINE_probe08,,,,,,,2026-09-01 15:43:17,force1,apply,A,1-7-8-17,1,,0.04201042,2A11_4B11,SMU,-43,0,
1-7-8-17,voltage,0.621278,RESULT,,,,COSETTE_CPW_W,CENFIRE-INLINE_probe08,,,,,,,2026-09-01 15:43:17,sense1,measure,ohm,1-7-8-17,1,,,2F01_2E12,DMM,-43,0,
2-7-8-17,current,0.0099993,RESULT,,,,COSETTE_CPW_W,CENFIRE-INLINE_probe08,,,,,,,2026-09-01 15:43:17,force2,apply,A,2-7-8-17,2,,3.41762,2A11_4B11,SMU,-43,-1,
2-7-8-17,voltage,135.929,RESULT,,,,COSETTE_CPW_W,CENFIRE-INLINE_probe08,,,,,,,2026-09-01 15:43:17,sense2,measure,ohm,2-7-8-17,2,,,2F01_2E12,DMM,-43,-1,
1-7-9-17,current,0.00999983,RESULT,,,,COSETTE_CPW_W,CENFIRE-INLINE_probe08,,,,,,,2026-09-01 15:43:22,force1,apply,A,1-7-9-17,1,,0.04168138,2A11_4B11,SMU,-43,-9,
1-7-9-17,voltage,0.631719,RESULT,,,,COSETTE_CPW_W,CENFIRE-INLINE_probe08,,,,,,,2026-09-01 15:43:22,sense1,measure,ohm,1-7-9-17,1,,,2F01_2E12,DMM,-43,-9,
2-7-9-17,current,0.00999985,RESULT,,,,COSETTE_CPW_W,CENFIRE-INLINE_probe08,,,,,,,2026-09-01 15:43:22,force2,apply,A,2-7-9-17,2,,3.687596,2A11_4B11,SMU,-43,-10,
2-7-9-17,voltage,133.152,RESULT,,,,COSETTE_CPW_W,CENFIRE-INLINE_probe08,,,,,,,2026-09-01 15:43:22,sense2,measure,ohm,2-7-9-17,2,,,2F01_2E12,DMM,-43,-10,
1-7-10-17,current,0.00999984,RESULT,,,,COSETTE_CPW_W,CENFIRE-INLINE_probe08,,,,,,,2026-09-01 15:43:26,force1,apply,A,1-7-10-17,1,,0.04224321,2A11_4B11,SMU,-43,-18,
1-7-10-17,voltage,0.640005,RESULT,,,,COSETTE_CPW_W,CENFIRE-INLINE_probe08,,,,,,,2026-09-01 15:43:26,sense1,measure,ohm,1-7-10-17,1,,,2F01_2E12,DMM,-43,-18,
2-7-10-17,current,0.000750051,RESULT,,,,COSETTE_CPW_W,CENFIRE-INLINE_probe08,,,,,,,2026-09-01 15:43:26,force2,apply,A,2-7-10-17,2,,7.000453,2A11_4B11,SMU,-43,-19,
2-7-10-17,voltage,56.88,RESULT,,,,COSETTE_CPW_W,CENFIRE-INLINE_probe08,,,,,,,2026-09-01 15:43:26,sense2,measure,ohm,2-7-10-17,2,,,2F01_2E12,DMM,-43,-19,
1-7-11-17,current,0.00999983,RESULT,,,,COSETTE_CPW_W,CENFIRE-INLINE_probe08,,,,,,,2026-09-01 15:43:31,force1,apply,A,1-7-11-17,1,,0.04262755,2A11_4B11,SMU,-43,-27,
1-7-11-17,voltage,0.652476,RESULT,,,,COSETTE_CPW_W,CENFIRE-INLINE_probe08,,,,,,,2026-09-01 15:43:31,sense1,measure,ohm,1-7-11-17,1,,,2F01_2E12,DMM,-43,-27,
2-7-11-17,current,0.0100003,RESULT,,,,COSETTE_CPW_W,CENFIRE-INLINE_probe08,,,,,,,2026-09-01 15:43:31,force2,apply,A,2-7-11-17,2,,3.588412,2A11_4B11,SMU,-43,-28,
2-7-11-17,voltage,0.422797,RESULT,,,,COSETTE_CPW_W,CENFIRE-INLINE_probe08,,,,,,,2026-09-01 15:43:31,sense2,measure,ohm,2-7-11-17,2,,,2F01_2E12,DMM,-43,-28,
1-7-12-17,current,0.00999982,RESULT,,,,COSETTE_CPW_W,CENFIRE-INLINE_probe08,,,,,,,2026-09-01 15:43:36,force1,apply,A,1-7-12-17,1,,0.04309417,2A11_4B11,SMU,-43,-36,
1-7-12-17,voltage,0.658956,RESULT,,,,COSETTE_CPW_W,CENFIRE-INLINE_probe08,,,,,,,2026-09-01 15:43:36,sense1,measure,ohm,1-7-12-17,1,,,2F01_2E12,DMM,-43,-36,
2-7-12-17,current,0.00999988,RESULT,,,,COSETTE_CPW_W,CENFIRE-INLINE_probe08,,,,,,,2026-09-01 15:43:36,force2,apply,A,2-7-12-17,2,,3.064496,2A11_4B11,SMU,-43,-37,
2-7-12-17,voltage,138.072,RESULT,,,,COSETTE_CPW_W,CENFIRE-INLINE_probe08,,,,,,,2026-09-01 15:43:36,sense2,measure,ohm,2-7-12-17,2,,,2F01_2E12,DMM,-43,-37,
1-7-5-18,current,0.00999983,RESULT,,,,COSETTE_CPW_W,CENFIRE-INLINE_probe08,,,,,,,2026-09-01 15:43:40,force1,apply,A,1-7-5-18,1,,0.04238468,2A11_4B11,SMU,-50,27,
1-7-5-18,voltage,0.644532,RESULT,,,,COSETTE_CPW_W,CENFIRE-INLINE_probe08,,,,,,,2026-09-01 15:43:40,sense1,measure,ohm,1-7-5-18,1,,,2F01_2E12,DMM,-50,27,
2-7-5-18,current,0.00999988,RESULT,,,,COSETTE_CPW_W,CENFIRE-INLINE_probe08,,,,,,,2026-09-01 15:43:40,force2,apply,A,2-7-5-18,2,,3.589282,2A11_4B11,SMU,-50,26,
2-7-5-18,voltage,135.641,RESULT,,,,COSETTE_CPW_W,CENFIRE-INLINE_probe08,,,,,,,2026-09-01 15:43:40,sense2,measure,ohm,2-7-5-18,2,,,2F01_2E12,DMM,-50,26,
1-7-6-18,current,0.00999982,RESULT,,,,COSETTE_CPW_W,CENFIRE-INLINE_probe08,,,,,,,2026-09-01 15:43:45,force1,apply,A,1-7-6-18,1,,0.04196749,2A11_4B11,SMU,-50,18,
1-7-6-18,voltage,0.639386,RESULT,,,,COSETTE_CPW_W,CENFIRE-INLINE_probe08,,,,,,,2026-09-01 15:43:45,sense1,measure,ohm,1-7-6-18,1,,,2F01_2E12,DMM,-50,18,
2-7-6-18,current,0.00999988,RESULT,,,,COSETTE_CPW_W,CENFIRE-INLINE_probe08,,,,,,,2026-09-01 15:43:45,force2,apply,A,2-7-6-18,2,,3.614113,2A11_4B11,SMU,-50,17,
2-7-6-18,voltage,135.24,RESULT,,,,COSETTE_CPW_W,CENFIRE-INLINE_probe08,,,,,,,2026-09-01 15:43:45,sense2,measure,ohm,2-7-6-18,2,,,2F01_2E12,DMM,-50,17,
1-7-7-18,current,0.00999983,RESULT,,,,COSETTE_CPW_W,CENFIRE-INLINE_probe08,,,,,,,2026-09-01 15:43:50,force1,apply,A,1-7-7-18,1,,0.04146536,2A11_4B11,SMU,-50,9,
1-7-7-18,voltage,0.636414,RESULT,,,,COSETTE_CPW_W,CENFIRE-INLINE_probe08,,,,,,,2026-09-01 15:43:50,sense1,measure,ohm,1-7-7-18,1,,,2F01_2E12,DMM,-50,9,
2-7-7-18,current,0.00999989,RESULT,,,,COSETTE_CPW_W,CENFIRE-INLINE_probe08,,,,,,,2026-09-01 15:43:50,force2,apply,A,2-7-7-18,2,,3.542556,2A11_4B11,SMU,-50,8,
2-7-7-18,voltage,137.657,RESULT,,,,COSETTE_CPW_W,CENFIRE-INLINE_probe08,,,,,,,2026-09-01 15:43:50,sense2,measure,ohm,2-7-7-18,2,,,2F01_2E12,DMM,-50,8,
1-7-8-18,current,0.00999982,RESULT,,,,COSETTE_CPW_W,CENFIRE-INLINE_probe08,,,,,,,2026-09-01 15:43:54,force1,apply,A,1-7-8-18,1,,0.04179239,2A11_4B11,SMU,-50,0,
1-7-8-18,voltage,0.637081,RESULT,,,,COSETTE_CPW_W,CENFIRE-INLINE_probe08,,,,,,,2026-09-01 15:43:54,sense1,measure,ohm,1-7-8-18,1,,,2F01_2E12,DMM,-50,0,
2-7-8-18,current,0.00999987,RESULT,,,,COSETTE_CPW_W,CENFIRE-INLINE_probe08,,,,,,,2026-09-01 15:43:54,force2,apply,A,2-7-8-18,2,,3.598324,2A11_4B11,SMU,-50,-1,
2-7-8-18,voltage,17.5913,RESULT,,,,COSETTE_CPW_W,CENFIRE-INLINE_probe08,,,,,,,2026-09-01 15:43:54,sense2,measure,ohm,2-7-8-18,2,,,2F01_2E12,DMM,-50,-1,
1-7-9-18,current,0.00999981,RESULT,,,,COSETTE_CPW_W,CENFIRE-INLINE_probe08,,,,,,,2026-09-01 15:43:59,force1,apply,A,1-7-9-18,1,,0.0421019,2A11_4B11,SMU,-50,-9,
1-7-9-18,voltage,0.642811,RESULT,,,,COSETTE_CPW_W,CENFIRE-INLINE_probe08,,,,,,,2026-09-01 15:43:59,sense1,measure,ohm,1-7-9-18,1,,,2F01_2E12,DMM,-50,-9,
2-7-9-18,current,0.00999988,RESULT,,,,COSETTE_CPW_W,CENFIRE-INLINE_probe08,,,,,,,2026-09-01 15:43:59,force2,apply,A,2-7-9-18,2,,3.237875,2A11_4B11,SMU,-50,-10,
2-7-9-18,voltage,138.078,RESULT,,,,COSETTE_CPW_W,CENFIRE-INLINE_probe08,,,,,,,2026-09-01 15:43:59,sense2,measure,ohm,2-7-9-18,2,,,2F01_2E12,DMM,-50,-10,
1-7-10-18,current,0.00999981,RESULT,,,,COSETTE_CPW_W,CENFIRE-INLINE_probe08,,,,,,,2026-09-01 15:44:04,force1,apply,A,1-7-10-18,1,,0.04224451,2A11_4B11,SMU,-50,-18,
1-7-10-18,voltage,0.646722,RESULT,,,,COSETTE_CPW_W,CENFIRE-INLINE_probe08,,,,,,,2026-09-01 15:44:04,sense1,measure,ohm,1-7-10-18,1,,,2F01_2E12,DMM,-50,-18,
2-7-10-18,current,0.00999987,RESULT,,,,COSETTE_CPW_W,CENFIRE-INLINE_probe08,,,,,,,2026-09-01 15:44:04,force2,apply,A,2-7-10-18,2,,3.827621,2A11_4B11,SMU,-50,-19,
2-7-10-18,voltage,138.944,RESULT,,,,COSETTE_CPW_W,CENFIRE-INLINE_probe08,,,,,,,2026-09-01 15:44:04,sense2,measure,ohm,2-7-10-18,2,,,2F01_2E12,DMM,-50,-19,
1-7-11-18,current,0.00999981,RESULT,,,,COSETTE_CPW_W,CENFIRE-INLINE_probe08,,,,,,,2026-09-01 15:44:08,force1,apply,A,1-7-11-18,1,,0.04296128,2A11_4B11,SMU,-50,-27,
1-7-11-18,voltage,0.654595,RESULT,,,,COSETTE_CPW_W,CENFIRE-INLINE_probe08,,,,,,,2026-09-01 15:44:08,sense1,measure,ohm,1-7-11-18,1,,,2F01_2E12,DMM,-50,-27,
2-7-11-18,current,0.00999987,RESULT,,,,COSETTE_CPW_W,CENFIRE-INLINE_probe08,,,,,,,2026-09-01 15:44:08,force2,apply,A,2-7-11-18,2,,3.064031,2A11_4B11,SMU,-50,-28,
2-7-11-18,voltage,142.85,RESULT,,,,COSETTE_CPW_W,CENFIRE-INLINE_probe08,,,,,,,2026-09-01 15:44:08,sense2,measure,ohm,2-7-11-18,2,,,2F01_2E12,DMM,-50,-28,
1-7-7-19,current,0.00999983,RESULT,,,,COSETTE_CPW_W,CENFIRE-INLINE_probe08,,,,,,,2026-09-01 15:44:13,force1,apply,A,1-7-7-19,1,,0.0419374,2A11_4B11,SMU,-57,9,
1-7-7-19,voltage,0.654347,RESULT,,,,COSETTE_CPW_W,CENFIRE-INLINE_probe08,,,,,,,2026-09-01 15:44:13,sense1,measure,ohm,1-7-7-19,1,,,2F01_2E12,DMM,-57,9,
2-7-7-19,current,0.00999987,RESULT,,,,COSETTE_CPW_W,CENFIRE-INLINE_probe08,,,,,,,2026-09-01 15:44:13,force2,apply,A,2-7-7-19,2,,3.407155,2A11_4B11,SMU,-57,8,
2-7-7-19,voltage,136.396,RESULT,,,,COSETTE_CPW_W,CENFIRE-INLINE_probe08,,,,,,,2026-09-01 15:44:13,sense2,measure,ohm,2-7-7-19,2,,,2F01_2E12,DMM,-57,8,
1-7-8-19,current,0.00999982,RESULT,,,,COSETTE_CPW_W,CENFIRE-INLINE_probe08,,,,,,,2026-09-01 15:44:18,force1,apply,A,1-7-8-19,1,,0.04188775,2A11_4B11,SMU,-57,0,
1-7-8-19,voltage,0.655347,RESULT,,,,COSETTE_CPW_W,CENFIRE-INLINE_probe08,,,,,,,2026-09-01 15:44:18,sense1,measure,ohm,1-7-8-19,1,,,2F01_2E12,DMM,-57,0,
2-7-8-19,current,0.00999987,RESULT,,,,COSETTE_CPW_W,CENFIRE-INLINE_probe08,,,,,,,2026-09-01 15:44:18,force2,apply,A,2-7-8-19,2,,3.240721,2A11_4B11,SMU,-57,-1,
2-7-8-19,voltage,138.746,RESULT,,,,COSETTE_CPW_W,CENFIRE-INLINE_probe08,,,,,,,2026-09-01 15:44:18,sense2,measure,ohm,2-7-8-19,2,,,2F01_2E12,DMM,-57,-1,
1-7-9-19,current,0.00999981,RESULT,,,,COSETTE_CPW_W,CENFIRE-INLINE_probe08,,,,,,,2026-09-01 15:44:23,force1,apply,A,1-7-9-19,1,,0.04228796,2A11_4B11,SMU,-57,-9,
1-7-9-19,voltage,0.659801,RESULT,,,,COSETTE_CPW_W,CENFIRE-INLINE_probe08,,,,,,,2026-09-01 15:44:23,sense1,measure,ohm,1-7-9-19,1,,,2F01_2E12,DMM,-57,-9,
2-7-9-19,current,0.00999988,RESULT,,,,COSETTE_CPW_W,CENFIRE-INLINE_probe08,,,,,,,2026-09-01 15:44:23,force2,apply,A,2-7-9-19,2,,3.275653,2A11_4B11,SMU,-57,-10,
2-7-9-19,voltage,139.916,RESULT,,,,COSETTE_CPW_W,CENFIRE-INLINE_probe08,,,,,,,2026-09-01 15:44:23,sense2,measure,ohm,2-7-9-19,2,,,2F01_2E12,DMM,-57,-10,
,,,DIE,,,,,,,,,,,,,,,,,,,,,,69,9,PASS
,,,DIE,,,,,,,,,,,,,,,,,,,,,,69,8,FAIL
,,,DIE,,,,,,,,,,,,,,,,,,,,,,69,0,PASS
,,,DIE,,,,,,,,,,,,,,,,,,,,,,69,-1,FAIL
,,,DIE,,,,,,,,,,,,,,,,,,,,,,69,-9,PASS
,,,DIE,,,,,,,,,,,,,,,,,,,,,,69,-10,FAIL
,,,DIE,,,,,,,,,,,,,,,,,,,,,,62,27,PASS
,,,DIE,,,,,,,,,,,,,,,,,,,,,,62,26,FAIL
,,,DIE,,,,,,,,,,,,,,,,,,,,,,62,18,PASS
,,,DIE,,,,,,,,,,,,,,,,,,,,,,62,17,PASS
,,,DIE,,,,,,,,,,,,,,,,,,,,,,62,9,PASS
,,,DIE,,,,,,,,,,,,,,,,,,,,,,62,8,PASS
,,,DIE,,,,,,,,,,,,,,,,,,,,,,62,0,PASS
,,,DIE,,,,,,,,,,,,,,,,,,,,,,62,-1,FAIL
,,,DIE,,,,,,,,,,,,,,,,,,,,,,62,-9,PASS
,,,DIE,,,,,,,,,,,,,,,,,,,,,,62,-10,FAIL
,,,DIE,,,,,,,,,,,,,,,,,,,,,,62,-18,PASS
,,,DIE,,,,,,,,,,,,,,,,,,,,,,62,-19,FAIL
,,,DIE,,,,,,,,,,,,,,,,,,,,,,62,-27,PASS
,,,DIE,,,,,,,,,,,,,,,,,,,,,,62,-28,FAIL
,,,DIE,,,,,,,,,,,,,,,,,,,,,,55,36,PASS
,,,DIE,,,,,,,,,,,,,,,,,,,,,,55,35,PASS
,,,DIE,,,,,,,,,,,,,,,,,,,,,,55,27,PASS
,,,DIE,,,,,,,,,,,,,,,,,,,,,,55,26,PASS
,,,DIE,,,,,,,,,,,,,,,,,,,,,,55,18,PASS
,,,DIE,,,,,,,,,,,,,,,,,,,,,,55,17,FAIL
,,,DIE,,,,,,,,,,,,,,,,,,,,,,55,9,PASS
,,,DIE,,,,,,,,,,,,,,,,,,,,,,55,8,FAIL
,,,DIE,,,,,,,,,,,,,,,,,,,,,,55,0,PASS
,,,DIE,,,,,,,,,,,,,,,,,,,,,,55,-1,FAIL
,,,DIE,,,,,,,,,,,,,,,,,,,,,,55,-9,PASS
,,,DIE,,,,,,,,,,,,,,,,,,,,,,55,-10,FAIL
,,,DIE,,,,,,,,,,,,,,,,,,,,,,55,-18,PASS
,,,DIE,,,,,,,,,,,,,,,,,,,,,,55,-19,FAIL
,,,DIE,,,,,,,,,,,,,,,,,,,,,,55,-27,PASS
,,,DIE,,,,,,,,,,,,,,,,,,,,,,55,-28,FAIL
,,,DIE,,,,,,,,,,,,,,,,,,,,,,55,-36,PASS
,,,DIE,,,,,,,,,,,,,,,,,,,,,,55,-37,FAIL
,,,DIE,,,,,,,,,,,,,,,,,,,,,,48,45,PASS
,,,DIE,,,,,,,,,,,,,,,,,,,,,,48,44,FAIL
,,,DIE,,,,,,,,,,,,,,,,,,,,,,48,36,PASS
,,,DIE,,,,,,,,,,,,,,,,,,,,,,48,35,FAIL
,,,DIE,,,,,,,,,,,,,,,,,,,,,,48,27,PASS
,,,DIE,,,,,,,,,,,,,,,,,,,,,,48,26,FAIL
,,,DIE,,,,,,,,,,,,,,,,,,,,,,48,18,PASS
,,,DIE,,,,,,,,,,,,,,,,,,,,,,48,17,FAIL
,,,DIE,,,,,,,,,,,,,,,,,,,,,,48,9,PASS
,,,DIE,,,,,,,,,,,,,,,,,,,,,,48,8,FAIL
,,,DIE,,,,,,,,,,,,,,,,,,,,,,48,0,PASS
,,,DIE,,,,,,,,,,,,,,,,,,,,,,48,-1,FAIL
,,,DIE,,,,,,,,,,,,,,,,,,,,,,48,-9,PASS
,,,DIE,,,,,,,,,,,,,,,,,,,,,,48,-10,FAIL
,,,DIE,,,,,,,,,,,,,,,,,,,,,,48,-18,PASS
,,,DIE,,,,,,,,,,,,,,,,,,,,,,48,-19,FAIL
,,,DIE,,,,,,,,,,,,,,,,,,,,,,48,-27,PASS
,,,DIE,,,,,,,,,,,,,,,,,,,,,,48,-28,FAIL
,,,DIE,,,,,,,,,,,,,,,,,,,,,,48,-36,PASS
,,,DIE,,,,,,,,,,,,,,,,,,,,,,48,-37,FAIL
,,,DIE,,,,,,,,,,,,,,,,,,,,,,48,-45,PASS
,,,DIE,,,,,,,,,,,,,,,,,,,,,,48,-46,FAIL
,,,DIE,,,,,,,,,,,,,,,,,,,,,,41,45,PASS
,,,DIE,,,,,,,,,,,,,,,,,,,,,,41,44,FAIL
,,,DIE,,,,,,,,,,,,,,,,,,,,,,41,36,PASS
,,,DIE,,,,,,,,,,,,,,,,,,,,,,41,35,FAIL
,,,DIE,,,,,,,,,,,,,,,,,,,,,,41,27,PASS
,,,DIE,,,,,,,,,,,,,,,,,,,,,,41,26,FAIL
,,,DIE,,,,,,,,,,,,,,,,,,,,,,41,18,PASS
,,,DIE,,,,,,,,,,,,,,,,,,,,,,41,17,PASS
,,,DIE,,,,,,,,,,,,,,,,,,,,,,41,9,PASS
,,,DIE,,,,,,,,,,,,,,,,,,,,,,41,8,PASS
,,,DIE,,,,,,,,,,,,,,,,,,,,,,41,0,PASS
,,,DIE,,,,,,,,,,,,,,,,,,,,,,41,-1,PASS
,,,DIE,,,,,,,,,,,,,,,,,,,,,,41,-9,PASS
,,,DIE,,,,,,,,,,,,,,,,,,,,,,41,-10,PASS
,,,DIE,,,,,,,,,,,,,,,,,,,,,,41,-18,PASS
,,,DIE,,,,,,,,,,,,,,,,,,,,,,41,-19,PASS
,,,DIE,,,,,,,,,,,,,,,,,,,,,,41,-27,PASS
,,,DIE,,,,,,,,,,,,,,,,,,,,,,41,-28,PASS
,,,DIE,,,,,,,,,,,,,,,,,,,,,,41,-36,PASS
,,,DIE,,,,,,,,,,,,,,,,,,,,,,41,-37,FAIL
,,,DIE,,,,,,,,,,,,,,,,,,,,,,41,-45,PASS
,,,DIE,,,,,,,,,,,,,,,,,,,,,,41,-46,PASS
,,,DIE,,,,,,,,,,,,,,,,,,,,,,34,54,PASS
,,,DIE,,,,,,,,,,,,,,,,,,,,,,34,53,FAIL
,,,DIE,,,,,,,,,,,,,,,,,,,,,,34,45,PASS
,,,DIE,,,,,,,,,,,,,,,,,,,,,,34,44,FAIL
,,,DIE,,,,,,,,,,,,,,,,,,,,,,34,36,PASS
,,,DIE,,,,,,,,,,,,,,,,,,,,,,34,35,FAIL
,,,DIE,,,,,,,,,,,,,,,,,,,,,,34,27,PASS
,,,DIE,,,,,,,,,,,,,,,,,,,,,,34,26,PASS
,,,DIE,,,,,,,,,,,,,,,,,,,,,,34,18,PASS
,,,DIE,,,,,,,,,,,,,,,,,,,,,,34,17,PASS
,,,DIE,,,,,,,,,,,,,,,,,,,,,,34,9,PASS
,,,DIE,,,,,,,,,,,,,,,,,,,,,,34,8,PASS
,,,DIE,,,,,,,,,,,,,,,,,,,,,,34,0,PASS
,,,DIE,,,,,,,,,,,,,,,,,,,,,,34,-1,PASS
,,,DIE,,,,,,,,,,,,,,,,,,,,,,34,-9,PASS
,,,DIE,,,,,,,,,,,,,,,,,,,,,,34,-10,PASS
,,,DIE,,,,,,,,,,,,,,,,,,,,,,34,-18,PASS
,,,DIE,,,,,,,,,,,,,,,,,,,,,,34,-19,PASS
,,,DIE,,,,,,,,,,,,,,,,,,,,,,34,-27,PASS
,,,DIE,,,,,,,,,,,,,,,,,,,,,,34,-28,PASS
,,,DIE,,,,,,,,,,,,,,,,,,,,,,34,-36,PASS
,,,DIE,,,,,,,,,,,,,,,,,,,,,,34,-37,PASS
,,,DIE,,,,,,,,,,,,,,,,,,,,,,34,-45,PASS
,,,DIE,,,,,,,,,,,,,,,,,,,,,,34,-46,FAIL
,,,DIE,,,,,,,,,,,,,,,,,,,,,,34,-54,PASS
,,,DIE,,,,,,,,,,,,,,,,,,,,,,34,-55,FAIL
,,,DIE,,,,,,,,,,,,,,,,,,,,,,27,54,PASS
,,,DIE,,,,,,,,,,,,,,,,,,,,,,27,53,FAIL
,,,DIE,,,,,,,,,,,,,,,,,,,,,,27,45,PASS
,,,DIE,,,,,,,,,,,,,,,,,,,,,,27,44,FAIL
,,,DIE,,,,,,,,,,,,,,,,,,,,,,27,36,PASS
,,,DIE,,,,,,,,,,,,,,,,,,,,,,27,35,PASS
,,,DIE,,,,,,,,,,,,,,,,,,,,,,27,27,PASS
,,,DIE,,,,,,,,,,,,,,,,,,,,,,27,26,PASS
,,,DIE,,,,,,,,,,,,,,,,,,,,,,27,18,PASS
,,,DIE,,,,,,,,,,,,,,,,,,,,,,27,17,PASS
,,,DIE,,,,,,,,,,,,,,,,,,,,,,27,9,PASS
,,,DIE,,,,,,,,,,,,,,,,,,,,,,27,8,PASS
,,,DIE,,,,,,,,,,,,,,,,,,,,,,27,0,PASS
,,,DIE,,,,,,,,,,,,,,,,,,,,,,27,-1,PASS
,,,DIE,,,,,,,,,,,,,,,,,,,,,,27,-9,PASS
,,,DIE,,,,,,,,,,,,,,,,,,,,,,27,-10,PASS
,,,DIE,,,,,,,,,,,,,,,,,,,,,,27,-18,PASS
,,,DIE,,,,,,,,,,,,,,,,,,,,,,27,-19,PASS
,,,DIE,,,,,,,,,,,,,,,,,,,,,,27,-27,PASS
,,,DIE,,,,,,,,,,,,,,,,,,,,,,27,-28,PASS
,,,DIE,,,,,,,,,,,,,,,,,,,,,,27,-36,PASS
,,,DIE,,,,,,,,,,,,,,,,,,,,,,27,-37,PASS
,,,DIE,,,,,,,,,,,,,,,,,,,,,,27,-45,PASS
,,,DIE,,,,,,,,,,,,,,,,,,,,,,27,-46,FAIL
,,,DIE,,,,,,,,,,,,,,,,,,,,,,27,-54,PASS
,,,DIE,,,,,,,,,,,,,,,,,,,,,,27,-55,FAIL
,,,DIE,,,,,,,,,,,,,,,,,,,,,,20,54,PASS
,,,DIE,,,,,,,,,,,,,,,,,,,,,,20,53,PASS
,,,DIE,,,,,,,,,,,,,,,,,,,,,,20,45,PASS
,,,DIE,,,,,,,,,,,,,,,,,,,,,,20,44,PASS
,,,DIE,,,,,,,,,,,,,,,,,,,,,,20,36,PASS
,,,DIE,,,,,,,,,,,,,,,,,,,,,,20,35,PASS
,,,DIE,,,,,,,,,,,,,,,,,,,,,,20,27,PASS
,,,DIE,,,,,,,,,,,,,,,,,,,,,,20,26,PASS
,,,DIE,,,,,,,,,,,,,,,,,,,,,,20,18,PASS
,,,DIE,,,,,,,,,,,,,,,,,,,,,,20,17,PASS
,,,DIE,,,,,,,,,,,,,,,,,,,,,,20,9,PASS
,,,DIE,,,,,,,,,,,,,,,,,,,,,,20,8,PASS
,,,DIE,,,,,,,,,,,,,,,,,,,,,,20,0,PASS
,,,DIE,,,,,,,,,,,,,,,,,,,,,,20,-1,PASS
,,,DIE,,,,,,,,,,,,,,,,,,,,,,20,-9,PASS
,,,DIE,,,,,,,,,,,,,,,,,,,,,,20,-10,PASS
,,,DIE,,,,,,,,,,,,,,,,,,,,,,20,-18,PASS
,,,DIE,,,,,,,,,,,,,,,,,,,,,,20,-19,PASS
,,,DIE,,,,,,,,,,,,,,,,,,,,,,20,-27,PASS
,,,DIE,,,,,,,,,,,,,,,,,,,,,,20,-28,PASS
,,,DIE,,,,,,,,,,,,,,,,,,,,,,20,-36,PASS
,,,DIE,,,,,,,,,,,,,,,,,,,,,,20,-37,PASS
,,,DIE,,,,,,,,,,,,,,,,,,,,,,20,-45,PASS
,,,DIE,,,,,,,,,,,,,,,,,,,,,,20,-46,FAIL
,,,DIE,,,,,,,,,,,,,,,,,,,,,,20,-54,PASS
,,,DIE,,,,,,,,,,,,,,,,,,,,,,20,-55,FAIL
,,,DIE,,,,,,,,,,,,,,,,,,,,,,13,63,PASS
,,,DIE,,,,,,,,,,,,,,,,,,,,,,13,62,FAIL
,,,DIE,,,,,,,,,,,,,,,,,,,,,,13,54,PASS
,,,DIE,,,,,,,,,,,,,,,,,,,,,,13,53,FAIL
,,,DIE,,,,,,,,,,,,,,,,,,,,,,13,45,PASS
,,,DIE,,,,,,,,,,,,,,,,,,,,,,13,44,PASS
,,,DIE,,,,,,,,,,,,,,,,,,,,,,13,36,PASS
,,,DIE,,,,,,,,,,,,,,,,,,,,,,13,35,PASS
,,,DIE,,,,,,,,,,,,,,,,,,,,,,13,27,PASS
,,,DIE,,,,,,,,,,,,,,,,,,,,,,13,26,PASS
,,,DIE,,,,,,,,,,,,,,,,,,,,,,13,18,PASS
,,,DIE,,,,,,,,,,,,,,,,,,,,,,13,17,PASS
,,,DIE,,,,,,,,,,,,,,,,,,,,,,13,9,PASS
,,,DIE,,,,,,,,,,,,,,,,,,,,,,13,8,PASS
,,,DIE,,,,,,,,,,,,,,,,,,,,,,13,0,PASS
,,,DIE,,,,,,,,,,,,,,,,,,,,,,13,-1,PASS
,,,DIE,,,,,,,,,,,,,,,,,,,,,,13,-9,PASS
,,,DIE,,,,,,,,,,,,,,,,,,,,,,13,-10,PASS
,,,DIE,,,,,,,,,,,,,,,,,,,,,,13,-18,PASS
,,,DIE,,,,,,,,,,,,,,,,,,,,,,13,-19,PASS
,,,DIE,,,,,,,,,,,,,,,,,,,,,,13,-27,PASS
,,,DIE,,,,,,,,,,,,,,,,,,,,,,13,-28,PASS
,,,DIE,,,,,,,,,,,,,,,,,,,,,,13,-36,PASS
,,,DIE,,,,,,,,,,,,,,,,,,,,,,13,-37,PASS
,,,DIE,,,,,,,,,,,,,,,,,,,,,,13,-45,PASS
,,,DIE,,,,,,,,,,,,,,,,,,,,,,13,-46,FAIL
,,,DIE,,,,,,,,,,,,,,,,,,,,,,13,-54,PASS
,,,DIE,,,,,,,,,,,,,,,,,,,,,,13,-55,PASS
,,,DIE,,,,,,,,,,,,,,,,,,,,,,6,63,PASS
,,,DIE,,,,,,,,,,,,,,,,,,,,,,6,62,FAIL
,,,DIE,,,,,,,,,,,,,,,,,,,,,,6,54,PASS
,,,DIE,,,,,,,,,,,,,,,,,,,,,,6,53,FAIL
,,,DIE,,,,,,,,,,,,,,,,,,,,,,6,45,PASS
,,,DIE,,,,,,,,,,,,,,,,,,,,,,6,44,FAIL
,,,DIE,,,,,,,,,,,,,,,,,,,,,,6,36,PASS
,,,DIE,,,,,,,,,,,,,,,,,,,,,,6,35,PASS
,,,DIE,,,,,,,,,,,,,,,,,,,,,,6,27,PASS
,,,DIE,,,,,,,,,,,,,,,,,,,,,,6,26,PASS
,,,DIE,,,,,,,,,,,,,,,,,,,,,,6,18,PASS
,,,DIE,,,,,,,,,,,,,,,,,,,,,,6,17,PASS
,,,DIE,,,,,,,,,,,,,,,,,,,,,,6,9,PASS
,,,DIE,,,,,,,,,,,,,,,,,,,,,,6,8,PASS
,,,DIE,,,,,,,,,,,,,,,,,,,,,,6,0,PASS
,,,DIE,,,,,,,,,,,,,,,,,,,,,,6,-1,PASS
,,,DIE,,,,,,,,,,,,,,,,,,,,,,6,-9,PASS
,,,DIE,,,,,,,,,,,,,,,,,,,,,,6,-10,PASS
,,,DIE,,,,,,,,,,,,,,,,,,,,,,6,-18,PASS
,,,DIE,,,,,,,,,,,,,,,,,,,,,,6,-19,PASS
,,,DIE,,,,,,,,,,,,,,,,,,,,,,6,-27,PASS
,,,DIE,,,,,,,,,,,,,,,,,,,,,,6,-28,PASS
,,,DIE,,,,,,,,,,,,,,,,,,,,,,6,-36,PASS
,,,DIE,,,,,,,,,,,,,,,,,,,,,,6,-37,PASS
,,,DIE,,,,,,,,,,,,,,,,,,,,,,6,-45,PASS
,,,DIE,,,,,,,,,,,,,,,,,,,,,,6,-46,PASS
,,,DIE,,,,,,,,,,,,,,,,,,,,,,6,-54,PASS
,,,DIE,,,,,,,,,,,,,,,,,,,,,,6,-55,PASS
,,,DIE,,,,,,,,,,,,,,,,,,,,,,6,-63,PASS
,,,DIE,,,,,,,,,,,,,,,,,,,,,,-1,63,PASS
,,,DIE,,,,,,,,,,,,,,,,,,,,,,-1,62,FAIL
,,,DIE,,,,,,,,,,,,,,,,,,,,,,-1,54,PASS
,,,DIE,,,,,,,,,,,,,,,,,,,,,,-1,53,FAIL
,,,DIE,,,,,,,,,,,,,,,,,,,,,,-1,45,PASS
,,,DIE,,,,,,,,,,,,,,,,,,,,,,-1,44,FAIL
,,,DIE,,,,,,,,,,,,,,,,,,,,,,-1,36,PASS
,,,DIE,,,,,,,,,,,,,,,,,,,,,,-1,35,PASS
,,,DIE,,,,,,,,,,,,,,,,,,,,,,-1,27,PASS
,,,DIE,,,,,,,,,,,,,,,,,,,,,,-1,26,PASS
,,,DIE,,,,,,,,,,,,,,,,,,,,,,-1,18,PASS
,,,DIE,,,,,,,,,,,,,,,,,,,,,,-1,17,PASS
,,,DIE,,,,,,,,,,,,,,,,,,,,,,-1,9,PASS
,,,DIE,,,,,,,,,,,,,,,,,,,,,,-1,8,PASS
,,,DIE,,,,,,,,,,,,,,,,,,,,,,-1,0,PASS
,,,DIE,,,,,,,,,,,,,,,,,,,,,,-1,-1,PASS
,,,DIE,,,,,,,,,,,,,,,,,,,,,,-1,-9,PASS
,,,DIE,,,,,,,,,,,,,,,,,,,,,,-1,-10,PASS
,,,DIE,,,,,,,,,,,,,,,,,,,,,,-1,-18,PASS
,,,DIE,,,,,,,,,,,,,,,,,,,,,,-1,-19,PASS
,,,DIE,,,,,,,,,,,,,,,,,,,,,,-1,-27,PASS
,,,DIE,,,,,,,,,,,,,,,,,,,,,,-1,-28,PASS
,,,DIE,,,,,,,,,,,,,,,,,,,,,,-1,-36,PASS
,,,DIE,,,,,,,,,,,,,,,,,,,,,,-1,-37,PASS
,,,DIE,,,,,,,,,,,,,,,,,,,,,,-1,-45,PASS
,,,DIE,,,,,,,,,,,,,,,,,,,,,,-1,-46,FAIL
,,,DIE,,,,,,,,,,,,,,,,,,,,,,-1,-54,PASS
,,,DIE,,,,,,,,,,,,,,,,,,,,,,-1,-55,PASS
,,,DIE,,,,,,,,,,,,,,,,,,,,,,-1,-63,PASS
,,,DIE,,,,,,,,,,,,,,,,,,,,,,-8,54,PASS
,,,DIE,,,,,,,,,,,,,,,,,,,,,,-8,53,FAIL
,,,DIE,,,,,,,,,,,,,,,,,,,,,,-8,45,PASS
,,,DIE,,,,,,,,,,,,,,,,,,,,,,-8,44,FAIL
,,,DIE,,,,,,,,,,,,,,,,,,,,,,-8,36,PASS
,,,DIE,,,,,,,,,,,,,,,,,,,,,,-8,35,PASS
,,,DIE,,,,,,,,,,,,,,,,,,,,,,-8,27,PASS
,,,DIE,,,,,,,,,,,,,,,,,,,,,,-8,26,PASS
,,,DIE,,,,,,,,,,,,,,,,,,,,,,-8,18,PASS
,,,DIE,,,,,,,,,,,,,,,,,,,,,,-8,17,PASS
,,,DIE,,,,,,,,,,,,,,,,,,,,,,-8,9,PASS
,,,DIE,,,,,,,,,,,,,,,,,,,,,,-8,8,PASS
,,,DIE,,,,,,,,,,,,,,,,,,,,,,-8,0,PASS
,,,DIE,,,,,,,,,,,,,,,,,,,,,,-8,-1,PASS
,,,DIE,,,,,,,,,,,,,,,,,,,,,,-8,-9,PASS
,,,DIE,,,,,,,,,,,,,,,,,,,,,,-8,-10,PASS
,,,DIE,,,,,,,,,,,,,,,,,,,,,,-8,-18,PASS
,,,DIE,,,,,,,,,,,,,,,,,,,,,,-8,-19,PASS
,,,DIE,,,,,,,,,,,,,,,,,,,,,,-8,-27,PASS
,,,DIE,,,,,,,,,,,,,,,,,,,,,,-8,-28,PASS
,,,DIE,,,,,,,,,,,,,,,,,,,,,,-8,-36,PASS
,,,DIE,,,,,,,,,,,,,,,,,,,,,,-8,-37,PASS
,,,DIE,,,,,,,,,,,,,,,,,,,,,,-8,-45,PASS
,,,DIE,,,,,,,,,,,,,,,,,,,,,,-8,-46,FAIL
,,,DIE,,,,,,,,,,,,,,,,,,,,,,-8,-54,PASS
,,,DIE,,,,,,,,,,,,,,,,,,,,,,-8,-55,PASS
,,,DIE,,,,,,,,,,,,,,,,,,,,,,-15,54,PASS
,,,DIE,,,,,,,,,,,,,,,,,,,,,,-15,53,FAIL
,,,DIE,,,,,,,,,,,,,,,,,,,,,,-15,45,PASS
,,,DIE,,,,,,,,,,,,,,,,,,,,,,-15,44,FAIL
,,,DIE,,,,,,,,,,,,,,,,,,,,,,-15,36,PASS
,,,DIE,,,,,,,,,,,,,,,,,,,,,,-15,35,FAIL
,,,DIE,,,,,,,,,,,,,,,,,,,,,,-15,27,PASS
,,,DIE,,,,,,,,,,,,,,,,,,,,,,-15,26,PASS
,,,DIE,,,,,,,,,,,,,,,,,,,,,,-15,18,PASS
,,,DIE,,,,,,,,,,,,,,,,,,,,,,-15,17,PASS
,,,DIE,,,,,,,,,,,,,,,,,,,,,,-15,9,PASS
,,,DIE,,,,,,,,,,,,,,,,,,,,,,-15,8,PASS
,,,DIE,,,,,,,,,,,,,,,,,,,,,,-15,0,PASS
,,,DIE,,,,,,,,,,,,,,,,,,,,,,-15,-1,PASS
,,,DIE,,,,,,,,,,,,,,,,,,,,,,-15,-9,PASS
,,,DIE,,,,,,,,,,,,,,,,,,,,,,-15,-10,PASS
,,,DIE,,,,,,,,,,,,,,,,,,,,,,-15,-18,PASS
,,,DIE,,,,,,,,,,,,,,,,,,,,,,-15,-19,PASS
,,,DIE,,,,,,,,,,,,,,,,,,,,,,-15,-27,PASS
,,,DIE,,,,,,,,,,,,,,,,,,,,,,-15,-28,PASS
,,,DIE,,,,,,,,,,,,,,,,,,,,,,-15,-36,PASS
,,,DIE,,,,,,,,,,,,,,,,,,,,,,-15,-37,PASS
,,,DIE,,,,,,,,,,,,,,,,,,,,,,-15,-45,PASS
,,,DIE,,,,,,,,,,,,,,,,,,,,,,-15,-46,PASS
,,,DIE,,,,,,,,,,,,,,,,,,,,,,-15,-54,PASS
,,,DIE,,,,,,,,,,,,,,,,,,,,,,-15,-55,PASS
,,,DIE,,,,,,,,,,,,,,,,,,,,,,-22,54,PASS
,,,DIE,,,,,,,,,,,,,,,,,,,,,,-22,53,FAIL
,,,DIE,,,,,,,,,,,,,,,,,,,,,,-22,45,PASS
,,,DIE,,,,,,,,,,,,,,,,,,,,,,-22,44,FAIL
,,,DIE,,,,,,,,,,,,,,,,,,,,,,-22,36,PASS
,,,DIE,,,,,,,,,,,,,,,,,,,,,,-22,35,FAIL
,,,DIE,,,,,,,,,,,,,,,,,,,,,,-22,27,PASS
,,,DIE,,,,,,,,,,,,,,,,,,,,,,-22,26,PASS
,,,DIE,,,,,,,,,,,,,,,,,,,,,,-22,18,PASS
,,,DIE,,,,,,,,,,,,,,,,,,,,,,-22,17,PASS
,,,DIE,,,,,,,,,,,,,,,,,,,,,,-22,9,PASS
,,,DIE,,,,,,,,,,,,,,,,,,,,,,-22,8,PASS
,,,DIE,,,,,,,,,,,,,,,,,,,,,,-22,0,PASS
,,,DIE,,,,,,,,,,,,,,,,,,,,,,-22,-1,PASS
,,,DIE,,,,,,,,,,,,,,,,,,,,,,-22,-9,PASS
,,,DIE,,,,,,,,,,,,,,,,,,,,,,-22,-10,PASS
,,,DIE,,,,,,,,,,,,,,,,,,,,,,-22,-18,PASS
,,,DIE,,,,,,,,,,,,,,,,,,,,,,-22,-19,PASS
,,,DIE,,,,,,,,,,,,,,,,,,,,,,-22,-27,PASS
,,,DIE,,,,,,,,,,,,,,,,,,,,,,-22,-28,PASS
,,,DIE,,,,,,,,,,,,,,,,,,,,,,-22,-36,PASS
,,,DIE,,,,,,,,,,,,,,,,,,,,,,-22,-37,FAIL
,,,DIE,,,,,,,,,,,,,,,,,,,,,,-22,-45,PASS
,,,DIE,,,,,,,,,,,,,,,,,,,,,,-22,-46,PASS
,,,DIE,,,,,,,,,,,,,,,,,,,,,,-22,-54,PASS
,,,DIE,,,,,,,,,,,,,,,,,,,,,,-22,-55,FAIL
,,,DIE,,,,,,,,,,,,,,,,,,,,,,-29,45,PASS
,,,DIE,,,,,,,,,,,,,,,,,,,,,,-29,44,PASS
,,,DIE,,,,,,,,,,,,,,,,,,,,,,-29,36,PASS
,,,DIE,,,,,,,,,,,,,,,,,,,,,,-29,35,FAIL
,,,DIE,,,,,,,,,,,,,,,,,,,,,,-29,27,PASS
,,,DIE,,,,,,,,,,,,,,,,,,,,,,-29,26,FAIL
,,,DIE,,,,,,,,,,,,,,,,,,,,,,-29,18,PASS
,,,DIE,,,,,,,,,,,,,,,,,,,,,,-29,17,PASS
,,,DIE,,,,,,,,,,,,,,,,,,,,,,-29,9,PASS
,,,DIE,,,,,,,,,,,,,,,,,,,,,,-29,8,PASS
,,,DIE,,,,,,,,,,,,,,,,,,,,,,-29,0,PASS
,,,DIE,,,,,,,,,,,,,,,,,,,,,,-29,-1,PASS
,,,DIE,,,,,,,,,,,,,,,,,,,,,,-29,-9,PASS
,,,DIE,,,,,,,,,,,,,,,,,,,,,,-29,-10,PASS
,,,DIE,,,,,,,,,,,,,,,,,,,,,,-29,-18,PASS
,,,DIE,,,,,,,,,,,,,,,,,,,,,,-29,-19,PASS
,,,DIE,,,,,,,,,,,,,,,,,,,,,,-29,-27,PASS
,,,DIE,,,,,,,,,,,,,,,,,,,,,,-29,-28,PASS
,,,DIE,,,,,,,,,,,,,,,,,,,,,,-29,-36,PASS
,,,DIE,,,,,,,,,,,,,,,,,,,,,,-29,-37,PASS
,,,DIE,,,,,,,,,,,,,,,,,,,,,,-29,-45,PASS
,,,DIE,,,,,,,,,,,,,,,,,,,,,,-29,-46,PASS
,,,DIE,,,,,,,,,,,,,,,,,,,,,,-36,45,PASS
,,,DIE,,,,,,,,,,,,,,,,,,,,,,-36,44,FAIL
,,,DIE,,,,,,,,,,,,,,,,,,,,,,-36,36,PASS
,,,DIE,,,,,,,,,,,,,,,,,,,,,,-36,35,FAIL
,,,DIE,,,,,,,,,,,,,,,,,,,,,,-36,27,PASS
,,,DIE,,,,,,,,,,,,,,,,,,,,,,-36,26,FAIL
,,,DIE,,,,,,,,,,,,,,,,,,,,,,-36,18,PASS
,,,DIE,,,,,,,,,,,,,,,,,,,,,,-36,17,PASS
,,,DIE,,,,,,,,,,,,,,,,,,,,,,-36,9,PASS
,,,DIE,,,,,,,,,,,,,,,,,,,,,,-36,8,PASS
,,,DIE,,,,,,,,,,,,,,,,,,,,,,-36,0,PASS
,,,DIE,,,,,,,,,,,,,,,,,,,,,,-36,-1,PASS
,,,DIE,,,,,,,,,,,,,,,,,,,,,,-36,-9,PASS
,,,DIE,,,,,,,,,,,,,,,,,,,,,,-36,-10,PASS
,,,DIE,,,,,,,,,,,,,,,,,,,,,,-36,-18,PASS
,,,DIE,,,,,,,,,,,,,,,,,,,,,,-36,-19,FAIL
,,,DIE,,,,,,,,,,,,,,,,,,,,,,-36,-27,PASS
,,,DIE,,,,,,,,,,,,,,,,,,,,,,-36,-28,PASS
,,,DIE,,,,,,,,,,,,,,,,,,,,,,-36,-36,PASS
,,,DIE,,,,,,,,,,,,,,,,,,,,,,-36,-37,FAIL
,,,DIE,,,,,,,,,,,,,,,,,,,,,,-36,-45,PASS
,,,DIE,,,,,,,,,,,,,,,,,,,,,,-36,-46,PASS
,,,DIE,,,,,,,,,,,,,,,,,,,,,,-43,36,PASS
,,,DIE,,,,,,,,,,,,,,,,,,,,,,-43,35,FAIL
,,,DIE,,,,,,,,,,,,,,,,,,,,,,-43,27,PASS
,,,DIE,,,,,,,,,,,,,,,,,,,,,,-43,26,FAIL
,,,DIE,,,,,,,,,,,,,,,,,,,,,,-43,18,PASS
,,,DIE,,,,,,,,,,,,,,,,,,,,,,-43,17,FAIL
,,,DIE,,,,,,,,,,,,,,,,,,,,,,-43,9,PASS
,,,DIE,,,,,,,,,,,,,,,,,,,,,,-43,8,PASS
,,,DIE,,,,,,,,,,,,,,,,,,,,,,-43,0,PASS
,,,DIE,,,,,,,,,,,,,,,,,,,,,,-43,-1,PASS
,,,DIE,,,,,,,,,,,,,,,,,,,,,,-43,-9,PASS
,,,DIE,,,,,,,,,,,,,,,,,,,,,,-43,-10,PASS
,,,DIE,,,,,,,,,,,,,,,,,,,,,,-43,-18,PASS
,,,DIE,,,,,,,,,,,,,,,,,,,,,,-43,-19,PASS
,,,DIE,,,,,,,,,,,,,,,,,,,,,,-43,-27,PASS
,,,DIE,,,,,,,,,,,,,,,,,,,,,,-43,-28,FAIL
,,,DIE,,,,,,,,,,,,,,,,,,,,,,-43,-36,PASS
,,,DIE,,,,,,,,,,,,,,,,,,,,,,-43,-37,PASS
,,,DIE,,,,,,,,,,,,,,,,,,,,,,-50,27,PASS
,,,DIE,,,,,,,,,,,,,,,,,,,,,,-50,26,PASS
,,,DIE,,,,,,,,,,,,,,,,,,,,,,-50,18,PASS
,,,DIE,,,,,,,,,,,,,,,,,,,,,,-50,17,PASS
,,,DIE,,,,,,,,,,,,,,,,,,,,,,-50,9,PASS
,,,DIE,,,,,,,,,,,,,,,,,,,,,,-50,8,PASS
,,,DIE,,,,,,,,,,,,,,,,,,,,,,-50,0,PASS
,,,DIE,,,,,,,,,,,,,,,,,,,,,,-50,-1,FAIL
,,,DIE,,,,,,,,,,,,,,,,,,,,,,-50,-9,PASS
,,,DIE,,,,,,,,,,,,,,,,,,,,,,-50,-10,PASS
,,,DIE,,,,,,,,,,,,,,,,,,,,,,-50,-18,PASS
,,,DIE,,,,,,,,,,,,,,,,,,,,,,-50,-19,PASS
,,,DIE,,,,,,,,,,,,,,,,,,,,,,-50,-27,PASS
,,,DIE,,,,,,,,,,,,,,,,,,,,,,-50,-28,PASS
,,,DIE,,,,,,,,,,,,,,,,,,,,,,-57,9,PASS
,,,DIE,,,,,,,,,,,,,,,,,,,,,,-57,8,PASS
,,,DIE,,,,,,,,,,,,,,,,,,,,,,-57,0,PASS
,,,DIE,,,,,,,,,,,,,,,,,,,,,,-57,-1,PASS
,,,DIE,,,,,,,,,,,,,,,,,,,,,,-57,-9,PASS
,,,DIE,,,,,,,,,,,,,,,,,,,,,,-57,-10,PASS
