die,type,value,kind,system,ata_folder,map_source,probe_card,recipe,lot_id,wafer_id,total_dies,dies_tested,dies_passed,dies_failed,timestamp,step,mode,unit,die_id,switch,set_voltage,voltage,connection,instrument,row,col,status
,,,META,accretech,\\prober\M\ETL\proberautomation\CenfireATA,Accretech,COSETTE_CPW_W,CENFIRE-INLINE_probe08,CENV-V-056-SPLIT1,0088,204,406,367,39,,,,,,,,,,,,,
1-7-7-1,current,0.00999982,RESULT,,,,COSETTE_CPW_W,CENFIRE-INLINE_probe08,,,,,,,2026-09-01 14:57:28,force1,apply,A,1-7-7-1,1,,0.04064114,2A11_4B11,SMU,69,9,
1-7-7-1,voltage,0.462562,RESULT,,,,COSETTE_CPW_W,CENFIRE-INLINE_probe08,,,,,,,2026-09-01 14:57:28,sense1,measure,ohm,1-7-7-1,1,,,2F01_2E12,DMM,69,9,
2-7-7-1,current,2.066e-07,RESULT,,,,COSETTE_CPW_W,CENFIRE-INLINE_probe08,,,,,,,2026-09-01 14:57:28,force2,apply,A,2-7-7-1,2,,7.000386,2A11_4B11,SMU,69,8,
2-7-7-1,voltage,-520.229,RESULT,,,,COSETTE_CPW_W,CENFIRE-INLINE_probe08,,,,,,,2026-09-01 14:57:28,sense2,measure,ohm,2-7-7-1,2,,,2F01_2E12,DMM,69,8,
1-7-8-1,current,0.00999982,RESULT,,,,COSETTE_CPW_W,CENFIRE-INLINE_probe08,,,,,,,2026-09-01 14:57:33,force1,apply,A,1-7-8-1,1,,0.03864921,2A11_4B11,SMU,69,0,
1-7-8-1,voltage,0.465234,RESULT,,,,COSETTE_CPW_W,CENFIRE-INLINE_probe08,,,,,,,2026-09-01 14:57:33,sense1,measure,ohm,1-7-8-1,1,,,2F01_2E12,DMM,69,0,
2-7-8-1,current,2.13505e-07,RESULT,,,,COSETTE_CPW_W,CENFIRE-INLINE_probe08,,,,,,,2026-09-01 14:57:33,force2,apply,A,2-7-8-1,2,,7.000392,2A11_4B11,SMU,69,-1,
2-7-8-1,voltage,-648.263,RESULT,,,,COSETTE_CPW_W,CENFIRE-INLINE_probe08,,,,,,,2026-09-01 14:57:33,sense2,measure,ohm,2-7-8-1,2,,,2F01_2E12,DMM,69,-1,
1-7-9-1,current,0.00999983,RESULT,,,,COSETTE_CPW_W,CENFIRE-INLINE_probe08,,,,,,,2026-09-01 14:57:38,force1,apply,A,1-7-9-1,1,,0.04724776,2A11_4B11,SMU,69,-9,
1-7-9-1,voltage,0.696113,RESULT,,,,COSETTE_CPW_W,CENFIRE-INLINE_probe08,,,,,,,2026-09-01 14:57:38,sense1,measure,ohm,1-7-9-1,1,,,2F01_2E12,DMM,69,-9,
2-7-9-1,current,2.01538e-07,RESULT,,,,COSETTE_CPW_W,CENFIRE-INLINE_probe08,,,,,,,2026-09-01 14:57:38,force2,apply,A,2-7-9-1,2,,7.000411,2A11_4B11,SMU,69,-10,
2-7-9-1,voltage,-59919.7,RESULT,,,,COSETTE_CPW_W,CENFIRE-INLINE_probe08,,,,,,,2026-09-01 14:57:38,sense2,measure,ohm,2-7-9-1,2,,,2F01_2E12,DMM,69,-10,
1-7-5-2,current,0.00999984,RESULT,,,,COSETTE_CPW_W,CENFIRE-INLINE_probe08,,,,,,,2026-09-01 14:57:43,force1,apply,A,1-7-5-2,1,,0.03966089,2A11_4B11,SMU,62,27,
1-7-5-2,voltage,0.463379,RESULT,,,,COSETTE_CPW_W,CENFIRE-INLINE_probe08,,,,,,,2026-09-01 14:57:43,sense1,measure,ohm,1-7-5-2,1,,,2F01_2E12,DMM,62,27,
2-7-5-2,current,0.000382487,RESULT,,,,COSETTE_CPW_W,CENFIRE-INLINE_probe08,,,,,,,2026-09-01 14:57:43,force2,apply,A,2-7-5-2,2,,7.000417,2A11_4B11,SMU,62,26,
2-7-5-2,voltage,98.9148,RESULT,,,,COSETTE_CPW_W,CENFIRE-INLINE_probe08,,,,,,,2026-09-01 14:57:43,sense2,measure,ohm,2-7-5-2,2,,,2F01_2E12,DMM,62,26,
1-7-6-2,current,0.00999983,RESULT,,,,COSETTE_CPW_W,CENFIRE-INLINE_probe08,,,,,,,2026-09-01 14:57:48,force1,apply,A,1-7-6-2,1,,0.03819081,2A11_4B11,SMU,62,18,
1-7-6-2,voltage,0.465344,RESULT,,,,COSETTE_CPW_W,CENFIRE-INLINE_probe08,,,,,,,2026-09-01 14:57:48,sense1,measure,ohm,1-7-6-2,1,,,2F01_2E12,DMM,62,18,
2-7-6-2,current,0.00999977,RESULT,,,,COSETTE_CPW_W,CENFIRE-INLINE_probe08,,,,,,,2026-09-01 14:57:48,force2,apply,A,2-7-6-2,2,,5.052634,2A11_4B11,SMU,62,17,
2-7-6-2,voltage,143.868,RESULT,,,,COSETTE_CPW_W,CENFIRE-INLINE_probe08,,,,,,,2026-09-01 14:57:48,sense2,measure,ohm,2-7-6-2,2,,,2F01_2E12,DMM,62,17,
1-7-7-2,current,0.00999982,RESULT,,,,COSETTE_CPW_W,CENFIRE-INLINE_probe08,,,,,,,2026-09-01 14:57:56,force1,apply,A,1-7-7-2,1,,0.03784562,2A11_4B11,SMU,62,9,
1-7-7-2,voltage,0.463739,RESULT,,,,COSETTE_CPW_W,CENFIRE-INLINE_probe08,,,,,,,2026-09-01 14:57:56,sense1,measure,ohm,1-7-7-2,1,,,2F01_2E12,DMM,62,9,
2-7-7-2,current,0.00119586,RESULT,,,,COSETTE_CPW_W,CENFIRE-INLINE_probe08,,,,,,,2026-09-01 14:57:56,force2,apply,A,2-7-7-2,2,,7.000417,2A11_4B11,SMU,62,8,
2-7-7-2,voltage,26.0468,RESULT,,,,COSETTE_CPW_W,CENFIRE-INLINE_probe08,,,,,,,2026-09-01 14:57:56,sense2,measure,ohm,2-7-7-2,2,,,2F01_2E12,DMM,62,8,
1-7-8-2,current,0.00999982,RESULT,,,,COSETTE_CPW_W,CENFIRE-INLINE_probe08,,,,,,,2026-09-01 14:58:01,force1,apply,A,1-7-8-2,1,,0.03744522,2A11_4B11,SMU,62,0,
1-7-8-2,voltage,0.464437,RESULT,,,,COSETTE_CPW_W,CENFIRE-INLINE_probe08,,,,,,,2026-09-01 14:58:01,sense1,measure,ohm,1-7-8-2,1,,,2F01_2E12,DMM,62,0,
2-7-8-2,current,0.00999988,RESULT,,,,COSETTE_CPW_W,CENFIRE-INLINE_probe08,,,,,,,2026-09-01 14:58:01,force2,apply,A,2-7-8-2,2,,3.973599,2A11_4B11,SMU,62,-1,
2-7-8-2,voltage,69.4745,RESULT,,,,COSETTE_CPW_W,CENFIRE-INLINE_probe08,,,,,,,2026-09-01 14:58:01,sense2,measure,ohm,2-7-8-2,2,,,2F01_2E12,DMM,62,-1,
1-7-9-2,current,0.00999982,RESULT,,,,COSETTE_CPW_W,CENFIRE-INLINE_probe08,,,,,,,2026-09-01 14:58:06,force1,apply,A,1-7-9-2,1,,0.03803122,2A11_4B11,SMU,62,-9,
1-7-9-2,voltage,0.465622,RESULT,,,,COSETTE_CPW_W,CENFIRE-INLINE_probe08,,,,,,,2026-09-01 14:58:06,sense1,measure,ohm,1-7-9-2,1,,,2F01_2E12,DMM,62,-9,
2-7-9-2,current,0.00999976,RESULT,,,,COSETTE_CPW_W,CENFIRE-INLINE_probe08,,,,,,,2026-09-01 14:58:06,force2,apply,A,2-7-9-2,2,,6.100575,2A11_4B11,SMU,62,-10,
2-7-9-2,voltage,0.826009,RESULT,,,,COSETTE_CPW_W,CENFIRE-INLINE_probe08,,,,,,,2026-09-01 14:58:06,sense2,measure,ohm,2-7-9-2,2,,,2F01_2E12,DMM,62,-10,
1-7-10-2,current,0.00999983,RESULT,,,,COSETTE_CPW_W,CENFIRE-INLINE_probe08,,,,,,,2026-09-01 14:58:11,force1,apply,A,1-7-10-2,1,,0.03803559,2A11_4B11,SMU,62,-18,
1-7-10-2,voltage,0.465697,RESULT,,,,COSETTE_CPW_W,CENFIRE-INLINE_probe08,,,,,,,2026-09-01 14:58:11,sense1,measure,ohm,1-7-10-2,1,,,2F01_2E12,DMM,62,-18,
2-7-10-2,current,3.35353e-05,RESULT,,,,COSETTE_CPW_W,CENFIRE-INLINE_probe08,,,,,,,2026-09-01 14:58:11,force2,apply,A,2-7-10-2,2,,7.000392,2A11_4B11,SMU,62,-19,
2-7-10-2,voltage,535.246,RESULT,,,,COSETTE_CPW_W,CENFIRE-INLINE_probe08,,,,,,,2026-09-01 14:58:11,sense2,measure,ohm,2-7-10-2,2,,,2F01_2E12,DMM,62,-19,
1-7-11-2,current,0.00999983,RESULT,,,,COSETTE_CPW_W,CENFIRE-INLINE_probe08,,,,,,,2026-09-01 14:58:16,force1,apply,A,1-7-11-2,1,,0.03822141,2A11_4B11,SMU,62,-27,
1-7-11-2,voltage,0.472895,RESULT,,,,COSETTE_CPW_W,CENFIRE-INLINE_probe08,,,,,,,2026-09-01 14:58:16,sense1,measure,ohm,1-7-11-2,1,,,2F01_2E12,DMM,62,-27,
2-7-11-2,current,1.99236e-07,RESULT,,,,COSETTE_CPW_W,CENFIRE-INLINE_probe08,,,,,,,2026-09-01 14:58:16,force2,apply,A,2-7-11-2,2,,7.0004,2A11_4B11,SMU,62,-28,
2-7-11-2,voltage,349.032,RESULT,,,,COSETTE_CPW_W,CENFIRE-INLINE_probe08,,,,,,,2026-09-01 14:58:16,sense2,measure,ohm,2-7-11-2,2,,,2F01_2E12,DMM,62,-28,
1-7-4-3,current,0.00999982,RESULT,,,,COSETTE_CPW_W,CENFIRE-INLINE_probe08,,,,,,,2026-09-01 14:58:21,force1,apply,A,1-7-4-3,1,,0.03827128,2A11_4B11,SMU,55,36,
1-7-4-3,voltage,0.464662,RESULT,,,,COSETTE_CPW_W,CENFIRE-INLINE_probe08,,,,,,,2026-09-01 14:58:21,sense1,measure,ohm,1-7-4-3,1,,,2F01_2E12,DMM,55,36,
2-7-4-3,current,0.00999988,RESULT,,,,COSETTE_CPW_W,CENFIRE-INLINE_probe08,,,,,,,2026-09-01 14:58:21,force2,apply,A,2-7-4-3,2,,3.723531,2A11_4B11,SMU,55,35,
2-7-4-3,voltage,148.828,RESULT,,,,COSETTE_CPW_W,CENFIRE-INLINE_probe08,,,,,,,2026-09-01 14:58:21,sense2,measure,ohm,2-7-4-3,2,,,2F01_2E12,DMM,55,35,
1-7-5-3,current,0.00999983,RESULT,,,,COSETTE_CPW_W,CENFIRE-INLINE_probe08,,,,,,,2026-09-01 14:58:26,force1,apply,A,1-7-5-3,1,,0.0378533,2A11_4B11,SMU,55,27,
1-7-5-3,voltage,0.461039,RESULT,,,,COSETTE_CPW_W,CENFIRE-INLINE_probe08,,,,,,,2026-09-01 14:58:26,sense1,measure,ohm,1-7-5-3,1,,,2F01_2E12,DMM,55,27,
2-7-5-3,current,1.06492e-05,RESULT,,,,COSETTE_CPW_W,CENFIRE-INLINE_probe08,,,,,,,2026-09-01 14:58:26,force2,apply,A,2-7-5-3,2,,7.000398,2A11_4B11,SMU,55,26,
2-7-5-3,voltage,439.014,RESULT,,,,COSETTE_CPW_W,CENFIRE-INLINE_probe08,,,,,,,2026-09-01 14:58:26,sense2,measure,ohm,2-7-5-3,2,,,2F01_2E12,DMM,55,26,
1-7-6-3,current,0.00999982,RESULT,,,,COSETTE_CPW_W,CENFIRE-INLINE_probe08,,,,,,,2026-09-01 14:58:31,force1,apply,A,1-7-6-3,1,,0.0375802,2A11_4B11,SMU,55,18,
1-7-6-3,voltage,0.457055,RESULT,,,,COSETTE_CPW_W,CENFIRE-INLINE_probe08,,,,,,,2026-09-01 14:58:31,sense1,measure,ohm,1-7-6-3,1,,,2F01_2E12,DMM,55,18,
2-7-6-3,current,0.00999988,RESULT,,,,COSETTE_CPW_W,CENFIRE-INLINE_probe08,,,,,,,2026-09-01 14:58:31,force2,apply,A,2-7-6-3,2,,3.359635,2A11_4B11,SMU,55,17,
2-7-6-3,voltage,144.943,RESULT,,,,COSETTE_CPW_W,CENFIRE-INLINE_probe08,,,,,,,2026-09-01 14:58:31,sense2,measure,ohm,2-7-6-3,2,,,2F01_2E12,DMM,55,17,
1-7-7-3,current,0.00999982,RESULT,,,,COSETTE_CPW_W,CENFIRE-INLINE_probe08,,,,,,,2026-09-01 14:58:36,force1,apply,A,1-7-7-3,1,,0.0372157,2A11_4B11,SMU,55,9,
1-7-7-3,voltage,0.455846,RESULT,,,,COSETTE_CPW_W,CENFIRE-INLINE_probe08,,,,,,,2026-09-01 14:58:36,sense1,measure,ohm,1-7-7-3,1,,,2F01_2E12,DMM,55,9,
2-7-7-3,current,0.00999986,RESULT,,,,COSETTE_CPW_W,CENFIRE-INLINE_probe08,,,,,,,2026-09-01 14:58:36,force2,apply,A,2-7-7-3,2,,3.6816,2A11_4B11,SMU,55,8,
2-7-7-3,voltage,10.016,RESULT,,,,COSETTE_CPW_W,CENFIRE-INLINE_probe08,,,,,,,2026-09-01 14:58:36,sense2,measure,ohm,2-7-7-3,2,,,2F01_2E12,DMM,55,8,
1-7-8-3,current,0.00999982,RESULT,,,,COSETTE_CPW_W,CENFIRE-INLINE_probe08,,,,,,,2026-09-01 14:58:41,force1,apply,A,1-7-8-3,1,,0.0370416,2A11_4B11,SMU,55,0,
1-7-8-3,voltage,0.457297,RESULT,,,,COSETTE_CPW_W,CENFIRE-INLINE_probe08,,,,,,,2026-09-01 14:58:41,sense1,measure,ohm,1-7-8-3,1,,,2F01_2E12,DMM,55,0,
2-7-8-3,current,0.00999989,RESULT,,,,COSETTE_CPW_W,CENFIRE-INLINE_probe08,,,,,,,2026-09-01 14:58:41,force2,apply,A,2-7-8-3,2,,3.68335,2A11_4B11,SMU,55,-1,
2-7-8-3,voltage,142.617,RESULT,,,,COSETTE_CPW_W,CENFIRE-INLINE_probe08,,,,,,,2026-09-01 14:58:41,sense2,measure,ohm,2-7-8-3,2,,,2F01_2E12,DMM,55,-1,
1-7-9-3,current,0.00999982,RESULT,,,,COSETTE_CPW_W,CENFIRE-INLINE_probe08,,,,,,,2026-09-01 14:58:46,force1,apply,A,1-7-9-3,1,,0.03718412,2A11_4B11,SMU,55,-9,
1-7-9-3,voltage,0.460183,RESULT,,,,COSETTE_CPW_W,CENFIRE-INLINE_probe08,,,,,,,2026-09-01 14:58:46,sense1,measure,ohm,1-7-9-3,1,,,2F01_2E12,DMM,55,-9,
2-7-9-3,current,0.00999988,RESULT,,,,COSETTE_CPW_W,CENFIRE-INLINE_probe08,,,,,,,2026-09-01 14:58:46,force2,apply,A,2-7-9-3,2,,3.636807,2A11_4B11,SMU,55,-10,
2-7-9-3,voltage,142.26,RESULT,,,,COSETTE_CPW_W,CENFIRE-INLINE_probe08,,,,,,,2026-09-01 14:58:46,sense2,measure,ohm,2-7-9-3,2,,,2F01_2E12,DMM,55,-10,
1-7-10-3,current,0.00999982,RESULT,,,,COSETTE_CPW_W,CENFIRE-INLINE_probe08,,,,,,,2026-09-01 14:58:51,force1,apply,A,1-7-10-3,1,,0.03744073,2A11_4B11,SMU,55,-18,
1-7-10-3,voltage,0.463743,RESULT,,,,COSETTE_CPW_W,CENFIRE-INLINE_probe08,,,,,,,2026-09-01 14:58:51,sense1,measure,ohm,1-7-10-3,1,,,2F01_2E12,DMM,55,-18,
2-7-10-3,current,0.00999988,RESULT,,,,COSETTE_CPW_W,CENFIRE-INLINE_probe08,,,,,,,2026-09-01 14:58:51,force2,apply,A,2-7-10-3,2,,5.348048,2A11_4B11,SMU,55,-19,
2-7-10-3,voltage,142.7,RESULT,,,,COSETTE_CPW_W,CENFIRE-INLINE_probe08,,,,,,,2026-09-01 14:58:51,sense2,measure,ohm,2-7-10-3,2,,,2F01_2E12,DMM,55,-19,
1-7-11-3,current,0.00999982,RESULT,,,,COSETTE_CPW_W,CENFIRE-INLINE_probe08,,,,,,,2026-09-01 14:58:56,force1,apply,A,1-7-11-3,1,,0.03792583,2A11_4B11,SMU,55,-27,
1-7-11-3,voltage,0.466309,RESULT,,,,COSETTE_CPW_W,CENFIRE-INLINE_probe08,,,,,,,2026-09-01 14:58:56,sense1,measure,ohm,1-7-11-3,1,,,2F01_2E12,DMM,55,-27,
2-7-11-3,current,0.00999988,RESULT,,,,COSETTE_CPW_W,CENFIRE-INLINE_probe08,,,,,,,2026-09-01 14:58:56,force2,apply,A,2-7-11-3,2,,3.282944,2A11_4B11,SMU,55,-28,
2-7-11-3,voltage,144.227,RESULT,,,,COSETTE_CPW_W,CENFIRE-INLINE_probe08,,,,,,,2026-09-01 14:58:56,sense2,measure,ohm,2-7-11-3,2,,,2F01_2E12,DMM,55,-28,
1-7-12-3,current,0.00999983,RESULT,,,,COSETTE_CPW_W,CENFIRE-INLINE_probe08,,,,,,,2026-09-01 14:59:01,force1,apply,A,1-7-12-3,1,,0.03999233,2A11_4B11,SMU,55,-36,
1-7-12-3,voltage,0.55328,RESULT,,,,COSETTE_CPW_W,CENFIRE-INLINE_probe08,,,,,,,2026-09-01 14:59:01,sense1,measure,ohm,1-7-12-3,1,,,2F01_2E12,DMM,55,-36,
2-7-12-3,current,1.94173e-07,RESULT,,,,COSETTE_CPW_W,CENFIRE-INLINE_probe08,,,,,,,2026-09-01 14:59:01,force2,apply,A,2-7-12-3,2,,7.000393,2A11_4B11,SMU,55,-37,
2-7-12-3,voltage,-789.699,RESULT,,,,COSETTE_CPW_W,CENFIRE-INLINE_probe08,,,,,,,2026-09-01 14:59:01,sense2,measure,ohm,2-7-12-3,2,,,2F01_2E12,DMM,55,-37,
1-7-3-4,current,0.00999983,RESULT,,,,COSETTE_CPW_W,CENFIRE-INLINE_probe08,,,,,,,2026-09-01 14:59:06,force1,apply,A,1-7-3-4,1,,0.03798513,2A11_4B11,SMU,48,45,
1-7-3-4,voltage,0.465004,RESULT,,,,COSETTE_CPW_W,CENFIRE-INLINE_probe08,,,,,,,2026-09-01 14:59:06,sense1,measure,ohm,1-7-3-4,1,,,2F01_2E12,DMM,48,45,
2-7-3-4,current,0.000238842,RESULT,,,,COSETTE_CPW_W,CENFIRE-INLINE_probe08,,,,,,,2026-09-01 14:59:06,force2,apply,A,2-7-3-4,2,,7.000402,2A11_4B11,SMU,48,44,
2-7-3-4,voltage,153.641,RESULT,,,,COSETTE_CPW_W,CENFIRE-INLINE_probe08,,,,,,,2026-09-01 14:59:06,sense2,measure,ohm,2-7-3-4,2,,,2F01_2E12,DMM,48,44,
1-7-4-4,current,0.00999983,RESULT,,,,COSETTE_CPW_W,CENFIRE-INLINE_probe08,,,,,,,2026-09-01 14:59:11,force1,apply,A,1-7-4-4,1,,0.03778498,2A11_4B11,SMU,48,36,
1-7-4-4,voltage,0.458407,RESULT,,,,COSETTE_CPW_W,CENFIRE-INLINE_probe08,,,,,,,2026-09-01 14:59:11,sense1,measure,ohm,1-7-4-4,1,,,2F01_2E12,DMM,48,36,
2-7-4-4,current,4.32159e-06,RESULT,,,,COSETTE_CPW_W,CENFIRE-INLINE_probe08,,,,,,,2026-09-01 14:59:11,force2,apply,A,2-7-4-4,2,,7.000385,2A11_4B11,SMU,48,35,
2-7-4-4,voltage,771.964,RESULT,,,,COSETTE_CPW_W,CENFIRE-INLINE_probe08,,,,,,,2026-09-01 14:59:11,sense2,measure,ohm,2-7-4-4,2,,,2F01_2E12,DMM,48,35,
1-7-5-4,current,0.00999982,RESULT,,,,COSETTE_CPW_W,CENFIRE-INLINE_probe08,,,,,,,2026-09-01 14:59:16,force1,apply,A,1-7-5-4,1,,0.03754853,2A11_4B11,SMU,48,27,
1-7-5-4,voltage,0.450784,RESULT,,,,COSETTE_CPW_W,CENFIRE-INLINE_probe08,,,,,,,2026-09-01 14:59:16,sense1,measure,ohm,1-7-5-4,1,,,2F01_2E12,DMM,48,27,
2-7-5-4,current,6.99542e-06,RESULT,,,,COSETTE_CPW_W,CENFIRE-INLINE_probe08,,,,,,,2026-09-01 14:59:16,force2,apply,A,2-7-5-4,2,,7.000387,2A11_4B11,SMU,48,26,
2-7-5-4,voltage,337.587,RESULT,,,,COSETTE_CPW_W,CENFIRE-INLINE_probe08,,,,,,,2026-09-01 14:59:16,sense2,measure,ohm,2-7-5-4,2,,,2F01_2E12,DMM,48,26,
1-7-6-4,current,0.00999982,RESULT,,,,COSETTE_CPW_W,CENFIRE-INLINE_probe08,,,,,,,2026-09-01 14:59:21,force1,apply,A,1-7-6-4,1,,0.03749771,2A11_4B11,SMU,48,18,
1-7-6-4,voltage,0.448726,RESULT,,,,COSETTE_CPW_W,CENFIRE-INLINE_probe08,,,,,,,2026-09-01 14:59:21,sense1,measure,ohm,1-7-6-4,1,,,2F01_2E12,DMM,48,18,
2-7-6-4,current,0.00999988,RESULT,,,,COSETTE_CPW_W,CENFIRE-INLINE_probe08,,,,,,,2026-09-01 14:59:21,force2,apply,A,2-7-6-4,2,,3.48785,2A11_4B11,SMU,48,17,
2-7-6-4,voltage,140.733,RESULT,,,,COSETTE_CPW_W,CENFIRE-INLINE_probe08,,,,,,,2026-09-01 14:59:21,sense2,measure,ohm,2-7-6-4,2,,,2F01_2E12,DMM,48,17,
1-7-7-4,current,0.00999983,RESULT,,,,COSETTE_CPW_W,CENFIRE-INLINE_probe08,,,,,,,2026-09-01 14:59:26,force1,apply,A,1-7-7-4,1,,0.03717152,2A11_4B11,SMU,48,9,
1-7-7-4,voltage,0.44662,RESULT,,,,COSETTE_CPW_W,CENFIRE-INLINE_probe08,,,,,,,2026-09-01 14:59:26,sense1,measure,ohm,1-7-7-4,1,,,2F01_2E12,DMM,48,9,
2-7-7-4,current,0.00999988,RESULT,,,,COSETTE_CPW_W,CENFIRE-INLINE_probe08,,,,,,,2026-09-01 14:59:26,force2,apply,A,2-7-7-4,2,,3.388729,2A11_4B11,SMU,48,8,
2-7-7-4,voltage,139.307,RESULT,,,,COSETTE_CPW_W,CENFIRE-INLINE_probe08,,,,,,,2026-09-01 14:59:26,sense2,measure,ohm,2-7-7-4,2,,,2F01_2E12,DMM,48,8,
1-7-8-4,current,0.00999983,RESULT,,,,COSETTE_CPW_W,CENFIRE-INLINE_probe08,,,,,,,2026-09-01 14:59:30,force1,apply,A,1-7-8-4,1,,0.03717944,2A11_4B11,SMU,48,0,
1-7-8-4,voltage,0.447416,RESULT,,,,COSETTE_CPW_W,CENFIRE-INLINE_probe08,,,,,,,2026-09-01 14:59:30,sense1,measure,ohm,1-7-8-4,1,,,2F01_2E12,DMM,48,0,
2-7-8-4,current,0.00999989,RESULT,,,,COSETTE_CPW_W,CENFIRE-INLINE_probe08,,,,,,,2026-09-01 14:59:30,force2,apply,A,2-7-8-4,2,,3.378424,2A11_4B11,SMU,48,-1,
2-7-8-4,voltage,138.682,RESULT,,,,COSETTE_CPW_W,CENFIRE-INLINE_probe08,,,,,,,2026-09-01 14:59:30,sense2,measure,ohm,2-7-8-4,2,,,2F01_2E12,DMM,48,-1,
1-7-9-4,current,0.00999982,RESULT,,,,COSETTE_CPW_W,CENFIRE-INLINE_probe08,,,,,,,2026-09-01 14:59:35,force1,apply,A,1-7-9-4,1,,0.03717785,2A11_4B11,SMU,48,-9,
1-7-9-4,voltage,0.450792,RESULT,,,,COSETTE_CPW_W,CENFIRE-INLINE_probe08,,,,,,,2026-09-01 14:59:35,sense1,measure,ohm,1-7-9-4,1,,,2F01_2E12,DMM,48,-9,
2-7-9-4,current,0.00999989,RESULT,,,,COSETTE_CPW_W,CENFIRE-INLINE_probe08,,,,,,,2026-09-01 14:59:35,force2,apply,A,2-7-9-4,2,,3.434792,2A11_4B11,SMU,48,-10,
2-7-9-4,voltage,138.283,RESULT,,,,COSETTE_CPW_W,CENFIRE-INLINE_probe08,,,,,,,2026-09-01 14:59:35,sense2,measure,ohm,2-7-9-4,2,,,2F01_2E12,DMM,48,-10,
1-7-10-4,current,0.00999983,RESULT,,,,COSETTE_CPW_W,CENFIRE-INLINE_probe08,,,,,,,2026-09-01 14:59:40,force1,apply,A,1-7-10-4,1,,0.03757718,2A11_4B11,SMU,48,-18,
1-7-10-4,voltage,0.455198,RESULT,,,,COSETTE_CPW_W,CENFIRE-INLINE_probe08,,,,,,,2026-09-01 14:59:40,sense1,measure,ohm,1-7-10-4,1,,,2F01_2E12,DMM,48,-18,
2-7-10-4,current,0.00999986,RESULT,,,,COSETTE_CPW_W,CENFIRE-INLINE_probe08,,,,,,,2026-09-01 14:59:40,force2,apply,A,2-7-10-4,2,,3.790143,2A11_4B11,SMU,48,-19,
2-7-10-4,voltage,138.85,RESULT,,,,COSETTE_CPW_W,CENFIRE-INLINE_probe08,,,,,,,2026-09-01 14:59:40,sense2,measure,ohm,2-7-10-4,2,,,2F01_2E12,DMM,48,-19,
1-7-11-4,current,0.00999982,RESULT,,,,COSETTE_CPW_W,CENFIRE-INLINE_probe08,,,,,,,2026-09-01 14:59:45,force1,apply,A,1-7-11-4,1,,0.03774169,2A11_4B11,SMU,48,-27,
1-7-11-4,voltage,0.46146,RESULT,,,,COSETTE_CPW_W,CENFIRE-INLINE_probe08,,,,,,,2026-09-01 14:59:45,sense1,measure,ohm,1-7-11-4,1,,,2F01_2E12,DMM,48,-27,
2-7-11-4,current,0.00989471,RESULT,,,,COSETTE_CPW_W,CENFIRE-INLINE_probe08,,,,,,,2026-09-01 14:59:45,force2,apply,A,2-7-11-4,2,,7.000451,2A11_4B11,SMU,48,-28,
2-7-11-4,voltage,2.68901,RESULT,,,,COSETTE_CPW_W,CENFIRE-INLINE_probe08,,,,,,,2026-09-01 14:59:45,sense2,measure,ohm,2-7-11-4,2,,,2F01_2E12,DMM,48,-28,
1-7-12-4,current,0.00999982,RESULT,,,,COSETTE_CPW_W,CENFIRE-INLINE_probe08,,,,,,,2026-09-01 14:59:50,force1,apply,A,1-7-12-4,1,,0.03798954,2A11_4B11,SMU,48,-36,
1-7-12-4,voltage,0.469496,RESULT,,,,COSETTE_CPW_W,CENFIRE-INLINE_probe08,,,,,,,2026-09-01 14:59:50,sense1,measure,ohm,1-7-12-4,1,,,2F01_2E12,DMM,48,-36,
2-7-12-4,current,0.00999988,RESULT,,,,COSETTE_CPW_W,CENFIRE-INLINE_probe08,,,,,,,2026-09-01 14:59:50,force2,apply,A,2-7-12-4,2,,3.032539,2A11_4B11,SMU,48,-37,
2-7-12-4,voltage,142.522,RESULT,,,,COSETTE_CPW_W,CENFIRE-INLINE_probe08,,,,,,,2026-09-01 14:59:50,sense2,measure,ohm,2-7-12-4,2,,,2F01_2E12,DMM,48,-37,
1-7-13-4,current,0.00999982,RESULT,,,,COSETTE_CPW_W,CENFIRE-INLINE_probe08,,,,,,,2026-09-01 14:59:55,force1,apply,A,1-7-13-4,1,,0.0470433,2A11_4B11,SMU,48,-45,
1-7-13-4,voltage,0.786521,RESULT,,,,COSETTE_CPW_W,CENFIRE-INLINE_probe08,,,,,,,2026-09-01 14:59:55,sense1,measure,ohm,1-7-13-4,1,,,2F01_2E12,DMM,48,-45,
2-7-13-4,current,2.01537e-07,RESULT,,,,COSETTE_CPW_W,CENFIRE-INLINE_probe08,,,,,,,2026-09-01 14:59:55,force2,apply,A,2-7-13-4,2,,7.000387,2A11_4B11,SMU,48,-46,
2-7-13-4,voltage,-5196.22,RESULT,,,,COSETTE_CPW_W,CENFIRE-INLINE_probe08,,,,,,,2026-09-01 14:59:55,sense2,measure,ohm,2-7-13-4,2,,,2F01_2E12,DMM,48,-46,
1-7-3-5,current,0.00999982,RESULT,,,,COSETTE_CPW_W,CENFIRE-INLINE_probe08,,,,,,,2026-09-01 15:00:00,force1,apply,A,1-7-3-5,1,,0.0384705,2A11_4B11,SMU,41,45,
1-7-3-5,voltage,0.45808,RESULT,,,,COSETTE_CPW_W,CENFIRE-INLINE_probe08,,,,,,,2026-09-01 15:00:00,sense1,measure,ohm,1-7-3-5,1,,,2F01_2E12,DMM,41,45,
2-7-3-5,current,3.88938e-06,RESULT,,,,COSETTE_CPW_W,CENFIRE-INLINE_probe08,,,,,,,2026-09-01 15:00:00,force2,apply,A,2-7-3-5,2,,7.000405,2A11_4B11,SMU,41,44,
2-7-3-5,voltage,306.322,RESULT,,,,COSETTE_CPW_W,CENFIRE-INLINE_probe08,,,,,,,2026-09-01 15:00:00,sense2,measure,ohm,2-7-3-5,2,,,2F01_2E12,DMM,41,44,
1-7-4-5,current,0.00999983,RESULT,,,,COSETTE_CPW_W,CENFIRE-INLINE_probe08,,,,,,,2026-09-01 15:00:05,force1,apply,A,1-7-4-5,1,,0.03813815,2A11_4B11,SMU,41,36,
1-7-4-5,voltage,0.449336,RESULT,,,,COSETTE_CPW_W,CENFIRE-INLINE_probe08,,,,,,,2026-09-01 15:00:05,sense1,measure,ohm,1-7-4-5,1,,,2F01_2E12,DMM,41,36,
2-7-4-5,current,5.13492e-06,RESULT,,,,COSETTE_CPW_W,CENFIRE-INLINE_probe08,,,,,,,2026-09-01 15:00:05,force2,apply,A,2-7-4-5,2,,7.000387,2A11_4B11,SMU,41,35,
2-7-4-5,voltage,1167.01,RESULT,,,,COSETTE_CPW_W,CENFIRE-INLINE_probe08,,,,,,,2026-09-01 15:00:05,sense2,measure,ohm,2-7-4-5,2,,,2F01_2E12,DMM,41,35,
1-7-5-5,current,0.00999983,RESULT,,,,COSETTE_CPW_W,CENFIRE-INLINE_probe08,,,,,,,2026-09-01 15:00:10,force1,apply,A,1-7-5-5,1,,0.03764557,2A11_4B11,SMU,41,27,
1-7-5-5,voltage,0.44301,RESULT,,,,COSETTE_CPW_W,CENFIRE-INLINE_probe08,,,,,,,2026-09-01 15:00:10,sense1,measure,ohm,1-7-5-5,1,,,2F01_2E12,DMM,41,27,
2-7-5-5,current,0.00999987,RESULT,,,,COSETTE_CPW_W,CENFIRE-INLINE_probe08,,,,,,,2026-09-01 15:00:10,force2,apply,A,2-7-5-5,2,,3.41243,2A11_4B11,SMU,41,26,
2-7-5-5,voltage,138.807,RESULT,,,,COSETTE_CPW_W,CENFIRE-INLINE_probe08,,,,,,,2026-09-01 15:00:10,sense2,measure,ohm,2-7-5-5,2,,,2F01_2E12,DMM,41,26,
1-7-6-5,current,0.00999982,RESULT,,,,COSETTE_CPW_W,CENFIRE-INLINE_probe08,,,,,,,2026-09-01 15:00:15,force1,apply,A,1-7-6-5,1,,0.03782786,2A11_4B11,SMU,41,18,
1-7-6-5,voltage,0.445894,RESULT,,,,COSETTE_CPW_W,CENFIRE-INLINE_probe08,,,,,,,2026-09-01 15:00:15,sense1,measure,ohm,1-7-6-5,1,,,2F01_2E12,DMM,41,18,
2-7-6-5,current,0.00999988,RESULT,,,,COSETTE_CPW_W,CENFIRE-INLINE_probe08,,,,,,,2026-09-01 15:00:15,force2,apply,A,2-7-6-5,2,,3.276371,2A11_4B11,SMU,41,17,
2-7-6-5,voltage,137.389,RESULT,,,,COSETTE_CPW_W,CENFIRE-INLINE_probe08,,,,,,,2026-09-01 15:00:15,sense2,measure,ohm,2-7-6-5,2,,,2F01_2E12,DMM,41,17,
1-7-7-5,current,0.00999982,RESULT,,,,COSETTE_CPW_W,CENFIRE-INLINE_probe08,,,,,,,2026-09-01 15:00:20,force1,apply,A,1-7-7-5,1,,0.03761167,2A11_4B11,SMU,41,9,
1-7-7-5,voltage,0.441406,RESULT,,,,COSETTE_CPW_W,CENFIRE-INLINE_probe08,,,,,,,2026-09-01 15:00:20,sense1,measure,ohm,1-7-7-5,1,,,2F01_2E12,DMM,41,9,
2-7-7-5,current,0.00999988,RESULT,,,,COSETTE_CPW_W,CENFIRE-INLINE_probe08,,,,,,,2026-09-01 15:00:20,force2,apply,A,2-7-7-5,2,,3.084421,2A11_4B11,SMU,41,8,
2-7-7-5,voltage,136.739,RESULT,,,,COSETTE_CPW_W,CENFIRE-INLINE_probe08,,,,,,,2026-09-01 15:00:20,sense2,measure,ohm,2-7-7-5,2,,,2F01_2E12,DMM,41,8,
1-7-8-5,current,0.00999981,RESULT,,,,COSETTE_CPW_W,CENFIRE-INLINE_probe08,,,,,,,2026-09-01 15:00:25,force1,apply,A,1-7-8-5,1,,0.03741714,2A11_4B11,SMU,41,0,
1-7-8-5,voltage,0.439694,RESULT,,,,COSETTE_CPW_W,CENFIRE-INLINE_probe08,,,,,,,2026-09-01 15:00:25,sense1,measure,ohm,1-7-8-5,1,,,2F01_2E12,DMM,41,0,
2-7-8-5,current,0.00999987,RESULT,,,,COSETTE_CPW_W,CENFIRE-INLINE_probe08,,,,,,,2026-09-01 15:00:25,force2,apply,A,2-7-8-5,2,,3.137442,2A11_4B11,SMU,41,-1,
2-7-8-5,voltage,135.49,RESULT,,,,COSETTE_CPW_W,CENFIRE-INLINE_probe08,,,,,,,2026-09-01 15:00:25,sense2,measure,ohm,2-7-8-5,2,,,2F01_2E12,DMM,41,-1,
1-7-9-5,current,0.00999982,RESULT,,,,COSETTE_CPW_W,CENFIRE-INLINE_probe08,,,,,,,2026-09-01 15:00:30,force1,apply,A,1-7-9-5,1,,0.03735085,2A11_4B11,SMU,41,-9,
1-7-9-5,voltage,0.446502,RESULT,,,,COSETTE_CPW_W,CENFIRE-INLINE_probe08,,,,,,,2026-09-01 15:00:30,sense1,measure,ohm,1-7-9-5,1,,,2F01_2E12,DMM,41,-9,
2-7-9-5,current,0.00999988,RESULT,,,,COSETTE_CPW_W,CENFIRE-INLINE_probe08,,,,,,,2026-09-01 15:00:30,force2,apply,A,2-7-9-5,2,,3.286309,2A11_4B11,SMU,41,-10,
2-7-9-5,voltage,135.169,RESULT,,,,COSETTE_CPW_W,CENFIRE-INLINE_probe08,,,,,,,2026-09-01 15:00:30,sense2,measure,ohm,2-7-9-5,2,,,2F01_2E12,DMM,41,-10,
1-7-10-5,current,0.00999982,RESULT,,,,COSETTE_CPW_W,CENFIRE-INLINE_probe08,,,,,,,2026-09-01 15:00:34,force1,apply,A,1-7-10-5,1,,0.03741604,2A11_4B11,SMU,41,-18,
1-7-10-5,voltage,0.447017,RESULT,,,,COSETTE_CPW_W,CENFIRE-INLINE_probe08,,,,,,,2026-09-01 15:00:34,sense1,measure,ohm,1-7-10-5,1,,,2F01_2E12,DMM,41,-18,
2-7-10-5,current,0.00999987,RESULT,,,,COSETTE_CPW_W,CENFIRE-INLINE_probe08,,,,,,,2026-09-01 15:00:34,force2,apply,A,2-7-10-5,2,,3.449316,2A11_4B11,SMU,41,-19,
2-7-10-5,voltage,134.259,RESULT,,,,COSETTE_CPW_W,CENFIRE-INLINE_probe08,,,,,,,2026-09-01 15:00:34,sense2,measure,ohm,2-7-10-5,2,,,2F01_2E12,DMM,41,-19,
1-7-11-5,current,0.00999981,RESULT,,,,COSETTE_CPW_W,CENFIRE-INLINE_probe08,,,,,,,2026-09-01 15:00:39,force1,apply,A,1-7-11-5,1,,0.03797204,2A11_4B11,SMU,41,-27,
1-7-11-5,voltage,0.454239,RESULT,,,,COSETTE_CPW_W,CENFIRE-INLINE_probe08,,,,,,,2026-09-01 15:00:39,sense1,measure,ohm,1-7-11-5,1,,,2F01_2E12,DMM,41,-27,
2-7-11-5,current,0.000495494,RESULT,,,,COSETTE_CPW_W,CENFIRE-INLINE_probe08,,,,,,,2026-09-01 15:00:39,force2,apply,A,2-7-11-5,2,,7.0004,2A11_4B11,SMU,41,-28,
2-7-11-5,voltage,62.898,RESULT,,,,COSETTE_CPW_W,CENFIRE-INLINE_probe08,,,,,,,2026-09-01 15:00:39,sense2,measure,ohm,2-7-11-5,2,,,2F01_2E12,DMM,41,-28,
1-7-12-5,current,0.00999981,RESULT,,,,COSETTE_CPW_W,CENFIRE-INLINE_probe08,,,,,,,2026-09-01 15:00:44,force1,apply,A,1-7-12-5,1,,0.03755765,2A11_4B11,SMU,41,-36,
1-7-12-5,voltage,0.462906,RESULT,,,,COSETTE_CPW_W,CENFIRE-INLINE_probe08,,,,,,,2026-09-01 15:00:44,sense1,measure,ohm,1-7-12-5,1,,,2F01_2E12,DMM,41,-36,
2-7-12-5,current,0.00999698,RESULT,,,,COSETTE_CPW_W,CENFIRE-INLINE_probe08,,,,,,,2026-09-01 15:00:44,force2,apply,A,2-7-12-5,2,,5.151273,2A11_4B11,SMU,41,-37,
2-7-12-5,voltage,139.555,RESULT,,,,COSETTE_CPW_W,CENFIRE-INLINE_probe08,,,,,,,2026-09-01 15:00:44,sense2,measure,ohm,2-7-12-5,2,,,2F01_2E12,DMM,41,-37,
1-7-13-5,current,0.00999981,RESULT,,,,COSETTE_CPW_W,CENFIRE-INLINE_probe08,,,,,,,2026-09-01 15:00:49,force1,apply,A,1-7-13-5,1,,0.03827211,2A11_4B11,SMU,41,-45,
1-7-13-5,voltage,0.467143,RESULT,,,,COSETTE_CPW_W,CENFIRE-INLINE_probe08,,,,,,,2026-09-01 15:00:49,sense1,measure,ohm,1-7-13-5,1,,,2F01_2E12,DMM,41,-45,
2-7-13-5,current,0.00999987,RESULT,,,,COSETTE_CPW_W,CENFIRE-INLINE_probe08,,,,,,,2026-09-01 15:00:49,force2,apply,A,2-7-13-5,2,,3.000218,2A11_4B11,SMU,41,-46,
2-7-13-5,voltage,142.938,RESULT,,,,COSETTE_CPW_W,CENFIRE-INLINE_probe08,,,,,,,2026-09-01 15:00:49,sense2,measure,ohm,2-7-13-5,2,,,2F01_2E12,DMM,41,-46,
1-7-2-6,current,0.00999982,RESULT,,,,COSETTE_CPW_W,CENFIRE-INLINE_probe08,,,,,,,2026-09-01 15:00:55,force1,apply,A,1-7-2-6,1,,0.03856332,2A11_4B11,SMU,34,54,
1-7-2-6,voltage,0.461265,RESULT,,,,COSETTE_CPW_W,CENFIRE-INLINE_probe08,,,,,,,2026-09-01 15:00:55,sense1,measure,ohm,1-7-2-6,1,,,2F01_2E12,DMM,34,54,
2-7-2-6,current,2.22545e-05,RESULT,,,,COSETTE_CPW_W,CENFIRE-INLINE_probe08,,,,,,,2026-09-01 15:00:55,force2,apply,A,2-7-2-6,2,,7.000377,2A11_4B11,SMU,34,53,
2-7-2-6,voltage,274.005,RESULT,,,,COSETTE_CPW_W,CENFIRE-INLINE_probe08,,,,,,,2026-09-01 15:00:55,sense2,measure,ohm,2-7-2-6,2,,,2F01_2E12,DMM,34,53,
1-7-3-6,current,0.00999981,RESULT,,,,COSETTE_CPW_W,CENFIRE-INLINE_probe08,,,,,,,2026-09-01 15:00:59,force1,apply,A,1-7-3-6,1,,0.03824731,2A11_4B11,SMU,34,45,
1-7-3-6,voltage,0.452282,RESULT,,,,COSETTE_CPW_W,CENFIRE-INLINE_probe08,,,,,,,2026-09-01 15:00:59,sense1,measure,ohm,1-7-3-6,1,,,2F01_2E12,DMM,34,45,
2-7-3-6,current,0.00526495,RESULT,,,,COSETTE_CPW_W,CENFIRE-INLINE_probe08,,,,,,,2026-09-01 15:00:59,force2,apply,A,2-7-3-6,2,,7.00032,2A11_4B11,SMU,34,44,
2-7-3-6,voltage,0.647129,RESULT,,,,COSETTE_CPW_W,CENFIRE-INLINE_probe08,,,,,,,2026-09-01 15:00:59,sense2,measure,ohm,2-7-3-6,2,,,2F01_2E12,DMM,34,44,
1-7-4-6,current,0.00999982,RESULT,,,,COSETTE_CPW_W,CENFIRE-INLINE_probe08,,,,,,,2026-09-01 15:01:04,force1,apply,A,1-7-4-6,1,,0.03845044,2A11_4B11,SMU,34,36,
1-7-4-6,voltage,0.442271,RESULT,,,,COSETTE_CPW_W,CENFIRE-INLINE_probe08,,,,,,,2026-09-01 15:01:04,sense1,measure,ohm,1-7-4-6,1,,,2F01_2E12,DMM,34,36,
2-7-4-6,current,0.00999989,RESULT,,,,COSETTE_CPW_W,CENFIRE-INLINE_probe08,,,,,,,2026-09-01 15:01:04,force2,apply,A,2-7-4-6,2,,3.101507,2A11_4B11,SMU,34,35,
2-7-4-6,voltage,137.802,RESULT,,,,COSETTE_CPW_W,CENFIRE-INLINE_probe08,,,,,,,2026-09-01 15:01:04,sense2,measure,ohm,2-7-4-6,2,,,2F01_2E12,DMM,34,35,
1-7-5-6,current,0.00999982,RESULT,,,,COSETTE_CPW_W,CENFIRE-INLINE_probe08,,,,,,,2026-09-01 15:01:09,force1,apply,A,1-7-5-6,1,,0.03830949,2A11_4B11,SMU,34,27,
1-7-5-6,voltage,0.438415,RESULT,,,,COSETTE_CPW_W,CENFIRE-INLINE_probe08,,,,,,,2026-09-01 15:01:09,sense1,measure,ohm,1-7-5-6,1,,,2F01_2E12,DMM,34,27,
2-7-5-6,current,0.00999987,RESULT,,,,COSETTE_CPW_W,CENFIRE-INLINE_probe08,,,,,,,2026-09-01 15:01:09,force2,apply,A,2-7-5-6,2,,3.293846,2A11_4B11,SMU,34,26,
2-7-5-6,voltage,1.31912,RESULT,,,,COSETTE_CPW_W,CENFIRE-INLINE_probe08,,,,,,,2026-09-01 15:01:09,sense2,measure,ohm,2-7-5-6,2,,,2F01_2E12,DMM,34,26,
1-7-6-6,current,0.00999982,RESULT,,,,COSETTE_CPW_W,CENFIRE-INLINE_probe08,,,,,,,2026-09-01 15:01:14,force1,apply,A,1-7-6-6,1,,0.03783285,2A11_4B11,SMU,34,18,
1-7-6-6,voltage,0.434307,RESULT,,,,COSETTE_CPW_W,CENFIRE-INLINE_probe08,,,,,,,2026-09-01 15:01:14,sense1,measure,ohm,1-7-6-6,1,,,2F01_2E12,DMM,34,18,
2-7-6-6,current,0.00999988,RESULT,,,,COSETTE_CPW_W,CENFIRE-INLINE_probe08,,,,,,,2026-09-01 15:01:14,force2,apply,A,2-7-6-6,2,,2.978917,2A11_4B11,SMU,34,17,
2-7-6-6,voltage,134.092,RESULT,,,,COSETTE_CPW_W,CENFIRE-INLINE_probe08,,,,,,,2026-09-01 15:01:14,sense2,measure,ohm,2-7-6-6,2,,,2F01_2E12,DMM,34,17,
1-7-7-6,current,0.00999982,RESULT,,,,COSETTE_CPW_W,CENFIRE-INLINE_probe08,,,,,,,2026-09-01 15:01:19,force1,apply,A,1-7-7-6,1,,0.03751687,2A11_4B11,SMU,34,9,
1-7-7-6,voltage,0.435542,RESULT,,,,COSETTE_CPW_W,CENFIRE-INLINE_probe08,,,,,,,2026-09-01 15:01:19,sense1,measure,ohm,1-7-7-6,1,,,2F01_2E12,DMM,34,9,
2-7-7-6,current,0.00999988,RESULT,,,,COSETTE_CPW_W,CENFIRE-INLINE_probe08,,,,,,,2026-09-01 15:01:19,force2,apply,A,2-7-7-6,2,,2.898679,2A11_4B11,SMU,34,8,
2-7-7-6,voltage,132.914,RESULT,,,,COSETTE_CPW_W,CENFIRE-INLINE_probe08,,,,,,,2026-09-01 15:01:19,sense2,measure,ohm,2-7-7-6,2,,,2F01_2E12,DMM,34,8,
1-7-8-6,current,0.00999981,RESULT,,,,COSETTE_CPW_W,CENFIRE-INLINE_probe08,,,,,,,2026-09-01 15:01:24,force1,apply,A,1-7-8-6,1,,0.03772408,2A11_4B11,SMU,34,0,
1-7-8-6,voltage,0.434848,RESULT,,,,COSETTE_CPW_W,CENFIRE-INLINE_probe08,,,,,,,2026-09-01 15:01:24,sense1,measure,ohm,1-7-8-6,1,,,2F01_2E12,DMM,34,0,
2-7-8-6,current,0.00999988,RESULT,,,,COSETTE_CPW_W,CENFIRE-INLINE_probe08,,,,,,,2026-09-01 15:01:24,force2,apply,A,2-7-8-6,2,,2.88477,2A11_4B11,SMU,34,-1,
2-7-8-6,voltage,131.872,RESULT,,,,COSETTE_CPW_W,CENFIRE-INLINE_probe08,,,,,,,2026-09-01 15:01:24,sense2,measure,ohm,2-7-8-6,2,,,2F01_2E12,DMM,34,-1,
1-7-9-6,current,0.00999983,RESULT,,,,COSETTE_CPW_W,CENFIRE-INLINE_probe08,,,,,,,2026-09-01 15:01:29,force1,apply,A,1-7-9-6,1,,0.03777014,2A11_4B11,SMU,34,-9,
1-7-9-6,voltage,0.43745,RESULT,,,,COSETTE_CPW_W,CENFIRE-INLINE_probe08,,,,,,,2026-09-01 15:01:29,sense1,measure,ohm,1-7-9-6,1,,,2F01_2E12,DMM,34,-9,
2-7-9-6,current,0.00999988,RESULT,,,,COSETTE_CPW_W,CENFIRE-INLINE_probe08,,,,,,,2026-09-01 15:01:29,force2,apply,A,2-7-9-6,2,,2.953974,2A11_4B11,SMU,34,-10,
2-7-9-6,voltage,131.32,RESULT,,,,COSETTE_CPW_W,CENFIRE-INLINE_probe08,,,,,,,2026-09-01 15:01:29,sense2,measure,ohm,2-7-9-6,2,,,2F01_2E12,DMM,34,-10,
1-7-10-6,current,0.00999983,RESULT,,,,COSETTE_CPW_W,CENFIRE-INLINE_probe08,,,,,,,2026-09-01 15:01:34,force1,apply,A,1-7-10-6,1,,0.03753776,2A11_4B11,SMU,34,-18,
1-7-10-6,voltage,0.442061,RESULT,,,,COSETTE_CPW_W,CENFIRE-INLINE_probe08,,,,,,,2026-09-01 15:01:34,sense1,measure,ohm,1-7-10-6,1,,,2F01_2E12,DMM,34,-18,
2-7-10-6,current,0.00999987,RESULT,,,,COSETTE_CPW_W,CENFIRE-INLINE_probe08,,,,,,,2026-09-01 15:01:34,force2,apply,A,2-7-10-6,2,,3.055527,2A11_4B11,SMU,34,-19,
2-7-10-6,voltage,132.408,RESULT,,,,COSETTE_CPW_W,CENFIRE-INLINE_probe08,,,,,,,2026-09-01 15:01:34,sense2,measure,ohm,2-7-10-6,2,,,2F01_2E12,DMM,34,-19,
1-7-11-6,current,0.00999982,RESULT,,,,COSETTE_CPW_W,CENFIRE-INLINE_probe08,,,,,,,2026-09-01 15:01:39,force1,apply,A,1-7-11-6,1,,0.0378959,2A11_4B11,SMU,34,-27,
1-7-11-6,voltage,0.447618,RESULT,,,,COSETTE_CPW_W,CENFIRE-INLINE_probe08,,,,,,,2026-09-01 15:01:39,sense1,measure,ohm,1-7-11-6,1,,,2F01_2E12,DMM,34,-27,
2-7-11-6,current,0.00999749,RESULT,,,,COSETTE_CPW_W,CENFIRE-INLINE_probe08,,,,,,,2026-09-01 15:01:39,force2,apply,A,2-7-11-6,2,,4.817254,2A11_4B11,SMU,34,-28,
2-7-11-6,voltage,134.879,RESULT,,,,COSETTE_CPW_W,CENFIRE-INLINE_probe08,,,,,,,2026-09-01 15:01:39,sense2,measure,ohm,2-7-11-6,2,,,2F01_2E12,DMM,34,-28,
1-7-12-6,current,0.00999982,RESULT,,,,COSETTE_CPW_W,CENFIRE-INLINE_probe08,,,,,,,2026-09-01 15:01:44,force1,apply,A,1-7-12-6,1,,0.03797851,2A11_4B11,SMU,34,-36,
1-7-12-6,voltage,0.456048,RESULT,,,,COSETTE_CPW_W,CENFIRE-INLINE_probe08,,,,,,,2026-09-01 15:01:44,sense1,measure,ohm,1-7-12-6,1,,,2F01_2E12,DMM,34,-36,
2-7-12-6,current,0.00999962,RESULT,,,,COSETTE_CPW_W,CENFIRE-INLINE_probe08,,,,,,,2026-09-01 15:01:44,force2,apply,A,2-7-12-6,2,,4.873352,2A11_4B11,SMU,34,-37,
2-7-12-6,voltage,137.808,RESULT,,,,COSETTE_CPW_W,CENFIRE-INLINE_probe08,,,,,,,2026-09-01 15:01:44,sense2,measure,ohm,2-7-12-6,2,,,2F01_2E12,DMM,34,-37,
1-7-13-6,current,0.00999982,RESULT,,,,COSETTE_CPW_W,CENFIRE-INLINE_probe08,,,,,,,2026-09-01 15:01:48,force1,apply,A,1-7-13-6,1,,0.038394,2A11_4B11,SMU,34,-45,
1-7-13-6,voltage,0.465818,RESULT,,,,COSETTE_CPW_W,CENFIRE-INLINE_probe08,,,,,,,2026-09-01 15:01:48,sense1,measure,ohm,1-7-13-6,1,,,2F01_2E12,DMM,34,-45,
2-7-13-6,current,0.00999988,RESULT,,,,COSETTE_CPW_W,CENFIRE-INLINE_probe08,,,,,,,2026-09-01 15:01:48,force2,apply,A,2-7-13-6,2,,3.329025,2A11_4B11,SMU,34,-46,
2-7-13-6,voltage,138.721,RESULT,,,,COSETTE_CPW_W,CENFIRE-INLINE_probe08,,,,,,,2026-09-01 15:01:48,sense2,measure,ohm,2-7-13-6,2,,,2F01_2E12,DMM,34,-46,
1-7-14-6,current,0.00999982,RESULT,,,,COSETTE_CPW_W,CENFIRE-INLINE_probe08,,,,,,,2026-09-01 15:01:53,force1,apply,A,1-7-14-6,1,,0.03859039,2A11_4B11,SMU,34,-54,
1-7-14-6,voltage,0.478093,RESULT,,,,COSETTE_CPW_W,CENFIRE-INLINE_probe08,,,,,,,2026-09-01 15:01:53,sense1,measure,ohm,1-7-14-6,1,,,2F01_2E12,DMM,34,-54,
2-7-14-6,current,1.99696e-07,RESULT,,,,COSETTE_CPW_W,CENFIRE-INLINE_probe08,,,,,,,2026-09-01 15:01:53,force2,apply,A,2-7-14-6,2,,7.000384,2A11_4B11,SMU,34,-55,
2-7-14-6,voltage,281.254,RESULT,,,,COSETTE_CPW_W,CENFIRE-INLINE_probe08,,,,,,,2026-09-01 15:01:53,sense2,measure,ohm,2-7-14-6,2,,,2F01_2E12,DMM,34,-55,
1-7-2-7,current,0.00999983,RESULT,,,,COSETTE_CPW_W,CENFIRE-INLINE_probe08,,,,,,,2026-09-01 15:01:59,force1,apply,A,1-7-2-7,1,,0.03800955,2A11_4B11,SMU,27,54,
1-7-2-7,voltage,0.453485,RESULT,,,,COSETTE_CPW_W,CENFIRE-INLINE_probe08,,,,,,,2026-09-01 15:01:59,sense1,measure,ohm,1-7-2-7,1,,,2F01_2E12,DMM,27,54,
2-7-2-7,current,4.45231e-06,RESULT,,,,COSETTE_CPW_W,CENFIRE-INLINE_probe08,,,,,,,2026-09-01 15:01:59,force2,apply,A,2-7-2-7,2,,7.000457,2A11_4B11,SMU,27,53,
2-7-2-7,voltage,963.68,RESULT,,,,COSETTE_CPW_W,CENFIRE-INLINE_probe08,,,,,,,2026-09-01 15:01:59,sense2,measure,ohm,2-7-2-7,2,,,2F01_2E12,DMM,27,53,
1-7-3-7,current,0.00999981,RESULT,,,,COSETTE_CPW_W,CENFIRE-INLINE_probe08,,,,,,,2026-09-01 15:02:04,force1,apply,A,1-7-3-7,1,,0.0381115,2A11_4B11,SMU,27,45,
1-7-3-7,voltage,0.44486,RESULT,,,,COSETTE_CPW_W,CENFIRE-INLINE_probe08,,,,,,,2026-09-01 15:02:04,sense1,measure,ohm,1-7-3-7,1,,,2F01_2E12,DMM,27,45,
2-7-3-7,current,0.00999988,RESULT,,,,COSETTE_CPW_W,CENFIRE-INLINE_probe08,,,,,,,2026-09-01 15:02:04,force2,apply,A,2-7-3-7,2,,3.272079,2A11_4B11,SMU,27,44,
2-7-3-7,voltage,137.397,RESULT,,,,COSETTE_CPW_W,CENFIRE-INLINE_probe08,,,,,,,2026-09-01 15:02:04,sense2,measure,ohm,2-7-3-7,2,,,2F01_2E12,DMM,27,44,
1-7-4-7,current,0.00999983,RESULT,,,,COSETTE_CPW_W,CENFIRE-INLINE_probe08,,,,,,,2026-09-01 15:02:09,force1,apply,A,1-7-4-7,1,,0.03787687,2A11_4B11,SMU,27,36,
1-7-4-7,voltage,0.438196,RESULT,,,,COSETTE_CPW_W,CENFIRE-INLINE_probe08,,,,,,,2026-09-01 15:02:09,sense1,measure,ohm,1-7-4-7,1,,,2F01_2E12,DMM,27,36,
2-7-4-7,current,0.00999988,RESULT,,,,COSETTE_CPW_W,CENFIRE-INLINE_probe08,,,,,,,2026-09-01 15:02:09,force2,apply,A,2-7-4-7,2,,3.085613,2A11_4B11,SMU,27,35,
2-7-4-7,voltage,134.944,RESULT,,,,COSETTE_CPW_W,CENFIRE-INLINE_probe08,,,,,,,2026-09-01 15:02:09,sense2,measure,ohm,2-7-4-7,2,,,2F01_2E12,DMM,27,35,
1-7-5-7,current,0.00999983,RESULT,,,,COSETTE_CPW_W,CENFIRE-INLINE_probe08,,,,,,,2026-09-01 15:02:13,force1,apply,A,1-7-5-7,1,,0.03788855,2A11_4B11,SMU,27,27,
1-7-5-7,voltage,0.43379,RESULT,,,,COSETTE_CPW_W,CENFIRE-INLINE_probe08,,,,,,,2026-09-01 15:02:13,sense1,measure,ohm,1-7-5-7,1,,,2F01_2E12,DMM,27,27,
2-7-5-7,current,0.00999988,RESULT,,,,COSETTE_CPW_W,CENFIRE-INLINE_probe08,,,,,,,2026-09-01 15:02:13,force2,apply,A,2-7-5-7,2,,3.011484,2A11_4B11,SMU,27,26,
2-7-5-7,voltage,133.711,RESULT,,,,COSETTE_CPW_W,CENFIRE-INLINE_probe08,,,,,,,2026-09-01 15:02:13,sense2,measure,ohm,2-7-5-7,2,,,2F01_2E12,DMM,27,26,
1-7-6-7,current,0.00999982,RESULT,,,,COSETTE_CPW_W,CENFIRE-INLINE_probe08,,,,,,,2026-09-01 15:02:18,force1,apply,A,1-7-6-7,1,,0.03811365,2A11_4B11,SMU,27,18,
1-7-6-7,voltage,0.431911,RESULT,,,,COSETTE_CPW_W,CENFIRE-INLINE_probe08,,,,,,,2026-09-01 15:02:18,sense1,measure,ohm,1-7-6-7,1,,,2F01_2E12,DMM,27,18,
2-7-6-7,current,0.00999988,RESULT,,,,COSETTE_CPW_W,CENFIRE-INLINE_probe08,,,,,,,2026-09-01 15:02:18,force2,apply,A,2-7-6-7,2,,2.862918,2A11_4B11,SMU,27,17,
2-7-6-7,voltage,132.741,RESULT,,,,COSETTE_CPW_W,CENFIRE-INLINE_probe08,,,,,,,2026-09-01 15:02:18,sense2,measure,ohm,2-7-6-7,2,,,2F01_2E12,DMM,27,17,
1-7-7-7,current,0.00999981,RESULT,,,,COSETTE_CPW_W,CENFIRE-INLINE_probe08,,,,,,,2026-09-01 15:02:23,force1,apply,A,1-7-7-7,1,,0.03794856,2A11_4B11,SMU,27,9,
1-7-7-7,voltage,0.432131,RESULT,,,,COSETTE_CPW_W,CENFIRE-INLINE_probe08,,,,,,,2026-09-01 15:02:23,sense1,measure,ohm,1-7-7-7,1,,,2F01_2E12,DMM,27,9,
2-7-7-7,current,0.00999989,RESULT,,,,COSETTE_CPW_W,CENFIRE-INLINE_probe08,,,,,,,2026-09-01 15:02:23,force2,apply,A,2-7-7-7,2,,2.824194,2A11_4B11,SMU,27,8,
2-7-7-7,voltage,130.442,RESULT,,,,COSETTE_CPW_W,CENFIRE-INLINE_probe08,,,,,,,2026-09-01 15:02:23,sense2,measure,ohm,2-7-7-7,2,,,2F01_2E12,DMM,27,8,
1-7-8-7,current,0.00999982,RESULT,,,,COSETTE_CPW_W,CENFIRE-INLINE_probe08,,,,,,,2026-09-01 15:02:28,force1,apply,A,1-7-8-7,1,,0.03808428,2A11_4B11,SMU,27,0,
1-7-8-7,voltage,0.433089,RESULT,,,,COSETTE_CPW_W,CENFIRE-INLINE_probe08,,,,,,,2026-09-01 15:02:28,sense1,measure,ohm,1-7-8-7,1,,,2F01_2E12,DMM,27,0,
2-7-8-7,current,0.00999987,RESULT,,,,COSETTE_CPW_W,CENFIRE-INLINE_probe08,,,,,,,2026-09-01 15:02:28,force2,apply,A,2-7-8-7,2,,2.819052,2A11_4B11,SMU,27,-1,
2-7-8-7,voltage,130.401,RESULT,,,,COSETTE_CPW_W,CENFIRE-INLINE_probe08,,,,,,,2026-09-01 15:02:28,sense2,measure,ohm,2-7-8-7,2,,,2F01_2E12,DMM,27,-1,
1-7-9-7,current,0.00999982,RESULT,,,,COSETTE_CPW_W,CENFIRE-INLINE_probe08,,,,,,,2026-09-01 15:02:33,force1,apply,A,1-7-9-7,1,,0.03767338,2A11_4B11,SMU,27,-9,
1-7-9-7,voltage,0.434547,RESULT,,,,COSETTE_CPW_W,CENFIRE-INLINE_probe08,,,,,,,2026-09-01 15:02:33,sense1,measure,ohm,1-7-9-7,1,,,2F01_2E12,DMM,27,-9,
2-7-9-7,current,0.00999988,RESULT,,,,COSETTE_CPW_W,CENFIRE-INLINE_probe08,,,,,,,2026-09-01 15:02:33,force2,apply,A,2-7-9-7,2,,2.803192,2A11_4B11,SMU,27,-10,
2-7-9-7,voltage,129.703,RESULT,,,,COSETTE_CPW_W,CENFIRE-INLINE_probe08,,,,,,,2026-09-01 15:02:33,sense2,measure,ohm,2-7-9-7,2,,,2F01_2E12,DMM,27,-10,
1-7-10-7,current,0.00999982,RESULT,,,,COSETTE_CPW_W,CENFIRE-INLINE_probe08,,,,,,,2026-09-01 15:02:38,force1,apply,A,1-7-10-7,1,,0.03757763,2A11_4B11,SMU,27,-18,
1-7-10-7,voltage,0.438204,RESULT,,,,COSETTE_CPW_W,CENFIRE-INLINE_probe08,,,,,,,2026-09-01 15:02:38,sense1,measure,ohm,1-7-10-7,1,,,2F01_2E12,DMM,27,-18,
2-7-10-7,current,0.00999989,RESULT,,,,COSETTE_CPW_W,CENFIRE-INLINE_probe08,,,,,,,2026-09-01 15:02:38,force2,apply,A,2-7-10-7,2,,2.957311,2A11_4B11,SMU,27,-19,
2-7-10-7,voltage,131.485,RESULT,,,,COSETTE_CPW_W,CENFIRE-INLINE_probe08,,,,,,,2026-09-01 15:02:38,sense2,measure,ohm,2-7-10-7,2,,,2F01_2E12,DMM,27,-19,
1-7-11-7,current,0.00999983,RESULT,,,,COSETTE_CPW_W,CENFIRE-INLINE_probe08,,,,,,,2026-09-01 15:02:43,force1,apply,A,1-7-11-7,1,,0.03802915,2A11_4B11,SMU,27,-27,
1-7-11-7,voltage,0.446066,RESULT,,,,COSETTE_CPW_W,CENFIRE-INLINE_probe08,,,,,,,2026-09-01 15:02:43,sense1,measure,ohm,1-7-11-7,1,,,2F01_2E12,DMM,27,-27,
2-7-11-7,current,0.00999988,RESULT,,,,COSETTE_CPW_W,CENFIRE-INLINE_probe08,,,,,,,2026-09-01 15:02:43,force2,apply,A,2-7-11-7,2,,3.053317,2A11_4B11,SMU,27,-28,
2-7-11-7,voltage,132.517,RESULT,,,,COSETTE_CPW_W,CENFIRE-INLINE_probe08,,,,,,,2026-09-01 15:02:43,sense2,measure,ohm,2-7-11-7,2,,,2F01_2E12,DMM,27,-28,
1-7-12-7,current,0.00999982,RESULT,,,,COSETTE_CPW_W,CENFIRE-INLINE_probe08,,,,,,,2026-09-01 15:02:48,force1,apply,A,1-7-12-7,1,,0.0380097,2A11_4B11,SMU,27,-36,
1-7-12-7,voltage,0.45205,RESULT,,,,COSETTE_CPW_W,CENFIRE-INLINE_probe08,,,,,,,2026-09-01 15:02:48,sense1,measure,ohm,1-7-12-7,1,,,2F01_2E12,DMM,27,-36,
2-7-12-7,current,0.00288449,RESULT,,,,COSETTE_CPW_W,CENFIRE-INLINE_probe08,,,,,,,2026-09-01 15:02:48,force2,apply,A,2-7-12-7,2,,7.000433,2A11_4B11,SMU,27,-37,
2-7-12-7,voltage,19.1033,RESULT,,,,COSETTE_CPW_W,CENFIRE-INLINE_probe08,,,,,,,2026-09-01 15:02:48,sense2,measure,ohm,2-7-12-7,2,,,2F01_2E12,DMM,27,-37,
1-7-13-7,current,0.00999983,RESULT,,,,COSETTE_CPW_W,CENFIRE-INLINE_probe08,,,,,,,2026-09-01 15:02:53,force1,apply,A,1-7-13-7,1,,0.03804323,2A11_4B11,SMU,27,-45,
1-7-13-7,voltage,0.46038,RESULT,,,,COSETTE_CPW_W,CENFIRE-INLINE_probe08,,,,,,,2026-09-01 15:02:53,sense1,measure,ohm,1-7-13-7,1,,,2F01_2E12,DMM,27,-45,
2-7-13-7,current,0.00999988,RESULT,,,,COSETTE_CPW_W,CENFIRE-INLINE_probe08,,,,,,,2026-09-01 15:02:53,force2,apply,A,2-7-13-7,2,,3.788534,2A11_4B11,SMU,27,-46,
2-7-13-7,voltage,3.27423,RESULT,,,,COSETTE_CPW_W,CENFIRE-INLINE_probe08,,,,,,,2026-09-01 15:02:53,sense2,measure,ohm,2-7-13-7,2,,,2F01_2E12,DMM,27,-46,
1-7-14-7,current,0.00999982,RESULT,,,,COSETTE_CPW_W,CENFIRE-INLINE_probe08,,,,,,,2026-09-01 15:02:58,force1,apply,A,1-7-14-7,1,,0.03804083,2A11_4B11,SMU,27,-54,
1-7-14-7,voltage,0.466578,RESULT,,,,COSETTE_CPW_W,CENFIRE-INLINE_probe08,,,,,,,2026-09-01 15:02:58,sense1,measure,ohm,1-7-14-7,1,,,2F01_2E12,DMM,27,-54,
2-7-14-7,current,0.00999989,RESULT,,,,COSETTE_CPW_W,CENFIRE-INLINE_probe08,,,,,,,2026-09-01 15:02:58,force2,apply,A,2-7-14-7,2,,2.572885,2A11_4B11,SMU,27,-55,
2-7-14-7,voltage,181.474,RESULT,,,,COSETTE_CPW_W,CENFIRE-INLINE_probe08,,,,,,,2026-09-01 15:02:58,sense2,measure,ohm,2-7-14-7,2,,,2F01_2E12,DMM,27,-55,
1-7-2-8,current,0.00999983,RESULT,,,,COSETTE_CPW_W,CENFIRE-INLINE_probe08,,,,,,,2026-09-01 15:03:03,force1,apply,A,1-7-2-8,1,,0.03801237,2A11_4B11,SMU,20,54,
1-7-2-8,voltage,0.453217,RESULT,,,,COSETTE_CPW_W,CENFIRE-INLINE_probe08,,,,,,,2026-09-01 15:03:03,sense1,measure,ohm,1-7-2-8,1,,,2F01_2E12,DMM,20,54,
2-7-2-8,current,4.90017e-06,RESULT,,,,COSETTE_CPW_W,CENFIRE-INLINE_probe08,,,,,,,2026-09-01 15:03:03,force2,apply,A,2-7-2-8,2,,7.000397,2A11_4B11,SMU,20,53,
2-7-2-8,voltage,337.93,RESULT,,,,COSETTE_CPW_W,CENFIRE-INLINE_probe08,,,,,,,2026-09-01 15:03:03,sense2,measure,ohm,2-7-2-8,2,,,2F01_2E12,DMM,20,53,
1-7-3-8,current,0.00999982,RESULT,,,,COSETTE_CPW_W,CENFIRE-INLINE_probe08,,,,,,,2026-09-01 15:03:10,force1,apply,A,1-7-3-8,1,,0.03828114,2A11_4B11,SMU,20,45,
1-7-3-8,voltage,0.442524,RESULT,,,,COSETTE_CPW_W,CENFIRE-INLINE_probe08,,,,,,,2026-09-01 15:03:10,sense1,measure,ohm,1-7-3-8,1,,,2F01_2E12,DMM,20,45,
2-7-3-8,current,0.00999987,RESULT,,,,COSETTE_CPW_W,CENFIRE-INLINE_probe08,,,,,,,2026-09-01 15:03:10,force2,apply,A,2-7-3-8,2,,2.890366,2A11_4B11,SMU,20,44,
2-7-3-8,voltage,134.98,RESULT,,,,COSETTE_CPW_W,CENFIRE-INLINE_probe08,,,,,,,2026-09-01 15:03:10,sense2,measure,ohm,2-7-3-8,2,,,2F01_2E12,DMM,20,44,
1-7-4-8,current,0.00999982,RESULT,,,,COSETTE_CPW_W,CENFIRE-INLINE_probe08,,,,,,,2026-09-01 15:03:15,force1,apply,A,1-7-4-8,1,,0.03783378,2A11_4B11,SMU,20,36,
1-7-4-8,voltage,0.43939,RESULT,,,,COSETTE_CPW_W,CENFIRE-INLINE_probe08,,,,,,,2026-09-01 15:03:15,sense1,measure,ohm,1-7-4-8,1,,,2F01_2E12,DMM,20,36,
2-7-4-8,current,0.00999987,RESULT,,,,COSETTE_CPW_W,CENFIRE-INLINE_probe08,,,,,,,2026-09-01 15:03:15,force2,apply,A,2-7-4-8,2,,3.122082,2A11_4B11,SMU,20,35,
2-7-4-8,voltage,132.164,RESULT,,,,COSETTE_CPW_W,CENFIRE-INLINE_probe08,,,,,,,2026-09-01 15:03:15,sense2,measure,ohm,2-7-4-8,2,,,2F01_2E12,DMM,20,35,
1-7-5-8,current,0.00999982,RESULT,,,,COSETTE_CPW_W,CENFIRE-INLINE_probe08,,,,,,,2026-09-01 15:03:20,force1,apply,A,1-7-5-8,1,,0.03780504,2A11_4B11,SMU,20,27,
1-7-5-8,voltage,0.432124,RESULT,,,,COSETTE_CPW_W,CENFIRE-INLINE_probe08,,,,,,,2026-09-01 15:03:20,sense1,measure,ohm,1-7-5-8,1,,,2F01_2E12,DMM,20,27,
2-7-5-8,current,0.00999988,RESULT,,,,COSETTE_CPW_W,CENFIRE-INLINE_probe08,,,,,,,2026-09-01 15:03:20,force2,apply,A,2-7-5-8,2,,2.87872,2A11_4B11,SMU,20,26,
2-7-5-8,voltage,129.445,RESULT,,,,COSETTE_CPW_W,CENFIRE-INLINE_probe08,,,,,,,2026-09-01 15:03:20,sense2,measure,ohm,2-7-5-8,2,,,2F01_2E12,DMM,20,26,
1-7-6-8,current,0.00999982,RESULT,,,,COSETTE_CPW_W,CENFIRE-INLINE_probe08,,,,,,,2026-09-01 15:03:25,force1,apply,A,1-7-6-8,1,,0.03781297,2A11_4B11,SMU,20,18,
1-7-6-8,voltage,0.432779,RESULT,,,,COSETTE_CPW_W,CENFIRE-INLINE_probe08,,,,,,,2026-09-01 15:03:25,sense1,measure,ohm,1-7-6-8,1,,,2F01_2E12,DMM,20,18,
2-7-6-8,current,0.00999987,RESULT,,,,COSETTE_CPW_W,CENFIRE-INLINE_probe08,,,,,,,2026-09-01 15:03:25,force2,apply,A,2-7-6-8,2,,2.846149,2A11_4B11,SMU,20,17,
2-7-6-8,voltage,129.871,RESULT,,,,COSETTE_CPW_W,CENFIRE-INLINE_probe08,,,,,,,2026-09-01 15:03:25,sense2,measure,ohm,2-7-6-8,2,,,2F01_2E12,DMM,20,17,
1-7-7-8,current,0.00999981,RESULT,,,,COSETTE_CPW_W,CENFIRE-INLINE_probe08,,,,,,,2026-09-01 15:03:30,force1,apply,A,1-7-7-8,1,,0.03820958,2A11_4B11,SMU,20,9,
1-7-7-8,voltage,0.433447,RESULT,,,,COSETTE_CPW_W,CENFIRE-INLINE_probe08,,,,,,,2026-09-01 15:03:30,sense1,measure,ohm,1-7-7-8,1,,,2F01_2E12,DMM,20,9,
2-7-7-8,current,0.00999988,RESULT,,,,COSETTE_CPW_W,CENFIRE-INLINE_probe08,,,,,,,2026-09-01 15:03:30,force2,apply,A,2-7-7-8,2,,2.769844,2A11_4B11,SMU,20,8,
2-7-7-8,voltage,129.274,RESULT,,,,COSETTE_CPW_W,CENFIRE-INLINE_probe08,,,,,,,2026-09-01 15:03:30,sense2,measure,ohm,2-7-7-8,2,,,2F01_2E12,DMM,20,8,
1-7-8-8,current,0.00999982,RESULT,,,,COSETTE_CPW_W,CENFIRE-INLINE_probe08,,,,,,,2026-09-01 15:03:35,force1,apply,A,1-7-8-8,1,,0.03782383,2A11_4B11,SMU,20,0,
1-7-8-8,voltage,0.431949,RESULT,,,,COSETTE_CPW_W,CENFIRE-INLINE_probe08,,,,,,,2026-09-01 15:03:35,sense1,measure,ohm,1-7-8-8,1,,,2F01_2E12,DMM,20,0,
2-7-8-8,current,0.00999988,RESULT,,,,COSETTE_CPW_W,CENFIRE-INLINE_probe08,,,,,,,2026-09-01 15:03:35,force2,apply,A,2-7-8-8,2,,2.77194,2A11_4B11,SMU,20,-1,
2-7-8-8,voltage,129.644,RESULT,,,,COSETTE_CPW_W,CENFIRE-INLINE_probe08,,,,,,,2026-09-01 15:03:35,sense2,measure,ohm,2-7-8-8,2,,,2F01_2E12,DMM,20,-1,
1-7-9-8,current,0.00999981,RESULT,,,,COSETTE_CPW_W,CENFIRE-INLINE_probe08,,,,,,,2026-09-01 15:03:43,force1,apply,A,1-7-9-8,1,,0.03787728,2A11_4B11,SMU,20,-9,
1-7-9-8,voltage,0.436529,RESULT,,,,COSETTE_CPW_W,CENFIRE-INLINE_probe08,,,,,,,2026-09-01 15:03:43,sense1,measure,ohm,1-7-9-8,1,,,2F01_2E12,DMM,20,-9,
2-7-9-8,current,0.00999988,RESULT,,,,COSETTE_CPW_W,CENFIRE-INLINE_probe08,,,,,,,2026-09-01 15:03:43,force2,apply,A,2-7-9-8,2,,2.755019,2A11_4B11,SMU,20,-10,
2-7-9-8,voltage,126.255,RESULT,,,,COSETTE_CPW_W,CENFIRE-INLINE_probe08,,,,,,,2026-09-01 15:03:43,sense2,measure,ohm,2-7-9-8,2,,,2F01_2E12,DMM,20,-10,
1-7-10-8,current,0.00999982,RESULT,,,,COSETTE_CPW_W,CENFIRE-INLINE_probe08,,,,,,,2026-09-01 15:03:50,force1,apply,A,1-7-10-8,1,,0.03781599,2A11_4B11,SMU,20,-18,
1-7-10-8,voltage,0.439328,RESULT,,,,COSETTE_CPW_W,CENFIRE-INLINE_probe08,,,,,,,2026-09-01 15:03:50,sense1,measure,ohm,1-7-10-8,1,,,2F01_2E12,DMM,20,-18,
2-7-10-8,current,0.00999989,RESULT,,,,COSETTE_CPW_W,CENFIRE-INLINE_probe08,,,,,,,2026-09-01 15:03:50,force2,apply,A,2-7-10-8,2,,2.85318,2A11_4B11,SMU,20,-19,
2-7-10-8,voltage,128.536,RESULT,,,,COSETTE_CPW_W,CENFIRE-INLINE_probe08,,,,,,,2026-09-01 15:03:50,sense2,measure,ohm,2-7-10-8,2,,,2F01_2E12,DMM,20,-19,
1-7-11-8,current,0.00999983,RESULT,,,,COSETTE_CPW_W,CENFIRE-INLINE_probe08,,,,,,,2026-09-01 15:03:55,force1,apply,A,1-7-11-8,1,,0.03787219,2A11_4B11,SMU,20,-27,
1-7-11-8,voltage,0.445013,RESULT,,,,COSETTE_CPW_W,CENFIRE-INLINE_probe08,,,,,,,2026-09-01 15:03:55,sense1,measure,ohm,1-7-11-8,1,,,2F01_2E12,DMM,20,-27,
2-7-11-8,current,0.00999987,RESULT,,,,COSETTE_CPW_W,CENFIRE-INLINE_probe08,,,,,,,2026-09-01 15:03:55,force2,apply,A,2-7-11-8,2,,3.041162,2A11_4B11,SMU,20,-28,
2-7-11-8,voltage,129.913,RESULT,,,,COSETTE_CPW_W,CENFIRE-INLINE_probe08,,,,,,,2026-09-01 15:03:55,sense2,measure,ohm,2-7-11-8,2,,,2F01_2E12,DMM,20,-28,
1-7-12-8,current,0.00999981,RESULT,,,,COSETTE_CPW_W,CENFIRE-INLINE_probe08,,,,,,,2026-09-01 15:03:59,force1,apply,A,1-7-12-8,1,,0.0381372,2A11_4B11,SMU,20,-36,
1-7-12-8,voltage,0.452897,RESULT,,,,COSETTE_CPW_W,CENFIRE-INLINE_probe08,,,,,,,2026-09-01 15:03:59,sense1,measure,ohm,1-7-12-8,1,,,2F01_2E12,DMM,20,-36,
2-7-12-8,current,0.00999988,RESULT,,,,COSETTE_CPW_W,CENFIRE-INLINE_probe08,,,,,,,2026-09-01 15:03:59,force2,apply,A,2-7-12-8,2,,3.250769,2A11_4B11,SMU,20,-37,
2-7-12-8,voltage,129.276,RESULT,,,,COSETTE_CPW_W,CENFIRE-INLINE_probe08,,,,,,,2026-09-01 15:03:59,sense2,measure,ohm,2-7-12-8,2,,,2F01_2E12,DMM,20,-37,
1-7-13-8,current,0.00999982,RESULT,,,,COSETTE_CPW_W,CENFIRE-INLINE_probe08,,,,,,,2026-09-01 15:04:04,force1,apply,A,1-7-13-8,1,,0.03805546,2A11_4B11,SMU,20,-45,
1-7-13-8,voltage,0.456951,RESULT,,,,COSETTE_CPW_W,CENFIRE-INLINE_probe08,,,,,,,2026-09-01 15:04:04,sense1,measure,ohm,1-7-13-8,1,,,2F01_2E12,DMM,20,-45,
2-7-13-8,current,0.00999986,RESULT,,,,COSETTE_CPW_W,CENFIRE-INLINE_probe08,,,,,,,2026-09-01 15:04:04,force2,apply,A,2-7-13-8,2,,3.717053,2A11_4B11,SMU,20,-46,
2-7-13-8,voltage,8.97069,RESULT,,,,COSETTE_CPW_W,CENFIRE-INLINE_probe08,,,,,,,2026-09-01 15:04:04,sense2,measure,ohm,2-7-13-8,2,,,2F01_2E12,DMM,20,-46,
1-7-14-8,current,0.00999983,RESULT,,,,COSETTE_CPW_W,CENFIRE-INLINE_probe08,,,,,,,2026-09-01 15:04:09,force1,apply,A,1-7-14-8,1,,0.03796238,2A11_4B11,SMU,20,-54,
1-7-14-8,voltage,0.470888,RESULT,,,,COSETTE_CPW_W,CENFIRE-INLINE_probe08,,,,,,,2026-09-01 15:04:09,sense1,measure,ohm,1-7-14-8,1,,,2F01_2E12,DMM,20,-54,
2-7-14-8,current,0.00999988,RESULT,,,,COSETTE_CPW_W,CENFIRE-INLINE_probe08,,,,,,,2026-09-01 15:04:09,force2,apply,A,2-7-14-8,2,,3.140534,2A11_4B11,SMU,20,-55,
2-7-14-8,voltage,135.629,RESULT,,,,COSETTE_CPW_W,CENFIRE-INLINE_probe08,,,,,,,2026-09-01 15:04:09,sense2,measure,ohm,2-7-14-8,2,,,2F01_2E12,DMM,20,-55,
1-7-1-9,current,0.00999982,RESULT,,,,COSETTE_CPW_W,CENFIRE-INLINE_probe08,,,,,,,2026-09-01 15:04:14,force1,apply,A,1-7-1-9,1,,0.03759935,2A11_4B11,SMU,13,63,
1-7-1-9,voltage,0.459872,RESULT,,,,COSETTE_CPW_W,CENFIRE-INLINE_probe08,,,,,,,2026-09-01 15:04:14,sense1,measure,ohm,1-7-1-9,1,,,2F01_2E12,DMM,13,63,
2-7-1-9,current,0.00999988,RESULT,,,,COSETTE_CPW_W,CENFIRE-INLINE_probe08,,,,,,,2026-09-01 15:04:14,force2,apply,A,2-7-1-9,2,,3.067276,2A11_4B11,SMU,13,62,
2-7-1-9,voltage,139.705,RESULT,,,,COSETTE_CPW_W,CENFIRE-INLINE_probe08,,,,,,,2026-09-01 15:04:14,sense2,measure,ohm,2-7-1-9,2,,,2F01_2E12,DMM,13,62,
1-7-2-9,current,0.00999981,RESULT,,,,COSETTE_CPW_W,CENFIRE-INLINE_probe08,,,,,,,2026-09-01 15:04:18,force1,apply,A,1-7-2-9,1,,0.0377867,2A11_4B11,SMU,13,54,
1-7-2-9,voltage,0.447892,RESULT,,,,COSETTE_CPW_W,CENFIRE-INLINE_probe08,,,,,,,2026-09-01 15:04:18,sense1,measure,ohm,1-7-2-9,1,,,2F01_2E12,DMM,13,54,
2-7-2-9,current,1.22887e-05,RESULT,,,,COSETTE_CPW_W,CENFIRE-INLINE_probe08,,,,,,,2026-09-01 15:04:18,force2,apply,A,2-7-2-9,2,,7.000361,2A11_4B11,SMU,13,53,
2-7-2-9,voltage,353.719,RESULT,,,,COSETTE_CPW_W,CENFIRE-INLINE_probe08,,,,,,,2026-09-01 15:04:18,sense2,measure,ohm,2-7-2-9,2,,,2F01_2E12,DMM,13,53,
1-7-3-9,current,0.00999981,RESULT,,,,COSETTE_CPW_W,CENFIRE-INLINE_probe08,,,,,,,2026-09-01 15:04:23,force1,apply,A,1-7-3-9,1,,0.03772048,2A11_4B11,SMU,13,45,
1-7-3-9,voltage,0.443304,RESULT,,,,COSETTE_CPW_W,CENFIRE-INLINE_probe08,,,,,,,2026-09-01 15:04:23,sense1,measure,ohm,1-7-3-9,1,,,2F01_2E12,DMM,13,45,
2-7-3-9,current,0.00999989,RESULT,,,,COSETTE_CPW_W,CENFIRE-INLINE_probe08,,,,,,,2026-09-01 15:04:23,force2,apply,A,2-7-3-9,2,,2.919065,2A11_4B11,SMU,13,44,
2-7-3-9,voltage,128.194,RESULT,,,,COSETTE_CPW_W,CENFIRE-INLINE_probe08,,,,,,,2026-09-01 15:04:23,sense2,measure,ohm,2-7-3-9,2,,,2F01_2E12,DMM,13,44,
1-7-4-9,current,0.00999983,RESULT,,,,COSETTE_CPW_W,CENFIRE-INLINE_probe08,,,,,,,2026-09-01 15:04:28,force1,apply,A,1-7-4-9,1,,0.0378159,2A11_4B11,SMU,13,36,
1-7-4-9,voltage,0.434492,RESULT,,,,COSETTE_CPW_W,CENFIRE-INLINE_probe08,,,,,,,2026-09-01 15:04:28,sense1,measure,ohm,1-7-4-9,1,,,2F01_2E12,DMM,13,36,
2-7-4-9,current,0.00999988,RESULT,,,,COSETTE_CPW_W,CENFIRE-INLINE_probe08,,,,,,,2026-09-01 15:04:28,force2,apply,A,2-7-4-9,2,,3.104165,2A11_4B11,SMU,13,35,
2-7-4-9,voltage,128.789,RESULT,,,,COSETTE_CPW_W,CENFIRE-INLINE_probe08,,,,,,,2026-09-01 15:04:28,sense2,measure,ohm,2-7-4-9,2,,,2F01_2E12,DMM,13,35,
1-7-5-9,current,0.00999981,RESULT,,,,COSETTE_CPW_W,CENFIRE-INLINE_probe08,,,,,,,2026-09-01 15:04:32,force1,apply,A,1-7-5-9,1,,0.03831904,2A11_4B11,SMU,13,27,
1-7-5-9,voltage,0.430839,RESULT,,,,COSETTE_CPW_W,CENFIRE-INLINE_probe08,,,,,,,2026-09-01 15:04:32,sense1,measure,ohm,1-7-5-9,1,,,2F01_2E12,DMM,13,27,
2-7-5-9,current,0.00999988,RESULT,,,,COSETTE_CPW_W,CENFIRE-INLINE_probe08,,,,,,,2026-09-01 15:04:32,force2,apply,A,2-7-5-9,2,,2.813189,2A11_4B11,SMU,13,26,
2-7-5-9,voltage,125.762,RESULT,,,,COSETTE_CPW_W,CENFIRE-INLINE_probe08,,,,,,,2026-09-01 15:04:32,sense2,measure,ohm,2-7-5-9,2,,,2F01_2E12,DMM,13,26,
1-7-6-9,current,0.00999982,RESULT,,,,COSETTE_CPW_W,CENFIRE-INLINE_probe08,,,,,,,2026-09-01 15:04:37,force1,apply,A,1-7-6-9,1,,0.03817909,2A11_4B11,SMU,13,18,
1-7-6-9,voltage,0.432835,RESULT,,,,COSETTE_CPW_W,CENFIRE-INLINE_probe08,,,,,,,2026-09-01 15:04:37,sense1,measure,ohm,1-7-6-9,1,,,2F01_2E12,DMM,13,18,
2-7-6-9,current,0.00999989,RESULT,,,,COSETTE_CPW_W,CENFIRE-INLINE_probe08,,,,,,,2026-09-01 15:04:37,force2,apply,A,2-7-6-9,2,,2.763971,2A11_4B11,SMU,13,17,
2-7-6-9,voltage,125.844,RESULT,,,,COSETTE_CPW_W,CENFIRE-INLINE_probe08,,,,,,,2026-09-01 15:04:37,sense2,measure,ohm,2-7-6-9,2,,,2F01_2E12,DMM,13,17,
1-7-7-9,current,0.00999982,RESULT,,,,COSETTE_CPW_W,CENFIRE-INLINE_probe08,,,,,,,2026-09-01 15:04:42,force1,apply,A,1-7-7-9,1,,0.03834088,2A11_4B11,SMU,13,9,
1-7-7-9,voltage,0.434253,RESULT,,,,COSETTE_CPW_W,CENFIRE-INLINE_probe08,,,,,,,2026-09-01 15:04:42,sense1,measure,ohm,1-7-7-9,1,,,2F01_2E12,DMM,13,9,
2-7-7-9,current,0.00999988,RESULT,,,,COSETTE_CPW_W,CENFIRE-INLINE_probe08,,,,,,,2026-09-01 15:04:42,force2,apply,A,2-7-7-9,2,,2.757179,2A11_4B11,SMU,13,8,
2-7-7-9,voltage,126.911,RESULT,,,,COSETTE_CPW_W,CENFIRE-INLINE_probe08,,,,,,,2026-09-01 15:04:42,sense2,measure,ohm,2-7-7-9,2,,,2F01_2E12,DMM,13,8,
1-7-8-9,current,0.00999981,RESULT,,,,COSETTE_CPW_W,CENFIRE-INLINE_probe08,,,,,,,2026-09-01 15:04:46,force1,apply,A,1-7-8-9,1,,0.03793677,2A11_4B11,SMU,13,0,
1-7-8-9,voltage,0.434063,RESULT,,,,COSETTE_CPW_W,CENFIRE-INLINE_probe08,,,,,,,2026-09-01 15:04:46,sense1,measure,ohm,1-7-8-9,1,,,2F01_2E12,DMM,13,0,
2-7-8-9,current,0.00999988,RESULT,,,,COSETTE_CPW_W,CENFIRE-INLINE_probe08,,,,,,,2026-09-01 15:04:46,force2,apply,A,2-7-8-9,2,,2.768892,2A11_4B11,SMU,13,-1,
2-7-8-9,voltage,127.234,RESULT,,,,COSETTE_CPW_W,CENFIRE-INLINE_probe08,,,,,,,2026-09-01 15:04:46,sense2,measure,ohm,2-7-8-9,2,,,2F01_2E12,DMM,13,-1,
1-7-9-9,current,0.00999981,RESULT,,,,COSETTE_CPW_W,CENFIRE-INLINE_probe08,,,,,,,2026-09-01 15:04:51,force1,apply,A,1-7-9-9,1,,0.03775115,2A11_4B11,SMU,13,-9,
1-7-9-9,voltage,0.433763,RESULT,,,,COSETTE_CPW_W,CENFIRE-INLINE_probe08,,,,,,,2026-09-01 15:04:51,sense1,measure,ohm,1-7-9-9,1,,,2F01_2E12,DMM,13,-9,
2-7-9-9,current,0.00999988,RESULT,,,,COSETTE_CPW_W,CENFIRE-INLINE_probe08,,,,,,,2026-09-01 15:04:51,force2,apply,A,2-7-9-9,2,,2.770162,2A11_4B11,SMU,13,-10,
2-7-9-9,voltage,127.994,RESULT,,,,COSETTE_CPW_W,CENFIRE-INLINE_probe08,,,,,,,2026-09-01 15:04:51,sense2,measure,ohm,2-7-9-9,2,,,2F01_2E12,DMM,13,-10,
1-7-10-9,current,0.00999983,RESULT,,,,COSETTE_CPW_W,CENFIRE-INLINE_probe08,,,,,,,2026-09-01 15:04:56,force1,apply,A,1-7-10-9,1,,0.03777593,2A11_4B11,SMU,13,-18,
1-7-10-9,voltage,0.435545,RESULT,,,,COSETTE_CPW_W,CENFIRE-INLINE_probe08,,,,,,,2026-09-01 15:04:56,sense1,measure,ohm,1-7-10-9,1,,,2F01_2E12,DMM,13,-18,
2-7-10-9,current,0.00999987,RESULT,,,,COSETTE_CPW_W,CENFIRE-INLINE_probe08,,,,,,,2026-09-01 15:04:56,force2,apply,A,2-7-10-9,2,,2.820711,2A11_4B11,SMU,13,-19,
2-7-10-9,voltage,125.878,RESULT,,,,COSETTE_CPW_W,CENFIRE-INLINE_probe08,,,,,,,2026-09-01 15:04:56,sense2,measure,ohm,2-7-10-9,2,,,2F01_2E12,DMM,13,-19,
1-7-11-9,current,0.00999983,RESULT,,,,COSETTE_CPW_W,CENFIRE-INLINE_probe08,,,,,,,2026-09-01 15:05:00,force1,apply,A,1-7-11-9,1,,0.03820978,2A11_4B11,SMU,13,-27,
1-7-11-9,voltage,0.439151,RESULT,,,,COSETTE_CPW_W,CENFIRE-INLINE_probe08,,,,,,,2026-09-01 15:05:00,sense1,measure,ohm,1-7-11-9,1,,,2F01_2E12,DMM,13,-27,
2-7-11-9,current,0.00999989,RESULT,,,,COSETTE_CPW_W,CENFIRE-INLINE_probe08,,,,,,,2026-09-01 15:05:00,force2,apply,A,2-7-11-9,2,,2.930403,2A11_4B11,SMU,13,-28,
2-7-11-9,voltage,128.772,RESULT,,,,COSETTE_CPW_W,CENFIRE-INLINE_probe08,,,,,,,2026-09-01 15:05:00,sense2,measure,ohm,2-7-11-9,2,,,2F01_2E12,DMM,13,-28,
1-7-12-9,current,0.00999983,RESULT,,,,COSETTE_CPW_W,CENFIRE-INLINE_probe08,,,,,,,2026-09-01 15:05:05,force1,apply,A,1-7-12-9,1,,0.03758306,2A11_4B11,SMU,13,-36,
1-7-12-9,voltage,0.446838,RESULT,,,,COSETTE_CPW_W,CENFIRE-INLINE_probe08,,,,,,,2026-09-01 15:05:05,sense1,measure,ohm,1-7-12-9,1,,,2F01_2E12,DMM,13,-36,
2-7-12-9,current,0.00999987,RESULT,,,,COSETTE_CPW_W,CENFIRE-INLINE_probe08,,,,,,,2026-09-01 15:05:05,force2,apply,A,2-7-12-9,2,,3.359192,2A11_4B11,SMU,13,-37,
2-7-12-9,voltage,3.24937,RESULT,,,,COSETTE_CPW_W,CENFIRE-INLINE_probe08,,,,,,,2026-09-01 15:05:05,sense2,measure,ohm,2-7-12-9,2,,,2F01_2E12,DMM,13,-37,
1-7-13-9,current,0.00999982,RESULT,,,,COSETTE_CPW_W,CENFIRE-INLINE_probe08,,,,,,,2026-09-01 15:05:10,force1,apply,A,1-7-13-9,1,,0.03749006,2A11_4B11,SMU,13,-45,
1-7-13-9,voltage,0.457121,RESULT,,,,COSETTE_CPW_W,CENFIRE-INLINE_probe08,,,,,,,2026-09-01 15:05:10,sense1,measure,ohm,1-7-13-9,1,,,2F01_2E12,DMM,13,-45,
2-7-13-9,current,0.00999988,RESULT,,,,COSETTE_CPW_W,CENFIRE-INLINE_probe08,,,,,,,2026-09-01 15:05:10,force2,apply,A,2-7-13-9,2,,3.459468,2A11_4B11,SMU,13,-46,
2-7-13-9,voltage,131.936,RESULT,,,,COSETTE_CPW_W,CENFIRE-INLINE_probe08,,,,,,,2026-09-01 15:05:10,sense2,measure,ohm,2-7-13-9,2,,,2F01_2E12,DMM,13,-46,
1-7-14-9,current,0.00999983,RESULT,,,,COSETTE_CPW_W,CENFIRE-INLINE_probe08,,,,,,,2026-09-01 15:05:15,force1,apply,A,1-7-14-9,1,,0.03772742,2A11_4B11,SMU,13,-54,
1-7-14-9,voltage,0.46516,RESULT,,,,COSETTE_CPW_W,CENFIRE-INLINE_probe08,,,,,,,2026-09-01 15:05:15,sense1,measure,ohm,1-7-14-9,1,,,2F01_2E12,DMM,13,-54,
2-7-14-9,current,0.00999988,RESULT,,,,COSETTE_CPW_W,CENFIRE-INLINE_probe08,,,,,,,2026-09-01 15:05:15,force2,apply,A,2-7-14-9,2,,3.124347,2A11_4B11,SMU,13,-55,
2-7-14-9,voltage,136.084,RESULT,,,,COSETTE_CPW_W,CENFIRE-INLINE_probe08,,,,,,,2026-09-01 15:05:15,sense2,measure,ohm,2-7-14-9,2,,,2F01_2E12,DMM,13,-55,
1-7-1-10,current,0.00999981,RESULT,,,,COSETTE_CPW_W,CENFIRE-INLINE_probe08,,,,,,,2026-09-01 15:05:20,force1,apply,A,1-7-1-10,1,,0.03789967,2A11_4B11,SMU,6,63,
1-7-1-10,voltage,0.449709,RESULT,,,,COSETTE_CPW_W,CENFIRE-INLINE_probe08,,,,,,,2026-09-01 15:05:20,sense1,measure,ohm,1-7-1-10,1,,,2F01_2E12,DMM,6,63,
2-7-1-10,current,0.00999987,RESULT,,,,COSETTE_CPW_W,CENFIRE-INLINE_probe08,,,,,,,2026-09-01 15:05:20,force2,apply,A,2-7-1-10,2,,3.561293,2A11_4B11,SMU,6,62,
2-7-1-10,voltage,1.66201,RESULT,,,,COSETTE_CPW_W,CENFIRE-INLINE_probe08,,,,,,,2026-09-01 15:05:20,sense2,measure,ohm,2-7-1-10,2,,,2F01_2E12,DMM,6,62,
1-7-2-10,current,0.00999982,RESULT,,,,COSETTE_CPW_W,CENFIRE-INLINE_probe08,,,,,,,2026-09-01 15:05:24,force1,apply,A,1-7-2-10,1,,0.03784535,2A11_4B11,SMU,6,54,
1-7-2-10,voltage,0.448306,RESULT,,,,COSETTE_CPW_W,CENFIRE-INLINE_probe08,,,,,,,2026-09-01 15:05:24,sense1,measure,ohm,1-7-2-10,1,,,2F01_2E12,DMM,6,54,
2-7-2-10,current,0.00999988,RESULT,,,,COSETTE_CPW_W,CENFIRE-INLINE_probe08,,,,,,,2026-09-01 15:05:24,force2,apply,A,2-7-2-10,2,,3.333513,2A11_4B11,SMU,6,53,
2-7-2-10,voltage,133.931,RESULT,,,,COSETTE_CPW_W,CENFIRE-INLINE_probe08,,,,,,,2026-09-01 15:05:24,sense2,measure,ohm,2-7-2-10,2,,,2F01_2E12,DMM,6,53,
1-7-3-10,current,0.00999983,RESULT,,,,COSETTE_CPW_W,CENFIRE-INLINE_probe08,,,,,,,2026-09-01 15:05:29,force1,apply,A,1-7-3-10,1,,0.037838,2A11_4B11,SMU,6,45,
1-7-3-10,voltage,0.438612,RESULT,,,,COSETTE_CPW_W,CENFIRE-INLINE_probe08,,,,,,,2026-09-01 15:05:29,sense1,measure,ohm,1-7-3-10,1,,,2F01_2E12,DMM,6,45,
2-7-3-10,current,0.00999988,RESULT,,,,COSETTE_CPW_W,CENFIRE-INLINE_probe08,,,,,,,2026-09-01 15:05:29,force2,apply,A,2-7-3-10,2,,2.945183,2A11_4B11,SMU,6,44,
2-7-3-10,voltage,129.601,RESULT,,,,COSETTE_CPW_W,CENFIRE-INLINE_probe08,,,,,,,2026-09-01 15:05:29,sense2,measure,ohm,2-7-3-10,2,,,2F01_2E12,DMM,6,44,
1-7-4-10,current,0.00999982,RESULT,,,,COSETTE_CPW_W,CENFIRE-INLINE_probe08,,,,,,,2026-09-01 15:05:34,force1,apply,A,1-7-4-10,1,,0.0378458,2A11_4B11,SMU,6,36,
1-7-4-10,voltage,0.435939,RESULT,,,,COSETTE_CPW_W,CENFIRE-INLINE_probe08,,,,,,,2026-09-01 15:05:34,sense1,measure,ohm,1-7-4-10,1,,,2F01_2E12,DMM,6,36,
2-7-4-10,current,0.00999989,RESULT,,,,COSETTE_CPW_W,CENFIRE-INLINE_probe08,,,,,,,2026-09-01 15:05:34,force2,apply,A,2-7-4-10,2,,2.991807,2A11_4B11,SMU,6,35,
2-7-4-10,voltage,128.476,RESULT,,,,COSETTE_CPW_W,CENFIRE-INLINE_probe08,,,,,,,2026-09-01 15:05:34,sense2,measure,ohm,2-7-4-10,2,,,2F01_2E12,DMM,6,35,
1-7-5-10,current,0.00999982,RESULT,,,,COSETTE_CPW_W,CENFIRE-INLINE_probe08,,,,,,,2026-09-01 15:05:38,force1,apply,A,1-7-5-10,1,,0.03839324,2A11_4B11,SMU,6,27,
1-7-5-10,voltage,0.43124,RESULT,,,,COSETTE_CPW_W,CENFIRE-INLINE_probe08,,,,,,,2026-09-01 15:05:38,sense1,measure,ohm,1-7-5-10,1,,,2F01_2E12,DMM,6,27,
2-7-5-10,current,0.00999988,RESULT,,,,COSETTE_CPW_W,CENFIRE-INLINE_probe08,,,,,,,2026-09-01 15:05:38,force2,apply,A,2-7-5-10,2,,2.805186,2A11_4B11,SMU,6,26,
2-7-5-10,voltage,128.224,RESULT,,,,COSETTE_CPW_W,CENFIRE-INLINE_probe08,,,,,,,2026-09-01 15:05:38,sense2,measure,ohm,2-7-5-10,2,,,2F01_2E12,DMM,6,26,
1-7-6-10,current,0.00999983,RESULT,,,,COSETTE_CPW_W,CENFIRE-INLINE_probe08,,,,,,,2026-09-01 15:05:43,force1,apply,A,1-7-6-10,1,,0.03840322,2A11_4B11,SMU,6,18,
1-7-6-10,voltage,0.433622,RESULT,,,,COSETTE_CPW_W,CENFIRE-INLINE_probe08,,,,,,,2026-09-01 15:05:43,sense1,measure,ohm,1-7-6-10,1,,,2F01_2E12,DMM,6,18,
2-7-6-10,current,0.00999988,RESULT,,,,COSETTE_CPW_W,CENFIRE-INLINE_probe08,,,,,,,2026-09-01 15:05:43,force2,apply,A,2-7-6-10,2,,2.740574,2A11_4B11,SMU,6,17,
2-7-6-10,voltage,124.519,RESULT,,,,COSETTE_CPW_W,CENFIRE-INLINE_probe08,,,,,,,2026-09-01 15:05:43,sense2,measure,ohm,2-7-6-10,2,,,2F01_2E12,DMM,6,17,
1-7-7-10,current,0.00999982,RESULT,,,,COSETTE_CPW_W,CENFIRE-INLINE_probe08,,,,,,,2026-09-01 15:05:48,force1,apply,A,1-7-7-10,1,,0.03850061,2A11_4B11,SMU,6,9,
1-7-7-10,voltage,0.436232,RESULT,,,,COSETTE_CPW_W,CENFIRE-INLINE_probe08,,,,,,,2026-09-01 15:05:48,sense1,measure,ohm,1-7-7-10,1,,,2F01_2E12,DMM,6,9,
2-7-7-10,current,0.00999988,RESULT,,,,COSETTE_CPW_W,CENFIRE-INLINE_probe08,,,,,,,2026-09-01 15:05:48,force2,apply,A,2-7-7-10,2,,2.717242,2A11_4B11,SMU,6,8,
2-7-7-10,voltage,127.242,RESULT,,,,COSETTE_CPW_W,CENFIRE-INLINE_probe08,,,,,,,2026-09-01 15:05:48,sense2,measure,ohm,2-7-7-10,2,,,2F01_2E12,DMM,6,8,
1-7-8-10,current,0.00999983,RESULT,,,,COSETTE_CPW_W,CENFIRE-INLINE_probe08,,,,,,,2026-09-01 15:05:52,force1,apply,A,1-7-8-10,1,,0.03817358,2A11_4B11,SMU,6,0,
1-7-8-10,voltage,0.437429,RESULT,,,,COSETTE_CPW_W,CENFIRE-INLINE_probe08,,,,,,,2026-09-01 15:05:52,sense1,measure,ohm,1-7-8-10,1,,,2F01_2E12,DMM,6,0,
2-7-8-10,current,0.00999988,RESULT,,,,COSETTE_CPW_W,CENFIRE-INLINE_probe08,,,,,,,2026-09-01 15:05:52,force2,apply,A,2-7-8-10,2,,2.715632,2A11_4B11,SMU,6,-1,
2-7-8-10,voltage,127.859,RESULT,,,,COSETTE_CPW_W,CENFIRE-INLINE_probe08,,,,,,,2026-09-01 15:05:52,sense2,measure,ohm,2-7-8-10,2,,,2F01_2E12,DMM,6,-1,
1-7-9-10,current,0.00999983,RESULT,,,,COSETTE_CPW_W,CENFIRE-INLINE_probe08,,,,,,,2026-09-01 15:05:57,force1,apply,A,1-7-9-10,1,,0.03775818,2A11_4B11,SMU,6,-9,
1-7-9-10,voltage,0.435982,RESULT,,,,COSETTE_CPW_W,CENFIRE-INLINE_probe08,,,,,,,2026-09-01 15:05:57,sense1,measure,ohm,1-7-9-10,1,,,2F01_2E12,DMM,6,-9,
2-7-9-10,current,0.00999988,RESULT,,,,COSETTE_CPW_W,CENFIRE-INLINE_probe08,,,,,,,2026-09-01 15:05:57,force2,apply,A,2-7-9-10,2,,2.710318,2A11_4B11,SMU,6,-10,
2-7-9-10,voltage,125.102,RESULT,,,,COSETTE_CPW_W,CENFIRE-INLINE_probe08,,,,,,,2026-09-01 15:05:57,sense2,measure,ohm,2-7-9-10,2,,,2F01_2E12,DMM,6,-10,
1-7-10-10,current,0.00999982,RESULT,,,,COSETTE_CPW_W,CENFIRE-INLINE_probe08,,,,,,,2026-09-01 15:06:02,force1,apply,A,1-7-10-10,1,,0.03807073,2A11_4B11,SMU,6,-18,
1-7-10-10,voltage,0.434422,RESULT,,,,COSETTE_CPW_W,CENFIRE-INLINE_probe08,,,,,,,2026-09-01 15:06:02,sense1,measure,ohm,1-7-10-10,1,,,2F01_2E12,DMM,6,-18,
2-7-10-10,current,0.00999989,RESULT,,,,COSETTE_CPW_W,CENFIRE-INLINE_probe08,,,,,,,2026-09-01 15:06:02,force2,apply,A,2-7-10-10,2,,2.77845,2A11_4B11,SMU,6,-19,
2-7-10-10,voltage,127.297,RESULT,,,,COSETTE_CPW_W,CENFIRE-INLINE_probe08,,,,,,,2026-09-01 15:06:02,sense2,measure,ohm,2-7-10-10,2,,,2F01_2E12,DMM,6,-19,
1-7-11-10,current,0.00999982,RESULT,,,,COSETTE_CPW_W,CENFIRE-INLINE_probe08,,,,,,,2026-09-01 15:06:06,force1,apply,A,1-7-11-10,1,,0.03780385,2A11_4B11,SMU,6,-27,
1-7-11-10,voltage,0.438768,RESULT,,,,COSETTE_CPW_W,CENFIRE-INLINE_probe08,,,,,,,2026-09-01 15:06:06,sense1,measure,ohm,1-7-11-10,1,,,2F01_2E12,DMM,6,-27,
2-7-11-10,current,0.00999987,RESULT,,,,COSETTE_CPW_W,CENFIRE-INLINE_probe08,,,,,,,2026-09-01 15:06:06,force2,apply,A,2-7-11-10,2,,2.863941,2A11_4B11,SMU,6,-28,
2-7-11-10,voltage,128.133,RESULT,,,,COSETTE_CPW_W,CENFIRE-INLINE_probe08,,,,,,,2026-09-01 15:06:06,sense2,measure,ohm,2-7-11-10,2,,,2F01_2E12,DMM,6,-28,
1-7-12-10,current,0.00999982,RESULT,,,,COSETTE_CPW_W,CENFIRE-INLINE_probe08,,,,,,,2026-09-01 15:06:11,force1,apply,A,1-7-12-10,1,,0.03775891,2A11_4B11,SMU,6,-36,
1-7-12-10,voltage,0.446669,RESULT,,,,COSETTE_CPW_W,CENFIRE-INLINE_probe08,,,,,,,2026-09-01 15:06:11,sense1,measure,ohm,1-7-12-10,1,,,2F01_2E12,DMM,6,-36,
2-7-12-10,current,0.00999988,RESULT,,,,COSETTE_CPW_W,CENFIRE-INLINE_probe08,,,,,,,2026-09-01 15:06:11,force2,apply,A,2-7-12-10,2,,3.248322,2A11_4B11,SMU,6,-37,
2-7-12-10,voltage,129.769,RESULT,,,,COSETTE_CPW_W,CENFIRE-INLINE_probe08,,,,,,,2026-09-01 15:06:11,sense2,measure,ohm,2-7-12-10,2,,,2F01_2E12,DMM,6,-37,
1-7-13-10,current,0.00999981,RESULT,,,,COSETTE_CPW_W,CENFIRE-INLINE_probe08,,,,,,,2026-09-01 15:06:16,force1,apply,A,1-7-13-10,1,,0.03750725,2A11_4B11,SMU,6,-45,
1-7-13-10,voltage,0.455364,RESULT,,,,COSETTE_CPW_W,CENFIRE-INLINE_probe08,,,,,,,2026-09-01 15:06:16,sense1,measure,ohm,1-7-13-10,1,,,2F01_2E12,DMM,6,-45,
2-7-13-10,current,0.00325459,RESULT,,,,COSETTE_CPW_W,CENFIRE-INLINE_probe08,,,,,,,2026-09-01 15:06:16,force2,apply,A,2-7-13-10,2,,7.00045,2A11_4B11,SMU,6,-46,
2-7-13-10,voltage,22.5421,RESULT,,,,COSETTE_CPW_W,CENFIRE-INLINE_probe08,,,,,,,2026-09-01 15:06:16,sense2,measure,ohm,2-7-13-10,2,,,2F01_2E12,DMM,6,-46,
1-7-14-10,current,0.00999981,RESULT,,,,COSETTE_CPW_W,CENFIRE-INLINE_probe08,,,,,,,2026-09-01 15:06:21,force1,apply,A,1-7-14-10,1,,0.03775087,2A11_4B11,SMU,6,-54,
1-7-14-10,voltage,0.460898,RESULT,,,,COSETTE_CPW_W,CENFIRE-INLINE_probe08,,,,,,,2026-09-01 15:06:21,sense1,measure,ohm,1-7-14-10,1,,,2F01_2E12,DMM,6,-54,
2-7-14-10,current,0.00999989,RESULT,,,,COSETTE_CPW_W,CENFIRE-INLINE_probe08,,,,,,,2026-09-01 15:06:21,force2,apply,A,2-7-14-10,2,,2.985384,2A11_4B11,SMU,6,-55,
2-7-14-10,voltage,135.093,RESULT,,,,COSETTE_CPW_W,CENFIRE-INLINE_probe08,,,,,,,2026-09-01 15:06:21,sense2,measure,ohm,2-7-14-10,2,,,2F01_2E12,DMM,6,-55,
1-7-15-10,current,0.00999983,RESULT,,,,COSETTE_CPW_W,CENFIRE-INLINE_probe08,,,,,,,2026-09-01 15:06:25,force1,apply,A,1-7-15-10,1,,0.03914152,2A11_4B11,SMU,6,-63,
1-7-15-10,voltage,0.517298,RESULT,,,,COSETTE_CPW_W,CENFIRE-INLINE_probe08,,,,,,,2026-09-01 15:06:25,sense1,measure,ohm,1-7-15-10,1,,,2F01_2E12,DMM,6,-63,
1-7-1-11,current,0.00999981,RESULT,,,,COSETTE_CPW_W,CENFIRE-INLINE_probe08,,,,,,,2026-09-01 15:06:28,force1,apply,A,1-7-1-11,1,,0.03829207,2A11_4B11,SMU,-1,63,
1-7-1-11,voltage,0.460137,RESULT,,,,COSETTE_CPW_W,CENFIRE-INLINE_probe08,,,,,,,2026-09-01 15:06:28,sense1,measure,ohm,1-7-1-11,1,,,2F01_2E12,DMM,-1,63,
2-7-1-11,current,0.00440682,RESULT,,,,COSETTE_CPW_W,CENFIRE-INLINE_probe08,,,,,,,2026-09-01 15:06:28,force2,apply,A,2-7-1-11,2,,7.000387,2A11_4B11,SMU,-1,62,
2-7-1-11,voltage,1.78037,RESULT,,,,COSETTE_CPW_W,CENFIRE-INLINE_probe08,,,,,,,2026-09-01 15:06:28,sense2,measure,ohm,2-7-1-11,2,,,2F01_2E12,DMM,-1,62,
1-7-2-11,current,0.00999983,RESULT,,,,COSETTE_CPW_W,CENFIRE-INLINE_probe08,,,,,,,2026-09-01 15:06:33,force1,apply,A,1-7-2-11,1,,0.038003,2A11_4B11,SMU,-1,54,
1-7-2-11,voltage,0.4477,RESULT,,,,COSETTE_CPW_W,CENFIRE-INLINE_probe08,,,,,,,2026-09-01 15:06:33,sense1,measure,ohm,1-7-2-11,1,,,2F01_2E12,DMM,-1,54,
2-7-2-11,current,2.79814e-05,RESULT,,,,COSETTE_CPW_W,CENFIRE-INLINE_probe08,,,,,,,2026-09-01 15:06:33,force2,apply,A,2-7-2-11,2,,7.000393,2A11_4B11,SMU,-1,53,
2-7-2-11,voltage,197.044,RESULT,,,,COSETTE_CPW_W,CENFIRE-INLINE_probe08,,,,,,,2026-09-01 15:06:33,sense2,measure,ohm,2-7-2-11,2,,,2F01_2E12,DMM,-1,53,
1-7-3-11,current,0.00999982,RESULT,,,,COSETTE_CPW_W,CENFIRE-INLINE_probe08,,,,,,,2026-09-01 15:06:38,force1,apply,A,1-7-3-11,1,,0.03790797,2A11_4B11,SMU,-1,45,
1-7-3-11,voltage,0.441653,RESULT,,,,COSETTE_CPW_W,CENFIRE-INLINE_probe08,,,,,,,2026-09-01 15:06:38,sense1,measure,ohm,1-7-3-11,1,,,2F01_2E12,DMM,-1,45,
2-7-3-11,current,0.00999988,RESULT,,,,COSETTE_CPW_W,CENFIRE-INLINE_probe08,,,,,,,2026-09-01 15:06:38,force2,apply,A,2-7-3-11,2,,2.885036,2A11_4B11,SMU,-1,44,
2-7-3-11,voltage,128.459,RESULT,,,,COSETTE_CPW_W,CENFIRE-INLINE_probe08,,,,,,,2026-09-01 15:06:38,sense2,measure,ohm,2-7-3-11,2,,,2F01_2E12,DMM,-1,44,
1-7-4-11,current,0.00999981,RESULT,,,,COSETTE_CPW_W,CENFIRE-INLINE_probe08,,,,,,,2026-09-01 15:06:43,force1,apply,A,1-7-4-11,1,,0.03743738,2A11_4B11,SMU,-1,36,
1-7-4-11,voltage,0.433983,RESULT,,,,COSETTE_CPW_W,CENFIRE-INLINE_probe08,,,,,,,2026-09-01 15:06:43,sense1,measure,ohm,1-7-4-11,1,,,2F01_2E12,DMM,-1,36,
2-7-4-11,current,0.00999988,RESULT,,,,COSETTE_CPW_W,CENFIRE-INLINE_probe08,,,,,,,2026-09-01 15:06:43,force2,apply,A,2-7-4-11,2,,2.969514,2A11_4B11,SMU,-1,35,
2-7-4-11,voltage,126.093,RESULT,,,,COSETTE_CPW_W,CENFIRE-INLINE_probe08,,,,,,,2026-09-01 15:06:43,sense2,measure,ohm,2-7-4-11,2,,,2F01_2E12,DMM,-1,35,
1-7-5-11,current,0.00999982,RESULT,,,,COSETTE_CPW_W,CENFIRE-INLINE_probe08,,,,,,,2026-09-01 15:06:47,force1,apply,A,1-7-5-11,1,,0.03839713,2A11_4B11,SMU,-1,27,
1-7-5-11,voltage,0.431419,RESULT,,,,COSETTE_CPW_W,CENFIRE-INLINE_probe08,,,,,,,2026-09-01 15:06:47,sense1,measure,ohm,1-7-5-11,1,,,2F01_2E12,DMM,-1,27,
2-7-5-11,current,0.00999988,RESULT,,,,COSETTE_CPW_W,CENFIRE-INLINE_probe08,,,,,,,2026-09-01 15:06:47,force2,apply,A,2-7-5-11,2,,2.774213,2A11_4B11,SMU,-1,26,
2-7-5-11,voltage,125.253,RESULT,,,,COSETTE_CPW_W,CENFIRE-INLINE_probe08,,,,,,,2026-09-01 15:06:47,sense2,measure,ohm,2-7-5-11,2,,,2F01_2E12,DMM,-1,26,
1-7-6-11,current,0.00999982,RESULT,,,,COSETTE_CPW_W,CENFIRE-INLINE_probe08,,,,,,,2026-09-01 15:06:52,force1,apply,A,1-7-6-11,1,,0.03826869,2A11_4B11,SMU,-1,18,
1-7-6-11,voltage,0.43271,RESULT,,,,COSETTE_CPW_W,CENFIRE-INLINE_probe08,,,,,,,2026-09-01 15:06:52,sense1,measure,ohm,1-7-6-11,1,,,2F01_2E12,DMM,-1,18,
2-7-6-11,current,0.00999989,RESULT,,,,COSETTE_CPW_W,CENFIRE-INLINE_probe08,,,,,,,2026-09-01 15:06:52,force2,apply,A,2-7-6-11,2,,2.730754,2A11_4B11,SMU,-1,17,
2-7-6-11,voltage,126.995,RESULT,,,,COSETTE_CPW_W,CENFIRE-INLINE_probe08,,,,,,,2026-09-01 15:06:52,sense2,measure,ohm,2-7-6-11,2,,,2F01_2E12,DMM,-1,17,
1-7-7-11,current,0.00999982,RESULT,,,,COSETTE_CPW_W,CENFIRE-INLINE_probe08,,,,,,,2026-09-01 15:06:57,force1,apply,A,1-7-7-11,1,,0.03842071,2A11_4B11,SMU,-1,9,
1-7-7-11,voltage,0.435616,RESULT,,,,COSETTE_CPW_W,CENFIRE-INLINE_probe08,,,,,,,2026-09-01 15:06:57,sense1,measure,ohm,1-7-7-11,1,,,2F01_2E12,DMM,-1,9,
2-7-7-11,current,0.00999988,RESULT,,,,COSETTE_CPW_W,CENFIRE-INLINE_probe08,,,,,,,2026-09-01 15:06:57,force2,apply,A,2-7-7-11,2,,2.742735,2A11_4B11,SMU,-1,8,
2-7-7-11,voltage,127.327,RESULT,,,,COSETTE_CPW_W,CENFIRE-INLINE_probe08,,,,,,,2026-09-01 15:06:57,sense2,measure,ohm,2-7-7-11,2,,,2F01_2E12,DMM,-1,8,
1-7-8-11,current,0.00999982,RESULT,,,,COSETTE_CPW_W,CENFIRE-INLINE_probe08,,,,,,,2026-09-01 15:07:01,force1,apply,A,1-7-8-11,1,,0.03864713,2A11_4B11,SMU,-1,0,
1-7-8-11,voltage,0.437161,RESULT,,,,COSETTE_CPW_W,CENFIRE-INLINE_probe08,,,,,,,2026-09-01 15:07:01,sense1,measure,ohm,1-7-8-11,1,,,2F01_2E12,DMM,-1,0,
2-7-8-11,current,0.00999988,RESULT,,,,COSETTE_CPW_W,CENFIRE-INLINE_probe08,,,,,,,2026-09-01 15:07:01,force2,apply,A,2-7-8-11,2,,2.721514,2A11_4B11,SMU,-1,-1,
2-7-8-11,voltage,123.722,RESULT,,,,COSETTE_CPW_W,CENFIRE-INLINE_probe08,,,,,,,2026-09-01 15:07:01,sense2,measure,ohm,2-7-8-11,2,,,2F01_2E12,DMM,-1,-1,
1-7-9-11,current,0.00999983,RESULT,,,,COSETTE_CPW_W,CENFIRE-INLINE_probe08,,,,,,,2026-09-01 15:07:06,force1,apply,A,1-7-9-11,1,,0.0377972,2A11_4B11,SMU,-1,-9,
1-7-9-11,voltage,0.434492,RESULT,,,,COSETTE_CPW_W,CENFIRE-INLINE_probe08,,,,,,,2026-09-01 15:07:06,sense1,measure,ohm,1-7-9-11,1,,,2F01_2E12,DMM,-1,-9,
2-7-9-11,current,0.00999986,RESULT,,,,COSETTE_CPW_W,CENFIRE-INLINE_probe08,,,,,,,2026-09-01 15:07:06,force2,apply,A,2-7-9-11,2,,2.682232,2A11_4B11,SMU,-1,-10,
2-7-9-11,voltage,125.817,RESULT,,,,COSETTE_CPW_W,CENFIRE-INLINE_probe08,,,,,,,2026-09-01 15:07:06,sense2,measure,ohm,2-7-9-11,2,,,2F01_2E12,DMM,-1,-10,
1-7-10-11,current,0.00999982,RESULT,,,,COSETTE_CPW_W,CENFIRE-INLINE_probe08,,,,,,,2026-09-01 15:07:11,force1,apply,A,1-7-10-11,1,,0.03799009,2A11_4B11,SMU,-1,-18,
1-7-10-11,voltage,0.435609,RESULT,,,,COSETTE_CPW_W,CENFIRE-INLINE_probe08,,,,,,,2026-09-01 15:07:11,sense1,measure,ohm,1-7-10-11,1,,,2F01_2E12,DMM,-1,-18,
2-7-10-11,current,0.00999989,RESULT,,,,COSETTE_CPW_W,CENFIRE-INLINE_probe08,,,,,,,2026-09-01 15:07:11,force2,apply,A,2-7-10-11,2,,2.701659,2A11_4B11,SMU,-1,-19,
2-7-10-11,voltage,126.254,RESULT,,,,COSETTE_CPW_W,CENFIRE-INLINE_probe08,,,,,,,2026-09-01 15:07:11,sense2,measure,ohm,2-7-10-11,2,,,2F01_2E12,DMM,-1,-19,
1-7-11-11,current,0.00999982,RESULT,,,,COSETTE_CPW_W,CENFIRE-INLINE_probe08,,,,,,,2026-09-01 15:07:15,force1,apply,A,1-7-11-11,1,,0.03790832,2A11_4B11,SMU,-1,-27,
1-7-11-11,voltage,0.437759,RESULT,,,,COSETTE_CPW_W,CENFIRE-INLINE_probe08,,,,,,,2026-09-01 15:07:15,sense1,measure,ohm,1-7-11-11,1,,,2F01_2E12,DMM,-1,-27,
2-7-11-11,current,0.00999989,RESULT,,,,COSETTE_CPW_W,CENFIRE-INLINE_probe08,,,,,,,2026-09-01 15:07:15,force2,apply,A,2-7-11-11,2,,2.908115,2A11_4B11,SMU,-1,-28,
2-7-11-11,voltage,127.711,RESULT,,,,COSETTE_CPW_W,CENFIRE-INLINE_probe08,,,,,,,2026-09-01 15:07:15,sense2,measure,ohm,2-7-11-11,2,,,2F01_2E12,DMM,-1,-28,
1-7-12-11,current,0.00999982,RESULT,,,,COSETTE_CPW_W,CENFIRE-INLINE_probe08,,,,,,,2026-09-01 15:07:20,force1,apply,A,1-7-12-11,1,,0.03761086,2A11_4B11,SMU,-1,-36,
1-7-12-11,voltage,0.444382,RESULT,,,,COSETTE_CPW_W,CENFIRE-INLINE_probe08,,,,,,,2026-09-01 15:07:20,sense1,measure,ohm,1-7-12-11,1,,,2F01_2E12,DMM,-1,-36,
2-7-12-11,current,0.00999988,RESULT,,,,COSETTE_CPW_W,CENFIRE-INLINE_probe08,,,,,,,2026-09-01 15:07:20,force2,apply,A,2-7-12-11,2,,3.391716,2A11_4B11,SMU,-1,-37,
2-7-12-11,voltage,6.69592,RESULT,,,,COSETTE_CPW_W,CENFIRE-INLINE_probe08,,,,,,,2026-09-01 15:07:20,sense2,measure,ohm,2-7-12-11,2,,,2F01_2E12,DMM,-1,-37,
1-7-13-11,current,0.00999983,RESULT,,,,COSETTE_CPW_W,CENFIRE-INLINE_probe08,,,,,,,2026-09-01 15:07:25,force1,apply,A,1-7-13-11,1,,0.03769714,2A11_4B11,SMU,-1,-45,
1-7-13-11,voltage,0.45839,RESULT,,,,COSETTE_CPW_W,CENFIRE-INLINE_probe08,,,,,,,2026-09-01 15:07:25,sense1,measure,ohm,1-7-13-11,1,,,2F01_2E12,DMM,-1,-45,
2-7-13-11,current,0.00999973,RESULT,,,,COSETTE_CPW_W,CENFIRE-INLINE_probe08,,,,,,,2026-09-01 15:07:25,force2,apply,A,2-7-13-11,2,,5.318945,2A11_4B11,SMU,-1,-46,
2-7-13-11,voltage,129.097,RESULT,,,,COSETTE_CPW_W,CENFIRE-INLINE_probe08,,,,,,,2026-09-01 15:07:25,sense2,measure,ohm,2-7-13-11,2,,,2F01_2E12,DMM,-1,-46,
1-7-14-11,current,0.00999983,RESULT,,,,COSETTE_CPW_W,CENFIRE-INLINE_probe08,,,,,,,2026-09-01 15:07:30,force1,apply,A,1-7-14-11,1,,0.0376512,2A11_4B11,SMU,-1,-54,
1-7-14-11,voltage,0.464078,RESULT,,,,COSETTE_CPW_W,CENFIRE-INLINE_probe08,,,,,,,2026-09-01 15:07:30,sense1,measure,ohm,1-7-14-11,1,,,2F01_2E12,DMM,-1,-54,
2-7-14-11,current,0.00999988,RESULT,,,,COSETTE_CPW_W,CENFIRE-INLINE_probe08,,,,,,,2026-09-01 15:07:30,force2,apply,A,2-7-14-11,2,,2.850504,2A11_4B11,SMU,-1,-55,
2-7-14-11,voltage,133.561,RESULT,,,,COSETTE_CPW_W,CENFIRE-INLINE_probe08,,,,,,,2026-09-01 15:07:30,sense2,measure,ohm,2-7-14-11,2,,,2F01_2E12,DMM,-1,-55,
1-7-15-11,current,0.00999983,RESULT,,,,COSETTE_CPW_W,CENFIRE-INLINE_probe08,,,,,,,2026-09-01 15:07:34,force1,apply,A,1-7-15-11,1,,0.03933349,2A11_4B11,SMU,-1,-63,
1-7-15-11,voltage,0.526886,RESULT,,,,COSETTE_CPW_W,CENFIRE-INLINE_probe08,,,,,,,2026-09-01 15:07:34,sense1,measure,ohm,1-7-15-11,1,,,2F01_2E12,DMM,-1,-63,
1-7-2-12,current,0.00999982,RESULT,,,,COSETTE_CPW_W,CENFIRE-INLINE_probe08,,,,,,,2026-09-01 15:07:38,force1,apply,A,1-7-2-12,1,,0.03858121,2A11_4B11,SMU,-8,54,
1-7-2-12,voltage,0.448594,RESULT,,,,COSETTE_CPW_W,CENFIRE-INLINE_probe08,,,,,,,2026-09-01 15:07:38,sense1,measure,ohm,1-7-2-12,1,,,2F01_2E12,DMM,-8,54,
2-7-2-12,current,0.00999977,RESULT,,,,COSETTE_CPW_W,CENFIRE-INLINE_probe08,,,,,,,2026-09-01 15:07:38,force2,apply,A,2-7-2-12,2,,6.839636,2A11_4B11,SMU,-8,53,
2-7-2-12,voltage,0.367319,RESULT,,,,COSETTE_CPW_W,CENFIRE-INLINE_probe08,,,,,,,2026-09-01 15:07:38,sense2,measure,ohm,2-7-2-12,2,,,2F01_2E12,DMM,-8,53,
1-7-3-12,current,0.00999982,RESULT,,,,COSETTE_CPW_W,CENFIRE-INLINE_probe08,,,,,,,2026-09-01 15:07:42,force1,apply,A,1-7-3-12,1,,0.03823905,2A11_4B11,SMU,-8,45,
1-7-3-12,voltage,0.438918,RESULT,,,,COSETTE_CPW_W,CENFIRE-INLINE_probe08,,,,,,,2026-09-01 15:07:42,sense1,measure,ohm,1-7-3-12,1,,,2F01_2E12,DMM,-8,45,
2-7-3-12,current,0.00999989,RESULT,,,,COSETTE_CPW_W,CENFIRE-INLINE_probe08,,,,,,,2026-09-01 15:07:42,force2,apply,A,2-7-3-12,2,,2.867973,2A11_4B11,SMU,-8,44,
2-7-3-12,voltage,128.304,RESULT,,,,COSETTE_CPW_W,CENFIRE-INLINE_probe08,,,,,,,2026-09-01 15:07:42,sense2,measure,ohm,2-7-3-12,2,,,2F01_2E12,DMM,-8,44,
1-7-4-12,current,0.00999984,RESULT,,,,COSETTE_CPW_W,CENFIRE-INLINE_probe08,,,,,,,2026-09-01 15:07:47,force1,apply,A,1-7-4-12,1,,0.03759663,2A11_4B11,SMU,-8,36,
1-7-4-12,voltage,0.434648,RESULT,,,,COSETTE_CPW_W,CENFIRE-INLINE_probe08,,,,,,,2026-09-01 15:07:47,sense1,measure,ohm,1-7-4-12,1,,,2F01_2E12,DMM,-8,36,
2-7-4-12,current,0.00999988,RESULT,,,,COSETTE_CPW_W,CENFIRE-INLINE_probe08,,,,,,,2026-09-01 15:07:47,force2,apply,A,2-7-4-12,2,,3.009402,2A11_4B11,SMU,-8,35,
2-7-4-12,voltage,126.243,RESULT,,,,COSETTE_CPW_W,CENFIRE-INLINE_probe08,,,,,,,2026-09-01 15:07:47,sense2,measure,ohm,2-7-4-12,2,,,2F01_2E12,DMM,-8,35,
1-7-5-12,current,0.00999982,RESULT,,,,COSETTE_CPW_W,CENFIRE-INLINE_probe08,,,,,,,2026-09-01 15:07:52,force1,apply,A,1-7-5-12,1,,0.03773076,2A11_4B11,SMU,-8,27,
1-7-5-12,voltage,0.432134,RESULT,,,,COSETTE_CPW_W,CENFIRE-INLINE_probe08,,,,,,,2026-09-01 15:07:52,sense1,measure,ohm,1-7-5-12,1,,,2F01_2E12,DMM,-8,27,
2-7-5-12,current,0.00999989,RESULT,,,,COSETTE_CPW_W,CENFIRE-INLINE_probe08,,,,,,,2026-09-01 15:07:52,force2,apply,A,2-7-5-12,2,,2.811836,2A11_4B11,SMU,-8,26,
2-7-5-12,voltage,126.662,RESULT,,,,COSETTE_CPW_W,CENFIRE-INLINE_probe08,,,,,,,2026-09-01 15:07:52,sense2,measure,ohm,2-7-5-12,2,,,2F01_2E12,DMM,-8,26,
1-7-6-12,current,0.00999982,RESULT,,,,COSETTE_CPW_W,CENFIRE-INLINE_probe08,,,,,,,2026-09-01 15:07:56,force1,apply,A,1-7-6-12,1,,0.03839216,2A11_4B11,SMU,-8,18,
1-7-6-12,voltage,0.432323,RESULT,,,,COSETTE_CPW_W,CENFIRE-INLINE_probe08,,,,,,,2026-09-01 15:07:56,sense1,measure,ohm,1-7-6-12,1,,,2F01_2E12,DMM,-8,18,
2-7-6-12,current,0.00999988,RESULT,,,,COSETTE_CPW_W,CENFIRE-INLINE_probe08,,,,,,,2026-09-01 15:07:56,force2,apply,A,2-7-6-12,2,,2.762358,2A11_4B11,SMU,-8,17,
2-7-6-12,voltage,124.485,RESULT,,,,COSETTE_CPW_W,CENFIRE-INLINE_probe08,,,,,,,2026-09-01 15:07:56,sense2,measure,ohm,2-7-6-12,2,,,2F01_2E12,DMM,-8,17,
1-7-7-12,current,0.00999982,RESULT,,,,COSETTE_CPW_W,CENFIRE-INLINE_probe08,,,,,,,2026-09-01 15:08:01,force1,apply,A,1-7-7-12,1,,0.03895931,2A11_4B11,SMU,-8,9,
1-7-7-12,voltage,0.433444,RESULT,,,,COSETTE_CPW_W,CENFIRE-INLINE_probe08,,,,,,,2026-09-01 15:08:01,sense1,measure,ohm,1-7-7-12,1,,,2F01_2E12,DMM,-8,9,
2-7-7-12,current,0.00999988,RESULT,,,,COSETTE_CPW_W,CENFIRE-INLINE_probe08,,,,,,,2026-09-01 15:08:01,force2,apply,A,2-7-7-12,2,,2.732178,2A11_4B11,SMU,-8,8,
2-7-7-12,voltage,125.244,RESULT,,,,COSETTE_CPW_W,CENFIRE-INLINE_probe08,,,,,,,2026-09-01 15:08:01,sense2,measure,ohm,2-7-7-12,2,,,2F01_2E12,DMM,-8,8,
1-7-8-12,current,0.00999983,RESULT,,,,COSETTE_CPW_W,CENFIRE-INLINE_probe08,,,,,,,2026-09-01 15:08:06,force1,apply,A,1-7-8-12,1,,0.03900536,2A11_4B11,SMU,-8,0,
1-7-8-12,voltage,0.433363,RESULT,,,,COSETTE_CPW_W,CENFIRE-INLINE_probe08,,,,,,,2026-09-01 15:08:06,sense1,measure,ohm,1-7-8-12,1,,,2F01_2E12,DMM,-8,0,
2-7-8-12,current,0.00999989,RESULT,,,,COSETTE_CPW_W,CENFIRE-INLINE_probe08,,,,,,,2026-09-01 15:08:06,force2,apply,A,2-7-8-12,2,,2.717138,2A11_4B11,SMU,-8,-1,
2-7-8-12,voltage,125.593,RESULT,,,,COSETTE_CPW_W,CENFIRE-INLINE_probe08,,,,,,,2026-09-01 15:08:06,sense2,measure,ohm,2-7-8-12,2,,,2F01_2E12,DMM,-8,-1,
1-7-9-12,current,0.00999982,RESULT,,,,COSETTE_CPW_W,CENFIRE-INLINE_probe08,,,,,,,2026-09-01 15:08:10,force1,apply,A,1-7-9-12,1,,0.03801633,2A11_4B11,SMU,-8,-9,
1-7-9-12,voltage,0.432964,RESULT,,,,COSETTE_CPW_W,CENFIRE-INLINE_probe08,,,,,,,2026-09-01 15:08:10,sense1,measure,ohm,1-7-9-12,1,,,2F01_2E12,DMM,-8,-9,
2-7-9-12,current,0.00999988,RESULT,,,,COSETTE_CPW_W,CENFIRE-INLINE_probe08,,,,,,,2026-09-01 15:08:10,force2,apply,A,2-7-9-12,2,,2.696815,2A11_4B11,SMU,-8,-10,
2-7-9-12,voltage,125.271,RESULT,,,,COSETTE_CPW_W,CENFIRE-INLINE_probe08,,,,,,,2026-09-01 15:08:10,sense2,measure,ohm,2-7-9-12,2,,,2F01_2E12,DMM,-8,-10,
1-7-10-12,current,0.00999983,RESULT,,,,COSETTE_CPW_W,CENFIRE-INLINE_probe08,,,,,,,2026-09-01 15:08:15,force1,apply,A,1-7-10-12,1,,0.03787419,2A11_4B11,SMU,-8,-18,
1-7-10-12,voltage,0.434266,RESULT,,,,COSETTE_CPW_W,CENFIRE-INLINE_probe08,,,,,,,2026-09-01 15:08:15,sense1,measure,ohm,1-7-10-12,1,,,2F01_2E12,DMM,-8,-18,
2-7-10-12,current,0.00999988,RESULT,,,,COSETTE_CPW_W,CENFIRE-INLINE_probe08,,,,,,,2026-09-01 15:08:15,force2,apply,A,2-7-10-12,2,,2.738499,2A11_4B11,SMU,-8,-19,
2-7-10-12,voltage,124.903,RESULT,,,,COSETTE_CPW_W,CENFIRE-INLINE_probe08,,,,,,,2026-09-01 15:08:15,sense2,measure,ohm,2-7-10-12,2,,,2F01_2E12,DMM,-8,-19,
1-7-11-12,current,0.00999982,RESULT,,,,COSETTE_CPW_W,CENFIRE-INLINE_probe08,,,,,,,2026-09-01 15:08:20,force1,apply,A,1-7-11-12,1,,0.0378973,2A11_4B11,SMU,-8,-27,
1-7-11-12,voltage,0.438379,RESULT,,,,COSETTE_CPW_W,CENFIRE-INLINE_probe08,,,,,,,2026-09-01 15:08:20,sense1,measure,ohm,1-7-11-12,1,,,2F01_2E12,DMM,-8,-27,
2-7-11-12,current,0.00999987,RESULT,,,,COSETTE_CPW_W,CENFIRE-INLINE_probe08,,,,,,,2026-09-01 15:08:20,force2,apply,A,2-7-11-12,2,,2.901531,2A11_4B11,SMU,-8,-28,
2-7-11-12,voltage,126.304,RESULT,,,,COSETTE_CPW_W,CENFIRE-INLINE_probe08,,,,,,,2026-09-01 15:08:20,sense2,measure,ohm,2-7-11-12,2,,,2F01_2E12,DMM,-8,-28,
1-7-12-12,current,0.00999982,RESULT,,,,COSETTE_CPW_W,CENFIRE-INLINE_probe08,,,,,,,2026-09-01 15:08:24,force1,apply,A,1-7-12-12,1,,0.03761686,2A11_4B11,SMU,-8,-36,
1-7-12-12,voltage,0.445678,RESULT,,,,COSETTE_CPW_W,CENFIRE-INLINE_probe08,,,,,,,2026-09-01 15:08:24,sense1,measure,ohm,1-7-12-12,1,,,2F01_2E12,DMM,-8,-36,
2-7-12-12,current,0.00999987,RESULT,,,,COSETTE_CPW_W,CENFIRE-INLINE_probe08,,,,,,,2026-09-01 15:08:24,force2,apply,A,2-7-12-12,2,,3.410297,2A11_4B11,SMU,-8,-37,
2-7-12-12,voltage,2.78106,RESULT,,,,COSETTE_CPW_W,CENFIRE-INLINE_probe08,,,,,,,2026-09-01 15:08:24,sense2,measure,ohm,2-7-12-12,2,,,2F01_2E12,DMM,-8,-37,
1-7-13-12,current,0.00999983,RESULT,,,,COSETTE_CPW_W,CENFIRE-INLINE_probe08,,,,,,,2026-09-01 15:08:29,force1,apply,A,1-7-13-12,1,,0.03800394,2A11_4B11,SMU,-8,-45,
1-7-13-12,voltage,0.452939,RESULT,,,,COSETTE_CPW_W,CENFIRE-INLINE_probe08,,,,,,,2026-09-01 15:08:29,sense1,measure,ohm,1-7-13-12,1,,,2F01_2E12,DMM,-8,-45,
2-7-13-12,current,0.0100003,RESULT,,,,COSETTE_CPW_W,CENFIRE-INLINE_probe08,,,,,,,2026-09-01 15:08:29,force2,apply,A,2-7-13-12,2,,5.214832,2A11_4B11,SMU,-8,-46,
2-7-13-12,voltage,130.569,RESULT,,,,COSETTE_CPW_W,CENFIRE-INLINE_probe08,,,,,,,2026-09-01 15:08:29,sense2,measure,ohm,2-7-13-12,2,,,2F01_2E12,DMM,-8,-46,
1-7-14-12,current,0.00999983,RESULT,,,,COSETTE_CPW_W,CENFIRE-INLINE_probe08,,,,,,,2026-09-01 15:08:34,force1,apply,A,1-7-14-12,1,,0.03763482,2A11_4B11,SMU,-8,-54,
1-7-14-12,voltage,0.453471,RESULT,,,,COSETTE_CPW_W,CENFIRE-INLINE_probe08,,,,,,,2026-09-01 15:08:34,sense1,measure,ohm,1-7-14-12,1,,,2F01_2E12,DMM,-8,-54,
2-7-14-12,current,0.00999989,RESULT,,,,COSETTE_CPW_W,CENFIRE-INLINE_probe08,,,,,,,2026-09-01 15:08:34,force2,apply,A,2-7-14-12,2,,3.000013,2A11_4B11,SMU,-8,-55,
2-7-14-12,voltage,132.572,RESULT,,,,COSETTE_CPW_W,CENFIRE-INLINE_probe08,,,,,,,2026-09-01 15:08:34,sense2,measure,ohm,2-7-14-12,2,,,2F01_2E12,DMM,-8,-55,
1-7-2-13,current,0.00999981,RESULT,,,,COSETTE_CPW_W,CENFIRE-INLINE_probe08,,,,,,,2026-09-01 15:08:39,force1,apply,A,1-7-2-13,1,,0.03782261,2A11_4B11,SMU,-15,54,
1-7-2-13,voltage,0.446117,RESULT,,,,COSETTE_CPW_W,CENFIRE-INLINE_probe08,,,,,,,2026-09-01 15:08:39,sense1,measure,ohm,1-7-2-13,1,,,2F01_2E12,DMM,-15,54,
2-7-2-13,current,0.00999988,RESULT,,,,COSETTE_CPW_W,CENFIRE-INLINE_probe08,,,,,,,2026-09-01 15:08:39,force2,apply,A,2-7-2-13,2,,3.372232,2A11_4B11,SMU,-15,53,
2-7-2-13,voltage,131.823,RESULT,,,,COSETTE_CPW_W,CENFIRE-INLINE_probe08,,,,,,,2026-09-01 15:08:39,sense2,measure,ohm,2-7-2-13,2,,,2F01_2E12,DMM,-15,53,
1-7-3-13,current,0.00999983,RESULT,,,,COSETTE_CPW_W,CENFIRE-INLINE_probe08,,,,,,,2026-09-01 15:08:44,force1,apply,A,1-7-3-13,1,,0.0380611,2A11_4B11,SMU,-15,45,
1-7-3-13,voltage,0.443673,RESULT,,,,COSETTE_CPW_W,CENFIRE-INLINE_probe08,,,,,,,2026-09-01 15:08:44,sense1,measure,ohm,1-7-3-13,1,,,2F01_2E12,DMM,-15,45,
2-7-3-13,current,0.00999988,RESULT,,,,COSETTE_CPW_W,CENFIRE-INLINE_probe08,,,,,,,2026-09-01 15:08:44,force2,apply,A,2-7-3-13,2,,2.856268,2A11_4B11,SMU,-15,44,
2-7-3-13,voltage,130.837,RESULT,,,,COSETTE_CPW_W,CENFIRE-INLINE_probe08,,,,,,,2026-09-01 15:08:44,sense2,measure,ohm,2-7-3-13,2,,,2F01_2E12,DMM,-15,44,
1-7-4-13,current,0.00999982,RESULT,,,,COSETTE_CPW_W,CENFIRE-INLINE_probe08,,,,,,,2026-09-01 15:08:48,force1,apply,A,1-7-4-13,1,,0.03805813,2A11_4B11,SMU,-15,36,
1-7-4-13,voltage,0.436403,RESULT,,,,COSETTE_CPW_W,CENFIRE-INLINE_probe08,,,,,,,2026-09-01 15:08:48,sense1,measure,ohm,1-7-4-13,1,,,2F01_2E12,DMM,-15,36,
2-7-4-13,current,0.00999989,RESULT,,,,COSETTE_CPW_W,CENFIRE-INLINE_probe08,,,,,,,2026-09-01 15:08:48,force2,apply,A,2-7-4-13,2,,2.9987,2A11_4B11,SMU,-15,35,
2-7-4-13,voltage,128.858,RESULT,,,,COSETTE_CPW_W,CENFIRE-INLINE_probe08,,,,,,,2026-09-01 15:08:48,sense2,measure,ohm,2-7-4-13,2,,,2F01_2E12,DMM,-15,35,
1-7-5-13,current,0.00999983,RESULT,,,,COSETTE_CPW_W,CENFIRE-INLINE_probe08,,,,,,,2026-09-01 15:08:53,force1,apply,A,1-7-5-13,1,,0.03809903,2A11_4B11,SMU,-15,27,
1-7-5-13,voltage,0.432261,RESULT,,,,COSETTE_CPW_W,CENFIRE-INLINE_probe08,,,,,,,2026-09-01 15:08:53,sense1,measure,ohm,1-7-5-13,1,,,2F01_2E12,DMM,-15,27,
2-7-5-13,current,0.00999989,RESULT,,,,COSETTE_CPW_W,CENFIRE-INLINE_probe08,,,,,,,2026-09-01 15:08:53,force2,apply,A,2-7-5-13,2,,2.863139,2A11_4B11,SMU,-15,26,
2-7-5-13,voltage,124.164,RESULT,,,,COSETTE_CPW_W,CENFIRE-INLINE_probe08,,,,,,,2026-09-01 15:08:53,sense2,measure,ohm,2-7-5-13,2,,,2F01_2E12,DMM,-15,26,
1-7-6-13,current,0.00999983,RESULT,,,,COSETTE_CPW_W,CENFIRE-INLINE_probe08,,,,,,,2026-09-01 15:08:58,force1,apply,A,1-7-6-13,1,,0.03913637,2A11_4B11,SMU,-15,18,
1-7-6-13,voltage,0.430515,RESULT,,,,COSETTE_CPW_W,CENFIRE-INLINE_probe08,,,,,,,2026-09-01 15:08:58,sense1,measure,ohm,1-7-6-13,1,,,2F01_2E12,DMM,-15,18,
2-7-6-13,current,0.00999988,RESULT,,,,COSETTE_CPW_W,CENFIRE-INLINE_probe08,,,,,,,2026-09-01 15:08:58,force2,apply,A,2-7-6-13,2,,2.784162,2A11_4B11,SMU,-15,17,
2-7-6-13,voltage,125.586,RESULT,,,,COSETTE_CPW_W,CENFIRE-INLINE_probe08,,,,,,,2026-09-01 15:08:58,sense2,measure,ohm,2-7-6-13,2,,,2F01_2E12,DMM,-15,17,
1-7-7-13,current,0.00999982,RESULT,,,,COSETTE_CPW_W,CENFIRE-INLINE_probe08,,,,,,,2026-09-01 15:09:02,force1,apply,A,1-7-7-13,1,,0.03847273,2A11_4B11,SMU,-15,9,
1-7-7-13,voltage,0.431961,RESULT,,,,COSETTE_CPW_W,CENFIRE-INLINE_probe08,,,,,,,2026-09-01 15:09:02,sense1,measure,ohm,1-7-7-13,1,,,2F01_2E12,DMM,-15,9,
2-7-7-13,current,0.00999987,RESULT,,,,COSETTE_CPW_W,CENFIRE-INLINE_probe08,,,,,,,2026-09-01 15:09:02,force2,apply,A,2-7-7-13,2,,2.750871,2A11_4B11,SMU,-15,8,
2-7-7-13,voltage,125.908,RESULT,,,,COSETTE_CPW_W,CENFIRE-INLINE_probe08,,,,,,,2026-09-01 15:09:02,sense2,measure,ohm,2-7-7-13,2,,,2F01_2E12,DMM,-15,8,
1-7-8-13,current,0.00999982,RESULT,,,,COSETTE_CPW_W,CENFIRE-INLINE_probe08,,,,,,,2026-09-01 15:09:07,force1,apply,A,1-7-8-13,1,,0.038285,2A11_4B11,SMU,-15,0,
1-7-8-13,voltage,0.431801,RESULT,,,,COSETTE_CPW_W,CENFIRE-INLINE_probe08,,,,,,,2026-09-01 15:09:07,sense1,measure,ohm,1-7-8-13,1,,,2F01_2E12,DMM,-15,0,
2-7-8-13,current,0.00999989,RESULT,,,,COSETTE_CPW_W,CENFIRE-INLINE_probe08,,,,,,,2026-09-01 15:09:07,force2,apply,A,2-7-8-13,2,,2.731777,2A11_4B11,SMU,-15,-1,
2-7-8-13,voltage,124.249,RESULT,,,,COSETTE_CPW_W,CENFIRE-INLINE_probe08,,,,,,,2026-09-01 15:09:07,sense2,measure,ohm,2-7-8-13,2,,,2F01_2E12,DMM,-15,-1,
1-7-9-13,current,0.00999981,RESULT,,,,COSETTE_CPW_W,CENFIRE-INLINE_probe08,,,,,,,2026-09-01 15:09:12,force1,apply,A,1-7-9-13,1,,0.03808279,2A11_4B11,SMU,-15,-9,
1-7-9-13,voltage,0.432861,RESULT,,,,COSETTE_CPW_W,CENFIRE-INLINE_probe08,,,,,,,2026-09-01 15:09:12,sense1,measure,ohm,1-7-9-13,1,,,2F01_2E12,DMM,-15,-9,
2-7-9-13,current,0.00999988,RESULT,,,,COSETTE_CPW_W,CENFIRE-INLINE_probe08,,,,,,,2026-09-01 15:09:12,force2,apply,A,2-7-9-13,2,,2.752926,2A11_4B11,SMU,-15,-10,
2-7-9-13,voltage,124.077,RESULT,,,,COSETTE_CPW_W,CENFIRE-INLINE_probe08,,,,,,,2026-09-01 15:09:12,sense2,measure,ohm,2-7-9-13,2,,,2F01_2E12,DMM,-15,-10,
1-7-10-13,current,0.00999983,RESULT,,,,COSETTE_CPW_W,CENFIRE-INLINE_probe08,,,,,,,2026-09-01 15:09:16,force1,apply,A,1-7-10-13,1,,0.03792227,2A11_4B11,SMU,-15,-18,
1-7-10-13,voltage,0.43533,RESULT,,,,COSETTE_CPW_W,CENFIRE-INLINE_probe08,,,,,,,2026-09-01 15:09:16,sense1,measure,ohm,1-7-10-13,1,,,2F01_2E12,DMM,-15,-18,
2-7-10-13,current,0.00999988,RESULT,,,,COSETTE_CPW_W,CENFIRE-INLINE_probe08,,,,,,,2026-09-01 15:09:16,force2,apply,A,2-7-10-13,2,,2.807334,2A11_4B11,SMU,-15,-19,
2-7-10-13,voltage,124.209,RESULT,,,,COSETTE_CPW_W,CENFIRE-INLINE_probe08,,,,,,,2026-09-01 15:09:16,sense2,measure,ohm,2-7-10-13,2,,,2F01_2E12,DMM,-15,-19,
1-7-11-13,current,0.00999982,RESULT,,,,COSETTE_CPW_W,CENFIRE-INLINE_probe08,,,,,,,2026-09-01 15:09:21,force1,apply,A,1-7-11-13,1,,0.03798725,2A11_4B11,SMU,-15,-27,
1-7-11-13,voltage,0.439809,RESULT,,,,COSETTE_CPW_W,CENFIRE-INLINE_probe08,,,,,,,2026-09-01 15:09:21,sense1,measure,ohm,1-7-11-13,1,,,2F01_2E12,DMM,-15,-27,
2-7-11-13,current,0.00999988,RESULT,,,,COSETTE_CPW_W,CENFIRE-INLINE_probe08,,,,,,,2026-09-01 15:09:21,force2,apply,A,2-7-11-13,2,,2.962542,2A11_4B11,SMU,-15,-28,
2-7-11-13,voltage,124.61,RESULT,,,,COSETTE_CPW_W,CENFIRE-INLINE_probe08,,,,,,,2026-09-01 15:09:21,sense2,measure,ohm,2-7-11-13,2,,,2F01_2E12,DMM,-15,-28,
1-7-12-13,current,0.00999982,RESULT,,,,COSETTE_CPW_W,CENFIRE-INLINE_probe08,,,,,,,2026-09-01 15:09:26,force1,apply,A,1-7-12-13,1,,0.03791146,2A11_4B11,SMU,-15,-36,
1-7-12-13,voltage,0.446321,RESULT,,,,COSETTE_CPW_W,CENFIRE-INLINE_probe08,,,,,,,2026-09-01 15:09:26,sense1,measure,ohm,1-7-12-13,1,,,2F01_2E12,DMM,-15,-36,
2-7-12-13,current,0.00999988,RESULT,,,,COSETTE_CPW_W,CENFIRE-INLINE_probe08,,,,,,,2026-09-01 15:09:26,force2,apply,A,2-7-12-13,2,,3.102654,2A11_4B11,SMU,-15,-37,
2-7-12-13,voltage,128.67,RESULT,,,,COSETTE_CPW_W,CENFIRE-INLINE_probe08,,,,,,,2026-09-01 15:09:26,sense2,measure,ohm,2-7-12-13,2,,,2F01_2E12,DMM,-15,-37,
1-7-13-13,current,0.00999982,RESULT,,,,COSETTE_CPW_W,CENFIRE-INLINE_probe08,,,,,,,2026-09-01 15:09:31,force1,apply,A,1-7-13-13,1,,0.03803236,2A11_4B11,SMU,-15,-45,
1-7-13-13,voltage,0.452737,RESULT,,,,COSETTE_CPW_W,CENFIRE-INLINE_probe08,,,,,,,2026-09-01 15:09:31,sense1,measure,ohm,1-7-13-13,1,,,2F01_2E12,DMM,-15,-45,
2-7-13-13,current,0.00999987,RESULT,,,,COSETTE_CPW_W,CENFIRE-INLINE_probe08,,,,,,,2026-09-01 15:09:31,force2,apply,A,2-7-13-13,2,,3.513797,2A11_4B11,SMU,-15,-46,
2-7-13-13,voltage,128.856,RESULT,,,,COSETTE_CPW_W,CENFIRE-INLINE_probe08,,,,,,,2026-09-01 15:09:31,sense2,measure,ohm,2-7-13-13,2,,,2F01_2E12,DMM,-15,-46,
1-7-14-13,current,0.00999982,RESULT,,,,COSETTE_CPW_W,CENFIRE-INLINE_probe08,,,,,,,2026-09-01 15:09:35,force1,apply,A,1-7-14-13,1,,0.03750666,2A11_4B11,SMU,-15,-54,
1-7-14-13,voltage,0.455926,RESULT,,,,COSETTE_CPW_W,CENFIRE-INLINE_probe08,,,,,,,2026-09-01 15:09:35,sense1,measure,ohm,1-7-14-13,1,,,2F01_2E12,DMM,-15,-54,
2-7-14-13,current,0.00999988,RESULT,,,,COSETTE_CPW_W,CENFIRE-INLINE_probe08,,,,,,,2026-09-01 15:09:35,force2,apply,A,2-7-14-13,2,,3.024044,2A11_4B11,SMU,-15,-55,
2-7-14-13,voltage,133.846,RESULT,,,,COSETTE_CPW_W,CENFIRE-INLINE_probe08,,,,,,,2026-09-01 15:09:35,sense2,measure,ohm,2-7-14-13,2,,,2F01_2E12,DMM,-15,-55,
1-7-2-14,current,0.00999982,RESULT,,,,COSETTE_CPW_W,CENFIRE-INLINE_probe08,,,,,,,2026-09-01 15:09:40,force1,apply,A,1-7-2-14,1,,0.03809129,2A11_4B11,SMU,-22,54,
1-7-2-14,voltage,0.44804,RESULT,,,,COSETTE_CPW_W,CENFIRE-INLINE_probe08,,,,,,,2026-09-01 15:09:40,sense1,measure,ohm,1-7-2-14,1,,,2F01_2E12,DMM,-22,54,
2-7-2-14,current,0.00999986,RESULT,,,,COSETTE_CPW_W,CENFIRE-INLINE_probe08,,,,,,,2026-09-01 15:09:40,force2,apply,A,2-7-2-14,2,,3.592399,2A11_4B11,SMU,-22,53,
2-7-2-14,voltage,0.748799,RESULT,,,,COSETTE_CPW_W,CENFIRE-INLINE_probe08,,,,,,,2026-09-01 15:09:40,sense2,measure,ohm,2-7-2-14,2,,,2F01_2E12,DMM,-22,53,
1-7-3-14,current,0.00999982,RESULT,,,,COSETTE_CPW_W,CENFIRE-INLINE_probe08,,,,,,,2026-09-01 15:09:45,force1,apply,A,1-7-3-14,1,,0.03856425,2A11_4B11,SMU,-22,45,
1-7-3-14,voltage,0.442007,RESULT,,,,COSETTE_CPW_W,CENFIRE-INLINE_probe08,,,,,,,2026-09-01 15:09:45,sense1,measure,ohm,1-7-3-14,1,,,2F01_2E12,DMM,-22,45,
2-7-3-14,current,0.00999988,RESULT,,,,COSETTE_CPW_W,CENFIRE-INLINE_probe08,,,,,,,2026-09-01 15:09:45,force2,apply,A,2-7-3-14,2,,3.104776,2A11_4B11,SMU,-22,44,
2-7-3-14,voltage,129.285,RESULT,,,,COSETTE_CPW_W,CENFIRE-INLINE_probe08,,,,,,,2026-09-01 15:09:45,sense2,measure,ohm,2-7-3-14,2,,,2F01_2E12,DMM,-22,44,
1-7-4-14,current,0.00999981,RESULT,,,,COSETTE_CPW_W,CENFIRE-INLINE_probe08,,,,,,,2026-09-01 15:09:50,force1,apply,A,1-7-4-14,1,,0.03804957,2A11_4B11,SMU,-22,36,
1-7-4-14,voltage,0.438249,RESULT,,,,COSETTE_CPW_W,CENFIRE-INLINE_probe08,,,,,,,2026-09-01 15:09:50,sense1,measure,ohm,1-7-4-14,1,,,2F01_2E12,DMM,-22,36,
2-7-4-14,current,0.00999988,RESULT,,,,COSETTE_CPW_W,CENFIRE-INLINE_probe08,,,,,,,2026-09-01 15:09:50,force2,apply,A,2-7-4-14,2,,2.969335,2A11_4B11,SMU,-22,35,
2-7-4-14,voltage,128.498,RESULT,,,,COSETTE_CPW_W,CENFIRE-INLINE_probe08,,,,,,,2026-09-01 15:09:50,sense2,measure,ohm,2-7-4-14,2,,,2F01_2E12,DMM,-22,35,
1-7-5-14,current,0.00999982,RESULT,,,,COSETTE_CPW_W,CENFIRE-INLINE_probe08,,,,,,,2026-09-01 15:09:54,force1,apply,A,1-7-5-14,1,,0.03869766,2A11_4B11,SMU,-22,27,
1-7-5-14,voltage,0.434416,RESULT,,,,COSETTE_CPW_W,CENFIRE-INLINE_probe08,,,,,,,2026-09-01 15:09:54,sense1,measure,ohm,1-7-5-14,1,,,2F01_2E12,DMM,-22,27,
2-7-5-14,current,0.00999989,RESULT,,,,COSETTE_CPW_W,CENFIRE-INLINE_probe08,,,,,,,2026-09-01 15:09:54,force2,apply,A,2-7-5-14,2,,2.936882,2A11_4B11,SMU,-22,26,
2-7-5-14,voltage,125.095,RESULT,,,,COSETTE_CPW_W,CENFIRE-INLINE_probe08,,,,,,,2026-09-01 15:09:54,sense2,measure,ohm,2-7-5-14,2,,,2F01_2E12,DMM,-22,26,
1-7-6-14,current,0.00999982,RESULT,,,,COSETTE_CPW_W,CENFIRE-INLINE_probe08,,,,,,,2026-09-01 15:09:59,force1,apply,A,1-7-6-14,1,,0.03874525,2A11_4B11,SMU,-22,18,
1-7-6-14,voltage,0.433081,RESULT,,,,COSETTE_CPW_W,CENFIRE-INLINE_probe08,,,,,,,2026-09-01 15:09:59,sense1,measure,ohm,1-7-6-14,1,,,2F01_2E12,DMM,-22,18,
2-7-6-14,current,0.00999988,RESULT,,,,COSETTE_CPW_W,CENFIRE-INLINE_probe08,,,,,,,2026-09-01 15:09:59,force2,apply,A,2-7-6-14,2,,2.822447,2A11_4B11,SMU,-22,17,
2-7-6-14,voltage,125.984,RESULT,,,,COSETTE_CPW_W,CENFIRE-INLINE_probe08,,,,,,,2026-09-01 15:09:59,sense2,measure,ohm,2-7-6-14,2,,,2F01_2E12,DMM,-22,17,
1-7-7-14,current,0.00999982,RESULT,,,,COSETTE_CPW_W,CENFIRE-INLINE_probe08,,,,,,,2026-09-01 15:10:04,force1,apply,A,1-7-7-14,1,,0.03829293,2A11_4B11,SMU,-22,9,
1-7-7-14,voltage,0.431366,RESULT,,,,COSETTE_CPW_W,CENFIRE-INLINE_probe08,,,,,,,2026-09-01 15:10:04,sense1,measure,ohm,1-7-7-14,1,,,2F01_2E12,DMM,-22,9,
2-7-7-14,current,0.00999988,RESULT,,,,COSETTE_CPW_W,CENFIRE-INLINE_probe08,,,,,,,2026-09-01 15:10:04,force2,apply,A,2-7-7-14,2,,2.809852,2A11_4B11,SMU,-22,8,
2-7-7-14,voltage,125.477,RESULT,,,,COSETTE_CPW_W,CENFIRE-INLINE_probe08,,,,,,,2026-09-01 15:10:04,sense2,measure,ohm,2-7-7-14,2,,,2F01_2E12,DMM,-22,8,
1-7-8-14,current,0.00999982,RESULT,,,,COSETTE_CPW_W,CENFIRE-INLINE_probe08,,,,,,,2026-09-01 15:10:08,force1,apply,A,1-7-8-14,1,,0.03828988,2A11_4B11,SMU,-22,0,
1-7-8-14,voltage,0.432422,RESULT,,,,COSETTE_CPW_W,CENFIRE-INLINE_probe08,,,,,,,2026-09-01 15:10:08,sense1,measure,ohm,1-7-8-14,1,,,2F01_2E12,DMM,-22,0,
2-7-8-14,current,0.00999988,RESULT,,,,COSETTE_CPW_W,CENFIRE-INLINE_probe08,,,,,,,2026-09-01 15:10:08,force2,apply,A,2-7-8-14,2,,2.731581,2A11_4B11,SMU,-22,-1,
2-7-8-14,voltage,124.611,RESULT,,,,COSETTE_CPW_W,CENFIRE-INLINE_probe08,,,,,,,2026-09-01 15:10:08,sense2,measure,ohm,2-7-8-14,2,,,2F01_2E12,DMM,-22,-1,
1-7-9-14,current,0.00999983,RESULT,,,,COSETTE_CPW_W,CENFIRE-INLINE_probe08,,,,,,,2026-09-01 15:10:13,force1,apply,A,1-7-9-14,1,,0.03811755,2A11_4B11,SMU,-22,-9,
1-7-9-14,voltage,0.433707,RESULT,,,,COSETTE_CPW_W,CENFIRE-INLINE_probe08,,,,,,,2026-09-01 15:10:13,sense1,measure,ohm,1-7-9-14,1,,,2F01_2E12,DMM,-22,-9,
2-7-9-14,current,0.00999989,RESULT,,,,COSETTE_CPW_W,CENFIRE-INLINE_probe08,,,,,,,2026-09-01 15:10:13,force2,apply,A,2-7-9-14,2,,2.734943,2A11_4B11,SMU,-22,-10,
2-7-9-14,voltage,124.759,RESULT,,,,COSETTE_CPW_W,CENFIRE-INLINE_probe08,,,,,,,2026-09-01 15:10:13,sense2,measure,ohm,2-7-9-14,2,,,2F01_2E12,DMM,-22,-10,
1-7-10-14,current,0.00999982,RESULT,,,,COSETTE_CPW_W,CENFIRE-INLINE_probe08,,,,,,,2026-09-01 15:10:18,force1,apply,A,1-7-10-14,1,,0.03812877,2A11_4B11,SMU,-22,-18,
1-7-10-14,voltage,0.43619,RESULT,,,,COSETTE_CPW_W,CENFIRE-INLINE_probe08,,,,,,,2026-09-01 15:10:18,sense1,measure,ohm,1-7-10-14,1,,,2F01_2E12,DMM,-22,-18,
2-7-10-14,current,0.00999988,RESULT,,,,COSETTE_CPW_W,CENFIRE-INLINE_probe08,,,,,,,2026-09-01 15:10:18,force2,apply,A,2-7-10-14,2,,2.824073,2A11_4B11,SMU,-22,-19,
2-7-10-14,voltage,123.351,RESULT,,,,COSETTE_CPW_W,CENFIRE-INLINE_probe08,,,,,,,2026-09-01 15:10:18,sense2,measure,ohm,2-7-10-14,2,,,2F01_2E12,DMM,-22,-19,
1-7-11-14,current,0.00999983,RESULT,,,,COSETTE_CPW_W,CENFIRE-INLINE_probe08,,,,,,,2026-09-01 15:10:22,force1,apply,A,1-7-11-14,1,,0.03837174,2A11_4B11,SMU,-22,-27,
1-7-11-14,voltage,0.445363,RESULT,,,,COSETTE_CPW_W,CENFIRE-INLINE_probe08,,,,,,,2026-09-01 15:10:22,sense1,measure,ohm,1-7-11-14,1,,,2F01_2E12,DMM,-22,-27,
2-7-11-14,current,0.00999988,RESULT,,,,COSETTE_CPW_W,CENFIRE-INLINE_probe08,,,,,,,2026-09-01 15:10:22,force2,apply,A,2-7-11-14,2,,3.099191,2A11_4B11,SMU,-22,-28,
2-7-11-14,voltage,126.086,RESULT,,,,COSETTE_CPW_W,CENFIRE-INLINE_probe08,,,,,,,2026-09-01 15:10:22,sense2,measure,ohm,2-7-11-14,2,,,2F01_2E12,DMM,-22,-28,
1-7-12-14,current,0.00999984,RESULT,,,,COSETTE_CPW_W,CENFIRE-INLINE_probe08,,,,,,,2026-09-01 15:10:27,force1,apply,A,1-7-12-14,1,,0.03858046,2A11_4B11,SMU,-22,-36,
1-7-12-14,voltage,0.450037,RESULT,,,,COSETTE_CPW_W,CENFIRE-INLINE_probe08,,,,,,,2026-09-01 15:10:27,sense1,measure,ohm,1-7-12-14,1,,,2F01_2E12,DMM,-22,-36,
2-7-12-14,current,0.00999987,RESULT,,,,COSETTE_CPW_W,CENFIRE-INLINE_probe08,,,,,,,2026-09-01 15:10:27,force2,apply,A,2-7-12-14,2,,3.530533,2A11_4B11,SMU,-22,-37,
2-7-12-14,voltage,4.94454,RESULT,,,,COSETTE_CPW_W,CENFIRE-INLINE_probe08,,,,,,,2026-09-01 15:10:27,sense2,measure,ohm,2-7-12-14,2,,,2F01_2E12,DMM,-22,-37,
1-7-13-14,current,0.00999984,RESULT,,,,COSETTE_CPW_W,CENFIRE-INLINE_probe08,,,,,,,2026-09-01 15:10:32,force1,apply,A,1-7-13-14,1,,0.03863593,2A11_4B11,SMU,-22,-45,
1-7-13-14,voltage,0.455134,RESULT,,,,COSETTE_CPW_W,CENFIRE-INLINE_probe08,,,,,,,2026-09-01 15:10:32,sense1,measure,ohm,1-7-13-14,1,,,2F01_2E12,DMM,-22,-45,
2-7-13-14,current,0.00999989,RESULT,,,,COSETTE_CPW_W,CENFIRE-INLINE_probe08,,,,,,,2026-09-01 15:10:32,force2,apply,A,2-7-13-14,2,,3.29873,2A11_4B11,SMU,-22,-46,
2-7-13-14,voltage,129.124,RESULT,,,,COSETTE_CPW_W,CENFIRE-INLINE_probe08,,,,,,,2026-09-01 15:10:32,sense2,measure,ohm,2-7-13-14,2,,,2F01_2E12,DMM,-22,-46,
1-7-14-14,current,0.00999983,RESULT,,,,COSETTE_CPW_W,CENFIRE-INLINE_probe08,,,,,,,2026-09-01 15:10:36,force1,apply,A,1-7-14-14,1,,0.03813209,2A11_4B11,SMU,-22,-54,
1-7-14-14,voltage,0.457316,RESULT,,,,COSETTE_CPW_W,CENFIRE-INLINE_probe08,,,,,,,2026-09-01 15:10:36,sense1,measure,ohm,1-7-14-14,1,,,2F01_2E12,DMM,-22,-54,
2-7-14-14,current,0.00999982,RESULT,,,,COSETTE_CPW_W,CENFIRE-INLINE_probe08,,,,,,,2026-09-01 15:10:36,force2,apply,A,2-7-14-14,2,,1.223112,2A11_4B11,SMU,-22,-55,
2-7-14-14,voltage,3.36152,RESULT,,,,COSETTE_CPW_W,CENFIRE-INLINE_probe08,,,,,,,2026-09-01 15:10:36,sense2,measure,ohm,2-7-14-14,2,,,2F01_2E12,DMM,-22,-55,
1-7-3-15,current,0.00999982,RESULT,,,,COSETTE_CPW_W,CENFIRE-INLINE_probe08,,,,,,,2026-09-01 15:10:41,force1,apply,A,1-7-3-15,1,,0.03911454,2A11_4B11,SMU,-29,45,
1-7-3-15,voltage,0.443475,RESULT,,,,COSETTE_CPW_W,CENFIRE-INLINE_probe08,,,,,,,2026-09-01 15:10:41,sense1,measure,ohm,1-7-3-15,1,,,2F01_2E12,DMM,-29,45,
2-7-3-15,current,0.00999989,RESULT,,,,COSETTE_CPW_W,CENFIRE-INLINE_probe08,,,,,,,2026-09-01 15:10:41,force2,apply,A,2-7-3-15,2,,3.421619,2A11_4B11,SMU,-29,44,
2-7-3-15,voltage,129.167,RESULT,,,,COSETTE_CPW_W,CENFIRE-INLINE_probe08,,,,,,,2026-09-01 15:10:41,sense2,measure,ohm,2-7-3-15,2,,,2F01_2E12,DMM,-29,44,
1-7-4-15,current,0.00999982,RESULT,,,,COSETTE_CPW_W,CENFIRE-INLINE_probe08,,,,,,,2026-09-01 15:10:46,force1,apply,A,1-7-4-15,1,,0.03834318,2A11_4B11,SMU,-29,36,
1-7-4-15,voltage,0.439538,RESULT,,,,COSETTE_CPW_W,CENFIRE-INLINE_probe08,,,,,,,2026-09-01 15:10:46,sense1,measure,ohm,1-7-4-15,1,,,2F01_2E12,DMM,-29,36,
2-7-4-15,current,0.00999987,RESULT,,,,COSETTE_CPW_W,CENFIRE-INLINE_probe08,,,,,,,2026-09-01 15:10:46,force2,apply,A,2-7-4-15,2,,2.923065,2A11_4B11,SMU,-29,35,
2-7-4-15,voltage,127.767,RESULT,,,,COSETTE_CPW_W,CENFIRE-INLINE_probe08,,,,,,,2026-09-01 15:10:46,sense2,measure,ohm,2-7-4-15,2,,,2F01_2E12,DMM,-29,35,
1-7-5-15,current,0.00999983,RESULT,,,,COSETTE_CPW_W,CENFIRE-INLINE_probe08,,,,,,,2026-09-01 15:10:51,force1,apply,A,1-7-5-15,1,,0.03851639,2A11_4B11,SMU,-29,27,
1-7-5-15,voltage,0.441286,RESULT,,,,COSETTE_CPW_W,CENFIRE-INLINE_probe08,,,,,,,2026-09-01 15:10:51,sense1,measure,ohm,1-7-5-15,1,,,2F01_2E12,DMM,-29,27,
2-7-5-15,current,0.00999988,RESULT,,,,COSETTE_CPW_W,CENFIRE-INLINE_probe08,,,,,,,2026-09-01 15:10:51,force2,apply,A,2-7-5-15,2,,3.031934,2A11_4B11,SMU,-29,26,
2-7-5-15,voltage,127.993,RESULT,,,,COSETTE_CPW_W,CENFIRE-INLINE_probe08,,,,,,,2026-09-01 15:10:51,sense2,measure,ohm,2-7-5-15,2,,,2F01_2E12,DMM,-29,26,
1-7-6-15,current,0.00999982,RESULT,,,,COSETTE_CPW_W,CENFIRE-INLINE_probe08,,,,,,,2026-09-01 15:10:55,force1,apply,A,1-7-6-15,1,,0.03885446,2A11_4B11,SMU,-29,18,
1-7-6-15,voltage,0.434107,RESULT,,,,COSETTE_CPW_W,CENFIRE-INLINE_probe08,,,,,,,2026-09-01 15:10:55,sense1,measure,ohm,1-7-6-15,1,,,2F01_2E12,DMM,-29,18,
2-7-6-15,current,0.00999988,RESULT,,,,COSETTE_CPW_W,CENFIRE-INLINE_probe08,,,,,,,2026-09-01 15:10:55,force2,apply,A,2-7-6-15,2,,2.906609,2A11_4B11,SMU,-29,17,
2-7-6-15,voltage,126.429,RESULT,,,,COSETTE_CPW_W,CENFIRE-INLINE_probe08,,,,,,,2026-09-01 15:10:55,sense2,measure,ohm,2-7-6-15,2,,,2F01_2E12,DMM,-29,17,
1-7-7-15,current,0.00999981,RESULT,,,,COSETTE_CPW_W,CENFIRE-INLINE_probe08,,,,,,,2026-09-01 15:11:02,force1,apply,A,1-7-7-15,1,,0.03865841,2A11_4B11,SMU,-29,9,
1-7-7-15,voltage,0.432913,RESULT,,,,COSETTE_CPW_W,CENFIRE-INLINE_probe08,,,,,,,2026-09-01 15:11:02,sense1,measure,ohm,1-7-7-15,1,,,2F01_2E12,DMM,-29,9,
2-7-7-15,current,0.00999989,RESULT,,,,COSETTE_CPW_W,CENFIRE-INLINE_probe08,,,,,,,2026-09-01 15:11:02,force2,apply,A,2-7-7-15,2,,2.892499,2A11_4B11,SMU,-29,8,
2-7-7-15,voltage,123.785,RESULT,,,,COSETTE_CPW_W,CENFIRE-INLINE_probe08,,,,,,,2026-09-01 15:11:02,sense2,measure,ohm,2-7-7-15,2,,,2F01_2E12,DMM,-29,8,
1-7-8-15,current,0.00999984,RESULT,,,,COSETTE_CPW_W,CENFIRE-INLINE_probe08,,,,,,,2026-09-01 15:11:07,force1,apply,A,1-7-8-15,1,,0.03839025,2A11_4B11,SMU,-29,0,
1-7-8-15,voltage,0.434847,RESULT,,,,COSETTE_CPW_W,CENFIRE-INLINE_probe08,,,,,,,2026-09-01 15:11:07,sense1,measure,ohm,1-7-8-15,1,,,2F01_2E12,DMM,-29,0,
2-7-8-15,current,0.00999989,RESULT,,,,COSETTE_CPW_W,CENFIRE-INLINE_probe08,,,,,,,2026-09-01 15:11:07,force2,apply,A,2-7-8-15,2,,2.808955,2A11_4B11,SMU,-29,-1,
2-7-8-15,voltage,125.73,RESULT,,,,COSETTE_CPW_W,CENFIRE-INLINE_probe08,,,,,,,2026-09-01 15:11:07,sense2,measure,ohm,2-7-8-15,2,,,2F01_2E12,DMM,-29,-1,
1-7-9-15,current,0.00999982,RESULT,,,,COSETTE_CPW_W,CENFIRE-INLINE_probe08,,,,,,,2026-09-01 15:11:12,force1,apply,A,1-7-9-15,1,,0.03838988,2A11_4B11,SMU,-29,-9,
1-7-9-15,voltage,0.433764,RESULT,,,,COSETTE_CPW_W,CENFIRE-INLINE_probe08,,,,,,,2026-09-01 15:11:12,sense1,measure,ohm,1-7-9-15,1,,,2F01_2E12,DMM,-29,-9,
2-7-9-15,current,0.00999988,RESULT,,,,COSETTE_CPW_W,CENFIRE-INLINE_probe08,,,,,,,2026-09-01 15:11:12,force2,apply,A,2-7-9-15,2,,2.875825,2A11_4B11,SMU,-29,-10,
2-7-9-15,voltage,125.956,RESULT,,,,COSETTE_CPW_W,CENFIRE-INLINE_probe08,,,,,,,2026-09-01 15:11:12,sense2,measure,ohm,2-7-9-15,2,,,2F01_2E12,DMM,-29,-10,
1-7-10-15,current,0.00999982,RESULT,,,,COSETTE_CPW_W,CENFIRE-INLINE_probe08,,,,,,,2026-09-01 15:11:16,force1,apply,A,1-7-10-15,1,,0.03852374,2A11_4B11,SMU,-29,-18,
1-7-10-15,voltage,0.442962,RESULT,,,,COSETTE_CPW_W,CENFIRE-INLINE_probe08,,,,,,,2026-09-01 15:11:16,sense1,measure,ohm,1-7-10-15,1,,,2F01_2E12,DMM,-29,-18,
2-7-10-15,current,0.00999988,RESULT,,,,COSETTE_CPW_W,CENFIRE-INLINE_probe08,,,,,,,2026-09-01 15:11:16,force2,apply,A,2-7-10-15,2,,2.941372,2A11_4B11,SMU,-29,-19,
2-7-10-15,voltage,124.536,RESULT,,,,COSETTE_CPW_W,CENFIRE-INLINE_probe08,,,,,,,2026-09-01 15:11:16,sense2,measure,ohm,2-7-10-15,2,,,2F01_2E12,DMM,-29,-19,
1-7-11-15,current,0.00999981,RESULT,,,,COSETTE_CPW_W,CENFIRE-INLINE_probe08,,,,,,,2026-09-01 15:11:21,force1,apply,A,1-7-11-15,1,,0.03828793,2A11_4B11,SMU,-29,-27,
1-7-11-15,voltage,0.441919,RESULT,,,,COSETTE_CPW_W,CENFIRE-INLINE_probe08,,,,,,,2026-09-01 15:11:21,sense1,measure,ohm,1-7-11-15,1,,,2F01_2E12,DMM,-29,-27,
2-7-11-15,current,0.00999988,RESULT,,,,COSETTE_CPW_W,CENFIRE-INLINE_probe08,,,,,,,2026-09-01 15:11:21,force2,apply,A,2-7-11-15,2,,3.24134,2A11_4B11,SMU,-29,-28,
2-7-11-15,voltage,125.396,RESULT,,,,COSETTE_CPW_W,CENFIRE-INLINE_probe08,,,,,,,2026-09-01 15:11:21,sense2,measure,ohm,2-7-11-15,2,,,2F01_2E12,DMM,-29,-28,
1-7-12-15,current,0.00999982,RESULT,,,,COSETTE_CPW_W,CENFIRE-INLINE_probe08,,,,,,,2026-09-01 15:11:26,force1,apply,A,1-7-12-15,1,,0.03875989,2A11_4B11,SMU,-29,-36,
1-7-12-15,voltage,0.446299,RESULT,,,,COSETTE_CPW_W,CENFIRE-INLINE_probe08,,,,,,,2026-09-01 15:11:26,sense1,measure,ohm,1-7-12-15,1,,,2F01_2E12,DMM,-29,-36,
2-7-12-15,current,0.00999983,RESULT,,,,COSETTE_CPW_W,CENFIRE-INLINE_probe08,,,,,,,2026-09-01 15:11:26,force2,apply,A,2-7-12-15,2,,3.616453,2A11_4B11,SMU,-29,-37,
2-7-12-15,voltage,2.81948,RESULT,,,,COSETTE_CPW_W,CENFIRE-INLINE_probe08,,,,,,,2026-09-01 15:11:26,sense2,measure,ohm,2-7-12-15,2,,,2F01_2E12,DMM,-29,-37,
1-7-13-15,current,0.0099998,RESULT,,,,COSETTE_CPW_W,CENFIRE-INLINE_probe08,,,,,,,2026-09-01 15:11:30,force1,apply,A,1-7-13-15,1,,0.03840264,2A11_4B11,SMU,-29,-45,
1-7-13-15,voltage,0.452472,RESULT,,,,COSETTE_CPW_W,CENFIRE-INLINE_probe08,,,,,,,2026-09-01 15:11:30,sense1,measure,ohm,1-7-13-15,1,,,2F01_2E12,DMM,-29,-45,
2-7-13-15,current,0.00999988,RESULT,,,,COSETTE_CPW_W,CENFIRE-INLINE_probe08,,,,,,,2026-09-01 15:11:30,force2,apply,A,2-7-13-15,2,,2.796572,2A11_4B11,SMU,-29,-46,
2-7-13-15,voltage,132.523,RESULT,,,,COSETTE_CPW_W,CENFIRE-INLINE_probe08,,,,,,,2026-09-01 15:11:30,sense2,measure,ohm,2-7-13-15,2,,,2F01_2E12,DMM,-29,-46,
1-7-3-16,current,0.00999982,RESULT,,,,COSETTE_CPW_W,CENFIRE-INLINE_probe08,,,,,,,2026-09-01 15:11:35,force1,apply,A,1-7-3-16,1,,0.03980369,2A11_4B11,SMU,-36,45,
1-7-3-16,voltage,0.450513,RESULT,,,,COSETTE_CPW_W,CENFIRE-INLINE_probe08,,,,,,,2026-09-01 15:11:35,sense1,measure,ohm,1-7-3-16,1,,,2F01_2E12,DMM,-36,45,
2-7-3-16,current,0.00999986,RESULT,,,,COSETTE_CPW_W,CENFIRE-INLINE_probe08,,,,,,,2026-09-01 15:11:35,force2,apply,A,2-7-3-16,2,,3.611278,2A11_4B11,SMU,-36,44,
2-7-3-16,voltage,1.37041,RESULT,,,,COSETTE_CPW_W,CENFIRE-INLINE_probe08,,,,,,,2026-09-01 15:11:35,sense2,measure,ohm,2-7-3-16,2,,,2F01_2E12,DMM,-36,44,
1-7-4-16,current,0.00999981,RESULT,,,,COSETTE_CPW_W,CENFIRE-INLINE_probe08,,,,,,,2026-09-01 15:11:40,force1,apply,A,1-7-4-16,1,,0.03875463,2A11_4B11,SMU,-36,36,
1-7-4-16,voltage,0.442237,RESULT,,,,COSETTE_CPW_W,CENFIRE-INLINE_probe08,,,,,,,2026-09-01 15:11:40,sense1,measure,ohm,1-7-4-16,1,,,2F01_2E12,DMM,-36,36,
2-7-4-16,current,0.00999988,RESULT,,,,COSETTE_CPW_W,CENFIRE-INLINE_probe08,,,,,,,2026-09-01 15:11:40,force2,apply,A,2-7-4-16,2,,3.336846,2A11_4B11,SMU,-36,35,
2-7-4-16,voltage,127.703,RESULT,,,,COSETTE_CPW_W,CENFIRE-INLINE_probe08,,,,,,,2026-09-01 15:11:40,sense2,measure,ohm,2-7-4-16,2,,,2F01_2E12,DMM,-36,35,
1-7-5-16,current,0.00999983,RESULT,,,,COSETTE_CPW_W,CENFIRE-INLINE_probe08,,,,,,,2026-09-01 15:11:45,force1,apply,A,1-7-5-16,1,,0.03877141,2A11_4B11,SMU,-36,27,
1-7-5-16,voltage,0.437871,RESULT,,,,COSETTE_CPW_W,CENFIRE-INLINE_probe08,,,,,,,2026-09-01 15:11:45,sense1,measure,ohm,1-7-5-16,1,,,2F01_2E12,DMM,-36,27,
2-7-5-16,current,0.00999988,RESULT,,,,COSETTE_CPW_W,CENFIRE-INLINE_probe08,,,,,,,2026-09-01 15:11:45,force2,apply,A,2-7-5-16,2,,2.992994,2A11_4B11,SMU,-36,26,
2-7-5-16,voltage,126.465,RESULT,,,,COSETTE_CPW_W,CENFIRE-INLINE_probe08,,,,,,,2026-09-01 15:11:45,sense2,measure,ohm,2-7-5-16,2,,,2F01_2E12,DMM,-36,26,
1-7-6-16,current,0.00999983,RESULT,,,,COSETTE_CPW_W,CENFIRE-INLINE_probe08,,,,,,,2026-09-01 15:11:49,force1,apply,A,1-7-6-16,1,,0.03846824,2A11_4B11,SMU,-36,18,
1-7-6-16,voltage,0.43637,RESULT,,,,COSETTE_CPW_W,CENFIRE-INLINE_probe08,,,,,,,2026-09-01 15:11:49,sense1,measure,ohm,1-7-6-16,1,,,2F01_2E12,DMM,-36,18,
2-7-6-16,current,0.00999988,RESULT,,,,COSETTE_CPW_W,CENFIRE-INLINE_probe08,,,,,,,2026-09-01 15:11:49,force2,apply,A,2-7-6-16,2,,2.971912,2A11_4B11,SMU,-36,17,
2-7-6-16,voltage,126.509,RESULT,,,,COSETTE_CPW_W,CENFIRE-INLINE_probe08,,,,,,,2026-09-01 15:11:49,sense2,measure,ohm,2-7-6-16,2,,,2F01_2E12,DMM,-36,17,
1-7-7-16,current,0.00999982,RESULT,,,,COSETTE_CPW_W,CENFIRE-INLINE_probe08,,,,,,,2026-09-01 15:11:54,force1,apply,A,1-7-7-16,1,,0.03829733,2A11_4B11,SMU,-36,9,
1-7-7-16,voltage,0.436238,RESULT,,,,COSETTE_CPW_W,CENFIRE-INLINE_probe08,,,,,,,2026-09-01 15:11:54,sense1,measure,ohm,1-7-7-16,1,,,2F01_2E12,DMM,-36,9,
2-7-7-16,current,0.00999988,RESULT,,,,COSETTE_CPW_W,CENFIRE-INLINE_probe08,,,,,,,2026-09-01 15:11:54,force2,apply,A,2-7-7-16,2,,2.950486,2A11_4B11,SMU,-36,8,
2-7-7-16,voltage,124.213,RESULT,,,,COSETTE_CPW_W,CENFIRE-INLINE_probe08,,,,,,,2026-09-01 15:11:54,sense2,measure,ohm,2-7-7-16,2,,,2F01_2E12,DMM,-36,8,
1-7-8-16,current,0.00999982,RESULT,,,,COSETTE_CPW_W,CENFIRE-INLINE_probe08,,,,,,,2026-09-01 15:11:59,force1,apply,A,1-7-8-16,1,,0.03845404,2A11_4B11,SMU,-36,0,
1-7-8-16,voltage,0.434047,RESULT,,,,COSETTE_CPW_W,CENFIRE-INLINE_probe08,,,,,,,2026-09-01 15:11:59,sense1,measure,ohm,1-7-8-16,1,,,2F01_2E12,DMM,-36,0,
2-7-8-16,current,0.00999989,RESULT,,,,COSETTE_CPW_W,CENFIRE-INLINE_probe08,,,,,,,2026-09-01 15:11:59,force2,apply,A,2-7-8-16,2,,2.956544,2A11_4B11,SMU,-36,-1,
2-7-8-16,voltage,126.535,RESULT,,,,COSETTE_CPW_W,CENFIRE-INLINE_probe08,,,,,,,2026-09-01 15:11:59,sense2,measure,ohm,2-7-8-16,2,,,2F01_2E12,DMM,-36,-1,
1-7-9-16,current,0.00999982,RESULT,,,,COSETTE_CPW_W,CENFIRE-INLINE_probe08,,,,,,,2026-09-01 15:12:04,force1,apply,A,1-7-9-16,1,,0.03832069,2A11_4B11,SMU,-36,-9,
1-7-9-16,voltage,0.434891,RESULT,,,,COSETTE_CPW_W,CENFIRE-INLINE_probe08,,,,,,,2026-09-01 15:12:04,sense1,measure,ohm,1-7-9-16,1,,,2F01_2E12,DMM,-36,-9,
2-7-9-16,current,0.00999988,RESULT,,,,COSETTE_CPW_W,CENFIRE-INLINE_probe08,,,,,,,2026-09-01 15:12:04,force2,apply,A,2-7-9-16,2,,2.967486,2A11_4B11,SMU,-36,-10,
2-7-9-16,voltage,126.452,RESULT,,,,COSETTE_CPW_W,CENFIRE-INLINE_probe08,,,,,,,2026-09-01 15:12:04,sense2,measure,ohm,2-7-9-16,2,,,2F01_2E12,DMM,-36,-10,
1-7-10-16,current,0.00999981,RESULT,,,,COSETTE_CPW_W,CENFIRE-INLINE_probe08,,,,,,,2026-09-01 15:12:08,force1,apply,A,1-7-10-16,1,,0.03891906,2A11_4B11,SMU,-36,-18,
1-7-10-16,voltage,0.4395,RESULT,,,,COSETTE_CPW_W,CENFIRE-INLINE_probe08,,,,,,,2026-09-01 15:12:08,sense1,measure,ohm,1-7-10-16,1,,,2F01_2E12,DMM,-36,-18,
2-7-10-16,current,0.00999987,RESULT,,,,COSETTE_CPW_W,CENFIRE-INLINE_probe08,,,,,,,2026-09-01 15:12:08,force2,apply,A,2-7-10-16,2,,2.953238,2A11_4B11,SMU,-36,-19,
2-7-10-16,voltage,127.107,RESULT,,,,COSETTE_CPW_W,CENFIRE-INLINE_probe08,,,,,,,2026-09-01 15:12:08,sense2,measure,ohm,2-7-10-16,2,,,2F01_2E12,DMM,-36,-19,
1-7-11-16,current,0.00999982,RESULT,,,,COSETTE_CPW_W,CENFIRE-INLINE_probe08,,,,,,,2026-09-01 15:12:13,force1,apply,A,1-7-11-16,1,,0.03829264,2A11_4B11,SMU,-36,-27,
1-7-11-16,voltage,0.443376,RESULT,,,,COSETTE_CPW_W,CENFIRE-INLINE_probe08,,,,,,,2026-09-01 15:12:13,sense1,measure,ohm,1-7-11-16,1,,,2F01_2E12,DMM,-36,-27,
2-7-11-16,current,0.00999982,RESULT,,,,COSETTE_CPW_W,CENFIRE-INLINE_probe08,,,,,,,2026-09-01 15:12:13,force2,apply,A,2-7-11-16,2,,3.84704,2A11_4B11,SMU,-36,-28,
2-7-11-16,voltage,129.338,RESULT,,,,COSETTE_CPW_W,CENFIRE-INLINE_probe08,,,,,,,2026-09-01 15:12:13,sense2,measure,ohm,2-7-11-16,2,,,2F01_2E12,DMM,-36,-28,
1-7-12-16,current,0.00999983,RESULT,,,,COSETTE_CPW_W,CENFIRE-INLINE_probe08,,,,,,,2026-09-01 15:12:18,force1,apply,A,1-7-12-16,1,,0.03864167,2A11_4B11,SMU,-36,-36,
1-7-12-16,voltage,0.449975,RESULT,,,,COSETTE_CPW_W,CENFIRE-INLINE_probe08,,,,,,,2026-09-01 15:12:18,sense1,measure,ohm,1-7-12-16,1,,,2F01_2E12,DMM,-36,-36,
2-7-12-16,current,0.00999988,RESULT,,,,COSETTE_CPW_W,CENFIRE-INLINE_probe08,,,,,,,2026-09-01 15:12:18,force2,apply,A,2-7-12-16,2,,3.372802,2A11_4B11,SMU,-36,-37,
2-7-12-16,voltage,127.776,RESULT,,,,COSETTE_CPW_W,CENFIRE-INLINE_probe08,,,,,,,2026-09-01 15:12:18,sense2,measure,ohm,2-7-12-16,2,,,2F01_2E12,DMM,-36,-37,
1-7-13-16,current,0.00999981,RESULT,,,,COSETTE_CPW_W,CENFIRE-INLINE_probe08,,,,,,,2026-09-01 15:12:22,force1,apply,A,1-7-13-16,1,,0.03893009,2A11_4B11,SMU,-36,-45,
1-7-13-16,voltage,0.45749,RESULT,,,,COSETTE_CPW_W,CENFIRE-INLINE_probe08,,,,,,,2026-09-01 15:12:22,sense1,measure,ohm,1-7-13-16,1,,,2F01_2E12,DMM,-36,-45,
2-7-13-16,current,0.00999987,RESULT,,,,COSETTE_CPW_W,CENFIRE-INLINE_probe08,,,,,,,2026-09-01 15:12:22,force2,apply,A,2-7-13-16,2,,2.847191,2A11_4B11,SMU,-36,-46,
2-7-13-16,voltage,131.301,RESULT,,,,COSETTE_CPW_W,CENFIRE-INLINE_probe08,,,,,,,2026-09-01 15:12:22,sense2,measure,ohm,2-7-13-16,2,,,2F01_2E12,DMM,-36,-46,
1-7-4-17,current,0.00999982,RESULT,,,,COSETTE_CPW_W,CENFIRE-INLINE_probe08,,,,,,,2026-09-01 15:12:27,force1,apply,A,1-7-4-17,1,,0.03853755,2A11_4B11,SMU,-43,36,
1-7-4-17,voltage,0.446162,RESULT,,,,COSETTE_CPW_W,CENFIRE-INLINE_probe08,,,,,,,2026-09-01 15:12:27,sense1,measure,ohm,1-7-4-17,1,,,2F01_2E12,DMM,-43,36,
2-7-4-17,current,0.00999988,RESULT,,,,COSETTE_CPW_W,CENFIRE-INLINE_probe08,,,,,,,2026-09-01 15:12:27,force2,apply,A,2-7-4-17,2,,3.55623,2A11_4B11,SMU,-43,35,
2-7-4-17,voltage,122.39,RESULT,,,,COSETTE_CPW_W,CENFIRE-INLINE_probe08,,,,,,,2026-09-01 15:12:27,sense2,measure,ohm,2-7-4-17,2,,,2F01_2E12,DMM,-43,35,
1-7-5-17,current,0.00999981,RESULT,,,,COSETTE_CPW_W,CENFIRE-INLINE_probe08,,,,,,,2026-09-01 15:12:32,force1,apply,A,1-7-5-17,1,,0.03822227,2A11_4B11,SMU,-43,27,
1-7-5-17,voltage,0.442994,RESULT,,,,COSETTE_CPW_W,CENFIRE-INLINE_probe08,,,,,,,2026-09-01 15:12:32,sense1,measure,ohm,1-7-5-17,1,,,2F01_2E12,DMM,-43,27,
2-7-5-17,current,0.00999987,RESULT,,,,COSETTE_CPW_W,CENFIRE-INLINE_probe08,,,,,,,2026-09-01 15:12:32,force2,apply,A,2-7-5-17,2,,3.388744,2A11_4B11,SMU,-43,26,
2-7-5-17,voltage,129.58,RESULT,,,,COSETTE_CPW_W,CENFIRE-INLINE_probe08,,,,,,,2026-09-01 15:12:32,sense2,measure,ohm,2-7-5-17,2,,,2F01_2E12,DMM,-43,26,
1-7-6-17,current,0.00999983,RESULT,,,,COSETTE_CPW_W,CENFIRE-INLINE_probe08,,,,,,,2026-09-01 15:12:37,force1,apply,A,1-7-6-17,1,,0.0383919,2A11_4B11,SMU,-43,18,
1-7-6-17,voltage,0.441685,RESULT,,,,COSETTE_CPW_W,CENFIRE-INLINE_probe08,,,,,,,2026-09-01 15:12:37,sense1,measure,ohm,1-7-6-17,1,,,2F01_2E12,DMM,-43,18,
2-7-6-17,current,0.00999988,RESULT,,,,COSETTE_CPW_W,CENFIRE-INLINE_probe08,,,,,,,2026-09-01 15:12:37,force2,apply,A,2-7-6-17,2,,3.118272,2A11_4B11,SMU,-43,17,
2-7-6-17,voltage,127.816,RESULT,,,,COSETTE_CPW_W,CENFIRE-INLINE_probe08,,,,,,,2026-09-01 15:12:37,sense2,measure,ohm,2-7-6-17,2,,,2F01_2E12,DMM,-43,17,
1-7-7-17,current,0.00999983,RESULT,,,,COSETTE_CPW_W,CENFIRE-INLINE_probe08,,,,,,,2026-09-01 15:12:41,force1,apply,A,1-7-7-17,1,,0.03833841,2A11_4B11,SMU,-43,9,
1-7-7-17,voltage,0.439215,RESULT,,,,COSETTE_CPW_W,CENFIRE-INLINE_probe08,,,,,,,2026-09-01 15:12:41,sense1,measure,ohm,1-7-7-17,1,,,2F01_2E12,DMM,-43,9,
2-7-7-17,current,0.00999988,RESULT,,,,COSETTE_CPW_W,CENFIRE-INLINE_probe08,,,,,,,2026-09-01 15:12:41,force2,apply,A,2-7-7-17,2,,2.992157,2A11_4B11,SMU,-43,8,
2-7-7-17,voltage,124.971,RESULT,,,,COSETTE_CPW_W,CENFIRE-INLINE_probe08,,,,,,,2026-09-01 15:12:41,sense2,measure,ohm,2-7-7-17,2,,,2F01_2E12,DMM,-43,8,
1-7-8-17,current,0.00999981,RESULT,,,,COSETTE_CPW_W,CENFIRE-INLINE_probe08,,,,,,,2026-09-01 15:12:46,force1,apply,A,1-7-8-17,1,,0.03849712,2A11_4B11,SMU,-43,0,
1-7-8-17,voltage,0.438324,RESULT,,,,COSETTE_CPW_W,CENFIRE-INLINE_probe08,,,,,,,2026-09-01 15:12:46,sense1,measure,ohm,1-7-8-17,1,,,2F01_2E12,DMM,-43,0,
2-7-8-17,current,0.00999988,RESULT,,,,COSETTE_CPW_W,CENFIRE-INLINE_probe08,,,,,,,2026-09-01 15:12:46,force2,apply,A,2-7-8-17,2,,3.139749,2A11_4B11,SMU,-43,-1,
2-7-8-17,voltage,125.802,RESULT,,,,COSETTE_CPW_W,CENFIRE-INLINE_probe08,,,,,,,2026-09-01 15:12:46,sense2,measure,ohm,2-7-8-17,2,,,2F01_2E12,DMM,-43,-1,
1-7-9-17,current,0.00999982,RESULT,,,,COSETTE_CPW_W,CENFIRE-INLINE_probe08,,,,,,,2026-09-01 15:12:51,force1,apply,A,1-7-9-17,1,,0.03859343,2A11_4B11,SMU,-43,-9,
1-7-9-17,voltage,0.439788,RESULT,,,,COSETTE_CPW_W,CENFIRE-INLINE_probe08,,,,,,,2026-09-01 15:12:51,sense1,measure,ohm,1-7-9-17,1,,,2F01_2E12,DMM,-43,-9,
2-7-9-17,current,0.00999988,RESULT,,,,COSETTE_CPW_W,CENFIRE-INLINE_probe08,,,,,,,2026-09-01 15:12:51,force2,apply,A,2-7-9-17,2,,3.235003,2A11_4B11,SMU,-43,-10,
2-7-9-17,voltage,127.735,RESULT,,,,COSETTE_CPW_W,CENFIRE-INLINE_probe08,,,,,,,2026-09-01 15:12:51,sense2,measure,ohm,2-7-9-17,2,,,2F01_2E12,DMM,-43,-10,
1-7-10-17,current,0.00999982,RESULT,,,,COSETTE_CPW_W,CENFIRE-INLINE_probe08,,,,,,,2026-09-01 15:12:55,force1,apply,A,1-7-10-17,1,,0.03912367,2A11_4B11,SMU,-43,-18,
1-7-10-17,voltage,0.443589,RESULT,,,,COSETTE_CPW_W,CENFIRE-INLINE_probe08,,,,,,,2026-09-01 15:12:55,sense1,measure,ohm,1-7-10-17,1,,,2F01_2E12,DMM,-43,-18,
2-7-10-17,current,0.00999989,RESULT,,,,COSETTE_CPW_W,CENFIRE-INLINE_probe08,,,,,,,2026-09-01 15:12:55,force2,apply,A,2-7-10-17,2,,3.298213,2A11_4B11,SMU,-43,-19,
2-7-10-17,voltage,127.136,RESULT,,,,COSETTE_CPW_W,CENFIRE-INLINE_probe08,,,,,,,2026-09-01 15:12:55,sense2,measure,ohm,2-7-10-17,2,,,2F01_2E12,DMM,-43,-19,
1-7-11-17,current,0.00999982,RESULT,,,,COSETTE_CPW_W,CENFIRE-INLINE_probe08,,,,,,,2026-09-01 15:13:00,force1,apply,A,1-7-11-17,1,,0.03911502,2A11_4B11,SMU,-43,-27,
1-7-11-17,voltage,0.446828,RESULT,,,,COSETTE_CPW_W,CENFIRE-INLINE_probe08,,,,,,,2026-09-01 15:13:00,sense1,measure,ohm,1-7-11-17,1,,,2F01_2E12,DMM,-43,-27,
2-7-11-17,current,0.00999988,RESULT,,,,COSETTE_CPW_W,CENFIRE-INLINE_probe08,,,,,,,2026-09-01 15:13:00,force2,apply,A,2-7-11-17,2,,3.40906,2A11_4B11,SMU,-43,-28,
2-7-11-17,voltage,127.518,RESULT,,,,COSETTE_CPW_W,CENFIRE-INLINE_probe08,,,,,,,2026-09-01 15:13:00,sense2,measure,ohm,2-7-11-17,2,,,2F01_2E12,DMM,-43,-28,
1-7-12-17,current,0.00999983,RESULT,,,,COSETTE_CPW_W,CENFIRE-INLINE_probe08,,,,,,,2026-09-01 15:13:05,force1,apply,A,1-7-12-17,1,,0.03897589,2A11_4B11,SMU,-43,-36,
1-7-12-17,voltage,0.454306,RESULT,,,,COSETTE_CPW_W,CENFIRE-INLINE_probe08,,,,,,,2026-09-01 15:13:05,sense1,measure,ohm,1-7-12-17,1,,,2F01_2E12,DMM,-43,-36,
2-7-12-17,current,0.00999988,RESULT,,,,COSETTE_CPW_W,CENFIRE-INLINE_probe08,,,,,,,2026-09-01 15:13:05,force2,apply,A,2-7-12-17,2,,2.795837,2A11_4B11,SMU,-43,-37,
2-7-12-17,voltage,128.683,RESULT,,,,COSETTE_CPW_W,CENFIRE-INLINE_probe08,,,,,,,2026-09-01 15:13:05,sense2,measure,ohm,2-7-12-17,2,,,2F01_2E12,DMM,-43,-37,
1-7-5-18,current,0.00999982,RESULT,,,,COSETTE_CPW_W,CENFIRE-INLINE_probe08,,,,,,,2026-09-01 15:13:09,force1,apply,A,1-7-5-18,1,,0.03876394,2A11_4B11,SMU,-50,27,
1-7-5-18,voltage,0.446847,RESULT,,,,COSETTE_CPW_W,CENFIRE-INLINE_probe08,,,,,,,2026-09-01 15:13:09,sense1,measure,ohm,1-7-5-18,1,,,2F01_2E12,DMM,-50,27,
2-7-5-18,current,0.00999988,RESULT,,,,COSETTE_CPW_W,CENFIRE-INLINE_probe08,,,,,,,2026-09-01 15:13:09,force2,apply,A,2-7-5-18,2,,3.514886,2A11_4B11,SMU,-50,26,
2-7-5-18,voltage,128.305,RESULT,,,,COSETTE_CPW_W,CENFIRE-INLINE_probe08,,,,,,,2026-09-01 15:13:09,sense2,measure,ohm,2-7-5-18,2,,,2F01_2E12,DMM,-50,26,
1-7-6-18,current,0.00999982,RESULT,,,,COSETTE_CPW_W,CENFIRE-INLINE_probe08,,,,,,,2026-09-01 15:13:14,force1,apply,A,1-7-6-18,1,,0.03838608,2A11_4B11,SMU,-50,18,
1-7-6-18,voltage,0.444992,RESULT,,,,COSETTE_CPW_W,CENFIRE-INLINE_probe08,,,,,,,2026-09-01 15:13:14,sense1,measure,ohm,1-7-6-18,1,,,2F01_2E12,DMM,-50,18,
2-7-6-18,current,0.00999988,RESULT,,,,COSETTE_CPW_W,CENFIRE-INLINE_probe08,,,,,,,2026-09-01 15:13:14,force2,apply,A,2-7-6-18,2,,3.090446,2A11_4B11,SMU,-50,17,
2-7-6-18,voltage,126.947,RESULT,,,,COSETTE_CPW_W,CENFIRE-INLINE_probe08,,,,,,,2026-09-01 15:13:14,sense2,measure,ohm,2-7-6-18,2,,,2F01_2E12,DMM,-50,17,
1-7-7-18,current,0.00999983,RESULT,,,,COSETTE_CPW_W,CENFIRE-INLINE_probe08,,,,,,,2026-09-01 15:13:19,force1,apply,A,1-7-7-18,1,,0.03788643,2A11_4B11,SMU,-50,9,
1-7-7-18,voltage,0.44453,RESULT,,,,COSETTE_CPW_W,CENFIRE-INLINE_probe08,,,,,,,2026-09-01 15:13:19,sense1,measure,ohm,1-7-7-18,1,,,2F01_2E12,DMM,-50,9,
2-7-7-18,current,0.00999988,RESULT,,,,COSETTE_CPW_W,CENFIRE-INLINE_probe08,,,,,,,2026-09-01 15:13:19,force2,apply,A,2-7-7-18,2,,3.377532,2A11_4B11,SMU,-50,8,
2-7-7-18,voltage,127.228,RESULT,,,,COSETTE_CPW_W,CENFIRE-INLINE_probe08,,,,,,,2026-09-01 15:13:19,sense2,measure,ohm,2-7-7-18,2,,,2F01_2E12,DMM,-50,8,
1-7-8-18,current,0.00999982,RESULT,,,,COSETTE_CPW_W,CENFIRE-INLINE_probe08,,,,,,,2026-09-01 15:13:23,force1,apply,A,1-7-8-18,1,,0.03778674,2A11_4B11,SMU,-50,0,
1-7-8-18,voltage,0.443994,RESULT,,,,COSETTE_CPW_W,CENFIRE-INLINE_probe08,,,,,,,2026-09-01 15:13:23,sense1,measure,ohm,1-7-8-18,1,,,2F01_2E12,DMM,-50,0,
2-7-8-18,current,0.00999988,RESULT,,,,COSETTE_CPW_W,CENFIRE-INLINE_probe08,,,,,,,2026-09-01 15:13:23,force2,apply,A,2-7-8-18,2,,3.169509,2A11_4B11,SMU,-50,-1,
2-7-8-18,voltage,129.676,RESULT,,,,COSETTE_CPW_W,CENFIRE-INLINE_probe08,,,,,,,2026-09-01 15:13:23,sense2,measure,ohm,2-7-8-18,2,,,2F01_2E12,DMM,-50,-1,
1-7-9-18,current,0.00999983,RESULT,,,,COSETTE_CPW_W,CENFIRE-INLINE_probe08,,,,,,,2026-09-01 15:13:28,force1,apply,A,1-7-9-18,1,,0.03837717,2A11_4B11,SMU,-50,-9,
1-7-9-18,voltage,0.444269,RESULT,,,,COSETTE_CPW_W,CENFIRE-INLINE_probe08,,,,,,,2026-09-01 15:13:28,sense1,measure,ohm,1-7-9-18,1,,,2F01_2E12,DMM,-50,-9,
2-7-9-18,current,0.00999988,RESULT,,,,COSETTE_CPW_W,CENFIRE-INLINE_probe08,,,,,,,2026-09-01 15:13:28,force2,apply,A,2-7-9-18,2,,3.234543,2A11_4B11,SMU,-50,-10,
2-7-9-18,voltage,129.372,RESULT,,,,COSETTE_CPW_W,CENFIRE-INLINE_probe08,,,,,,,2026-09-01 15:13:28,sense2,measure,ohm,2-7-9-18,2,,,2F01_2E12,DMM,-50,-10,
1-7-10-18,current,0.00999982,RESULT,,,,COSETTE_CPW_W,CENFIRE-INLINE_probe08,,,,,,,2026-09-01 15:13:33,force1,apply,A,1-7-10-18,1,,0.03843398,2A11_4B11,SMU,-50,-18,
1-7-10-18,voltage,0.445778,RESULT,,,,COSETTE_CPW_W,CENFIRE-INLINE_probe08,,,,,,,2026-09-01 15:13:33,sense1,measure,ohm,1-7-10-18,1,,,2F01_2E12,DMM,-50,-18,
2-7-10-18,current,0.00999988,RESULT,,,,COSETTE_CPW_W,CENFIRE-INLINE_probe08,,,,,,,2026-09-01 15:13:33,force2,apply,A,2-7-10-18,2,,3.38136,2A11_4B11,SMU,-50,-19,
2-7-10-18,voltage,126.94,RESULT,,,,COSETTE_CPW_W,CENFIRE-INLINE_probe08,,,,,,,2026-09-01 15:13:33,sense2,measure,ohm,2-7-10-18,2,,,2F01_2E12,DMM,-50,-19,
1-7-11-18,current,0.00999983,RESULT,,,,COSETTE_CPW_W,CENFIRE-INLINE_probe08,,,,,,,2026-09-01 15:13:38,force1,apply,A,1-7-11-18,1,,0.03971817,2A11_4B11,SMU,-50,-27,
1-7-11-18,voltage,0.450691,RESULT,,,,COSETTE_CPW_W,CENFIRE-INLINE_probe08,,,,,,,2026-09-01 15:13:38,sense1,measure,ohm,1-7-11-18,1,,,2F01_2E12,DMM,-50,-27,
2-7-11-18,current,0.0099999,RESULT,,,,COSETTE_CPW_W,CENFIRE-INLINE_probe08,,,,,,,2026-09-01 15:13:38,force2,apply,A,2-7-11-18,2,,2.802564,2A11_4B11,SMU,-50,-28,
2-7-11-18,voltage,131.896,RESULT,,,,COSETTE_CPW_W,CENFIRE-INLINE_probe08,,,,,,,2026-09-01 15:13:38,sense2,measure,ohm,2-7-11-18,2,,,2F01_2E12,DMM,-50,-28,
1-7-7-19,current,0.00999983,RESULT,,,,COSETTE_CPW_W,CENFIRE-INLINE_probe08,,,,,,,2026-09-01 15:13:42,force1,apply,A,1-7-7-19,1,,0.03776823,2A11_4B11,SMU,-57,9,
1-7-7-19,voltage,0.448379,RESULT,,,,COSETTE_CPW_W,CENFIRE-INLINE_probe08,,,,,,,2026-09-01 15:13:42,sense1,measure,ohm,1-7-7-19,1,,,2F01_2E12,DMM,-57,9,
2-7-7-19,current,0.00999988,RESULT,,,,COSETTE_CPW_W,CENFIRE-INLINE_probe08,,,,,,,2026-09-01 15:13:42,force2,apply,A,2-7-7-19,2,,3.131147,2A11_4B11,SMU,-57,8,
2-7-7-19,voltage,128.043,RESULT,,,,COSETTE_CPW_W,CENFIRE-INLINE_probe08,,,,,,,2026-09-01 15:13:42,sense2,measure,ohm,2-7-7-19,2,,,2F01_2E12,DMM,-57,8,
1-7-8-19,current,0.00999981,RESULT,,,,COSETTE_CPW_W,CENFIRE-INLINE_probe08,,,,,,,2026-09-01 15:13:47,force1,apply,A,1-7-8-19,1,,0.03785447,2A11_4B11,SMU,-57,0,
1-7-8-19,voltage,0.448767,RESULT,,,,COSETTE_CPW_W,CENFIRE-INLINE_probe08,,,,,,,2026-09-01 15:13:47,sense1,measure,ohm,1-7-8-19,1,,,2F01_2E12,DMM,-57,0,
2-7-8-19,current,0.00999988,RESULT,,,,COSETTE_CPW_W,CENFIRE-INLINE_probe08,,,,,,,2026-09-01 15:13:47,force2,apply,A,2-7-8-19,2,,3.572615,2A11_4B11,SMU,-57,-1,
2-7-8-19,voltage,3.58338,RESULT,,,,COSETTE_CPW_W,CENFIRE-INLINE_probe08,,,,,,,2026-09-01 15:13:47,sense2,measure,ohm,2-7-8-19,2,,,2F01_2E12,DMM,-57,-1,
1-7-9-19,current,0.00999983,RESULT,,,,COSETTE_CPW_W,CENFIRE-INLINE_probe08,,,,,,,2026-09-01 15:13:52,force1,apply,A,1-7-9-19,1,,0.03799501,2A11_4B11,SMU,-57,-9,
1-7-9-19,voltage,0.451402,RESULT,,,,COSETTE_CPW_W,CENFIRE-INLINE_probe08,,,,,,,2026-09-01 15:13:52,sense1,measure,ohm,1-7-9-19,1,,,2F01_2E12,DMM,-57,-9,
2-7-9-19,current,0.00999989,RESULT,,,,COSETTE_CPW_W,CENFIRE-INLINE_probe08,,,,,,,2026-09-01 15:13:52,force2,apply,A,2-7-9-19,2,,3.157873,2A11_4B11,SMU,-57,-10,
2-7-9-19,voltage,129.79,RESULT,,,,COSETTE_CPW_W,CENFIRE-INLINE_probe08,,,,,,,2026-09-01 15:13:52,sense2,measure,ohm,2-7-9-19,2,,,2F01_2E12,DMM,-57,-10,
,,,DIE,,,,,,,,,,,,,,,,,,,,,,69,9,PASS
,,,DIE,,,,,,,,,,,,,,,,,,,,,,69,8,FAIL
,,,DIE,,,,,,,,,,,,,,,,,,,,,,69,0,PASS
,,,DIE,,,,,,,,,,,,,,,,,,,,,,69,-1,FAIL
,,,DIE,,,,,,,,,,,,,,,,,,,,,,69,-9,PASS
,,,DIE,,,,,,,,,,,,,,,,,,,,,,69,-10,FAIL
,,,DIE,,,,,,,,,,,,,,,,,,,,,,62,27,PASS
,,,DIE,,,,,,,,,,,,,,,,,,,,,,62,26,PASS
,,,DIE,,,,,,,,,,,,,,,,,,,,,,62,18,PASS
,,,DIE,,,,,,,,,,,,,,,,,,,,,,62,17,PASS
,,,DIE,,,,,,,,,,,,,,,,,,,,,,62,9,PASS
,,,DIE,,,,,,,,,,,,,,,,,,,,,,62,8,FAIL
,,,DIE,,,,,,,,,,,,,,,,,,,,,,62,0,PASS
,,,DIE,,,,,,,,,,,,,,,,,,,,,,62,-1,PASS
,,,DIE,,,,,,,,,,,,,,,,,,,,,,62,-9,PASS
,,,DIE,,,,,,,,,,,,,,,,,,,,,,62,-10,FAIL
,,,DIE,,,,,,,,,,,,,,,,,,,,,,62,-18,PASS
,,,DIE,,,,,,,,,,,,,,,,,,,,,,62,-19,FAIL
,,,DIE,,,,,,,,,,,,,,,,,,,,,,62,-27,PASS
,,,DIE,,,,,,,,,,,,,,,,,,,,,,62,-28,FAIL
,,,DIE,,,,,,,,,,,,,,,,,,,,,,55,36,PASS
,,,DIE,,,,,,,,,,,,,,,,,,,,,,55,35,PASS
,,,DIE,,,,,,,,,,,,,,,,,,,,,,55,27,PASS
,,,DIE,,,,,,,,,,,,,,,,,,,,,,55,26,FAIL
,,,DIE,,,,,,,,,,,,,,,,,,,,,,55,18,PASS
,,,DIE,,,,,,,,,,,,,,,,,,,,,,55,17,PASS
,,,DIE,,,,,,,,,,,,,,,,,,,,,,55,9,PASS
,,,DIE,,,,,,,,,,,,,,,,,,,,,,55,8,FAIL
,,,DIE,,,,,,,,,,,,,,,,,,,,,,55,0,PASS
,,,DIE,,,,,,,,,,,,,,,,,,,,,,55,-1,PASS
,,,DIE,,,,,,,,,,,,,,,,,,,,,,55,-9,PASS
,,,DIE,,,,,,,,,,,,,,,,,,,,,,55,-10,PASS
,,,DIE,,,,,,,,,,,,,,,,,,,,,,55,-18,PASS
,,,DIE,,,,,,,,,,,,,,,,,,,,,,55,-19,PASS
,,,DIE,,,,,,,,,,,,,,,,,,,,,,55,-27,PASS
,,,DIE,,,,,,,,,,,,,,,,,,,,,,55,-28,PASS
,,,DIE,,,,,,,,,,,,,,,,,,,,,,55,-36,PASS
,,,DIE,,,,,,,,,,,,,,,,,,,,,,55,-37,FAIL
,,,DIE,,,,,,,,,,,,,,,,,,,,,,48,45,PASS
,,,DIE,,,,,,,,,,,,,,,,,,,,,,48,44,PASS
,,,DIE,,,,,,,,,,,,,,,,,,,,,,48,36,PASS
,,,DIE,,,,,,,,,,,,,,,,,,,,,,48,35,FAIL
,,,DIE,,,,,,,,,,,,,,,,,,,,,,48,27,PASS
,,,DIE,,,,,,,,,,,,,,,,,,,,,,48,26,FAIL
,,,DIE,,,,,,,,,,,,,,,,,,,,,,48,18,PASS
,,,DIE,,,,,,,,,,,,,,,,,,,,,,48,17,PASS
,,,DIE,,,,,,,,,,,,,,,,,,,,,,48,9,PASS
,,,DIE,,,,,,,,,,,,,,,,,,,,,,48,8,PASS
,,,DIE,,,,,,,,,,,,,,,,,,,,,,48,0,PASS
,,,DIE,,,,,,,,,,,,,,,,,,,,,,48,-1,PASS
,,,DIE,,,,,,,,,,,,,,,,,,,,,,48,-9,PASS
,,,DIE,,,,,,,,,,,,,,,,,,,,,,48,-10,PASS
,,,DIE,,,,,,,,,,,,,,,,,,,,,,48,-18,PASS
,,,DIE,,,,,,,,,,,,,,,,,,,,,,48,-19,PASS
,,,DIE,,,,,,,,,,,,,,,,,,,,,,48,-27,PASS
,,,DIE,,,,,,,,,,,,,,,,,,,,,,48,-28,FAIL
,,,DIE,,,,,,,,,,,,,,,,,,,,,,48,-36,PASS
,,,DIE,,,,,,,,,,,,,,,,,,,,,,48,-37,PASS
,,,DIE,,,,,,,,,,,,,,,,,,,,,,48,-45,PASS
,,,DIE,,,,,,,,,,,,,,,,,,,,,,48,-46,FAIL
,,,DIE,,,,,,,,,,,,,,,,,,,,,,41,45,PASS
,,,DIE,,,,,,,,,,,,,,,,,,,,,,41,44,FAIL
,,,DIE,,,,,,,,,,,,,,,,,,,,,,41,36,PASS
,,,DIE,,,,,,,,,,,,,,,,,,,,,,41,35,FAIL
,,,DIE,,,,,,,,,,,,,,,,,,,,,,41,27,PASS
,,,DIE,,,,,,,,,,,,,,,,,,,,,,41,26,PASS
,,,DIE,,,,,,,,,,,,,,,,,,,,,,41,18,PASS
,,,DIE,,,,,,,,,,,,,,,,,,,,,,41,17,PASS
,,,DIE,,,,,,,,,,,,,,,,,,,,,,41,9,PASS
,,,DIE,,,,,,,,,,,,,,,,,,,,,,41,8,PASS
,,,DIE,,,,,,,,,,,,,,,,,,,,,,41,0,PASS
,,,DIE,,,,,,,,,,,,,,,,,,,,,,41,-1,PASS
,,,DIE,,,,,,,,,,,,,,,,,,,,,,41,-9,PASS
,,,DIE,,,,,,,,,,,,,,,,,,,,,,41,-10,PASS
,,,DIE,,,,,,,,,,,,,,,,,,,,,,41,-18,PASS
,,,DIE,,,,,,,,,,,,,,,,,,,,,,41,-19,PASS
,,,DIE,,,,,,,,,,,,,,,,,,,,,,41,-27,PASS
,,,DIE,,,,,,,,,,,,,,,,,,,,,,41,-28,PASS
,,,DIE,,,,,,,,,,,,,,,,,,,,,,41,-36,PASS
,,,DIE,,,,,,,,,,,,,,,,,,,,,,41,-37,PASS
,,,DIE,,,,,,,,,,,,,,,,,,,,,,41,-45,PASS
,,,DIE,,,,,,,,,,,,,,,,,,,,,,41,-46,PASS
,,,DIE,,,,,,,,,,,,,,,,,,,,,,34,54,PASS
,,,DIE,,,,,,,,,,,,,,,,,,,,,,34,53,FAIL
,,,DIE,,,,,,,,,,,,,,,,,,,,,,34,45,PASS
,,,DIE,,,,,,,,,,,,,,,,,,,,,,34,44,FAIL
,,,DIE,,,,,,,,,,,,,,,,,,,,,,34,36,PASS
,,,DIE,,,,,,,,,,,,,,,,,,,,,,34,35,PASS
,,,DIE,,,,,,,,,,,,,,,,,,,,,,34,27,PASS
,,,DIE,,,,,,,,,,,,,,,,,,,,,,34,26,FAIL
,,,DIE,,,,,,,,,,,,,,,,,,,,,,34,18,PASS
,,,DIE,,,,,,,,,,,,,,,,,,,,,,34,17,PASS
,,,DIE,,,,,,,,,,,,,,,,,,,,,,34,9,PASS
,,,DIE,,,,,,,,,,,,,,,,,,,,,,34,8,PASS
,,,DIE,,,,,,,,,,,,,,,,,,,,,,34,0,PASS
,,,DIE,,,,,,,,,,,,,,,,,,,,,,34,-1,PASS
,,,DIE,,,,,,,,,,,,,,,,,,,,,,34,-9,PASS
,,,DIE,,,,,,,,,,,,,,,,,,,,,,34,-10,PASS
,,,DIE,,,,,,,,,,,,,,,,,,,,,,34,-18,PASS
,,,DIE,,,,,,,,,,,,,,,,,,,,,,34,-19,PASS
,,,DIE,,,,,,,,,,,,,,,,,,,,,,34,-27,PASS
,,,DIE,,,,,,,,,,,,,,,,,,,,,,34,-28,PASS
,,,DIE,,,,,,,,,,,,,,,,,,,,,,34,-36,PASS
,,,DIE,,,,,,,,,,,,,,,,,,,,,,34,-37,PASS
,,,DIE,,,,,,,,,,,,,,,,,,,,,,34,-45,PASS
,,,DIE,,,,,,,,,,,,,,,,,,,,,,34,-46,PASS
,,,DIE,,,,,,,,,,,,,,,,,,,,,,34,-54,PASS
,,,DIE,,,,,,,,,,,,,,,,,,,,,,34,-55,FAIL
,,,DIE,,,,,,,,,,,,,,,,,,,,,,27,54,PASS
,,,DIE,,,,,,,,,,,,,,,,,,,,,,27,53,FAIL
,,,DIE,,,,,,,,,,,,,,,,,,,,,,27,45,PASS
,,,DIE,,,,,,,,,,,,,,,,,,,,,,27,44,PASS
,,,DIE,,,,,,,,,,,,,,,,,,,,,,27,36,PASS
,,,DIE,,,,,,,,,,,,,,,,,,,,,,27,35,PASS
,,,DIE,,,,,,,,,,,,,,,,,,,,,,27,27,PASS
,,,DIE,,,,,,,,,,,,,,,,,,,,,,27,26,PASS
,,,DIE,,,,,,,,,,,,,,,,,,,,,,27,18,PASS
,,,DIE,,,,,,,,,,,,,,,,,,,,,,27,17,PASS
,,,DIE,,,,,,,,,,,,,,,,,,,,,,27,9,PASS
,,,DIE,,,,,,,,,,,,,,,,,,,,,,27,8,PASS
,,,DIE,,,,,,,,,,,,,,,,,,,,,,27,0,PASS
,,,DIE,,,,,,,,,,,,,,,,,,,,,,27,-1,PASS
,,,DIE,,,,,,,,,,,,,,,,,,,,,,27,-9,PASS
,,,DIE,,,,,,,,,,,,,,,,,,,,,,27,-10,PASS
,,,DIE,,,,,,,,,,,,,,,,,,,,,,27,-18,PASS
,,,DIE,,,,,,,,,,,,,,,,,,,,,,27,-19,PASS
,,,DIE,,,,,,,,,,,,,,,,,,,,,,27,-27,PASS
,,,DIE,,,,,,,,,,,,,,,,,,,,,,27,-28,PASS
,,,DIE,,,,,,,,,,,,,,,,,,,,,,27,-36,PASS
,,,DIE,,,,,,,,,,,,,,,,,,,,,,27,-37,FAIL
,,,DIE,,,,,,,,,,,,,,,,,,,,,,27,-45,PASS
,,,DIE,,,,,,,,,,,,,,,,,,,,,,27,-46,FAIL
,,,DIE,,,,,,,,,,,,,,,,,,,,,,27,-54,PASS
,,,DIE,,,,,,,,,,,,,,,,,,,,,,27,-55,PASS
,,,DIE,,,,,,,,,,,,,,,,,,,,,,20,54,PASS
,,,DIE,,,,,,,,,,,,,,,,,,,,,,20,53,FAIL
,,,DIE,,,,,,,,,,,,,,,,,,,,,,20,45,PASS
,,,DIE,,,,,,,,,,,,,,,,,,,,,,20,44,PASS
,,,DIE,,,,,,,,,,,,,,,,,,,,,,20,36,PASS
,,,DIE,,,,,,,,,,,,,,,,,,,,,,20,35,PASS
,,,DIE,,,,,,,,,,,,,,,,,,,,,,20,27,PASS
,,,DIE,,,,,,,,,,,,,,,,,,,,,,20,26,PASS
,,,DIE,,,,,,,,,,,,,,,,,,,,,,20,18,PASS
,,,DIE,,,,,,,,,,,,,,,,,,,,,,20,17,PASS
,,,DIE,,,,,,,,,,,,,,,,,,,,,,20,9,PASS
,,,DIE,,,,,,,,,,,,,,,,,,,,,,20,8,PASS
,,,DIE,,,,,,,,,,,,,,,,,,,,,,20,0,PASS
,,,DIE,,,,,,,,,,,,,,,,,,,,,,20,-1,PASS
,,,DIE,,,,,,,,,,,,,,,,,,,,,,20,-9,PASS
,,,DIE,,,,,,,,,,,,,,,,,,,,,,20,-10,PASS
,,,DIE,,,,,,,,,,,,,,,,,,,,,,20,-18,PASS
,,,DIE,,,,,,,,,,,,,,,,,,,,,,20,-19,PASS
,,,DIE,,,,,,,,,,,,,,,,,,,,,,20,-27,PASS
,,,DIE,,,,,,,,,,,,,,,,,,,,,,20,-28,PASS
,,,DIE,,,,,,,,,,,,,,,,,,,,,,20,-36,PASS
,,,DIE,,,,,,,,,,,,,,,,,,,,,,20,-37,PASS
,,,DIE,,,,,,,,,,,,,,,,,,,,,,20,-45,PASS
,,,DIE,,,,,,,,,,,,,,,,,,,,,,20,-46,FAIL
,,,DIE,,,,,,,,,,,,,,,,,,,,,,20,-54,PASS
,,,DIE,,,,,,,,,,,,,,,,,,,,,,20,-55,PASS
,,,DIE,,,,,,,,,,,,,,,,,,,,,,13,63,PASS
,,,DIE,,,,,,,,,,,,,,,,,,,,,,13,62,PASS
,,,DIE,,,,,,,,,,,,,,,,,,,,,,13,54,PASS
,,,DIE,,,,,,,,,,,,,,,,,,,,,,13,53,FAIL
,,,DIE,,,,,,,,,,,,,,,,,,,,,,13,45,PASS
,,,DIE,,,,,,,,,,,,,,,,,,,,,,13,44,PASS
,,,DIE,,,,,,,,,,,,,,,,,,,,,,13,36,PASS
,,,DIE,,,,,,,,,,,,,,,,,,,,,,13,35,PASS
,,,DIE,,,,,,,,,,,,,,,,,,,,,,13,27,PASS
,,,DIE,,,,,,,,,,,,,,,,,,,,,,13,26,PASS
,,,DIE,,,,,,,,,,,,,,,,,,,,,,13,18,PASS
,,,DIE,,,,,,,,,,,,,,,,,,,,,,13,17,PASS
,,,DIE,,,,,,,,,,,,,,,,,,,,,,13,9,PASS
,,,DIE,,,,,,,,,,,,,,,,,,,,,,13,8,PASS
,,,DIE,,,,,,,,,,,,,,,,,,,,,,13,0,PASS
,,,DIE,,,,,,,,,,,,,,,,,,,,,,13,-1,PASS
,,,DIE,,,,,,,,,,,,,,,,,,,,,,13,-9,PASS
,,,DIE,,,,,,,,,,,,,,,,,,,,,,13,-10,PASS
,,,DIE,,,,,,,,,,,,,,,,,,,,,,13,-18,PASS
,,,DIE,,,,,,,,,,,,,,,,,,,,,,13,-19,PASS
,,,DIE,,,,,,,,,,,,,,,,,,,,,,13,-27,PASS
,,,DIE,,,,,,,,,,,,,,,,,,,,,,13,-28,PASS
,,,DIE,,,,,,,,,,,,,,,,,,,,,,13,-36,PASS
,,,DIE,,,,,,,,,,,,,,,,,,,,,,13,-37,FAIL
,,,DIE,,,,,,,,,,,,,,,,,,,,,,13,-45,PASS
,,,DIE,,,,,,,,,,,,,,,,,,,,,,13,-46,PASS
,,,DIE,,,,,,,,,,,,,,,,,,,,,,13,-54,PASS
,,,DIE,,,,,,,,,,,,,,,,,,,,,,13,-55,PASS
,,,DIE,,,,,,,,,,,,,,,,,,,,,,6,63,PASS
,,,DIE,,,,,,,,,,,,,,,,,,,,,,6,62,FAIL
,,,DIE,,,,,,,,,,,,,,,,,,,,,,6,54,PASS
,,,DIE,,,,,,,,,,,,,,,,,,,,,,6,53,PASS
,,,DIE,,,,,,,,,,,,,,,,,,,,,,6,45,PASS
,,,DIE,,,,,,,,,,,,,,,,,,,,,,6,44,PASS
,,,DIE,,,,,,,,,,,,,,,,,,,,,,6,36,PASS
,,,DIE,,,,,,,,,,,,,,,,,,,,,,6,35,PASS
,,,DIE,,,,,,,,,,,,,,,,,,,,,,6,27,PASS
,,,DIE,,,,,,,,,,,,,,,,,,,,,,6,26,PASS
,,,DIE,,,,,,,,,,,,,,,,,,,,,,6,18,PASS
,,,DIE,,,,,,,,,,,,,,,,,,,,,,6,17,PASS
,,,DIE,,,,,,,,,,,,,,,,,,,,,,6,9,PASS
,,,DIE,,,,,,,,,,,,,,,,,,,,,,6,8,PASS
,,,DIE,,,,,,,,,,,,,,,,,,,,,,6,0,PASS
,,,DIE,,,,,,,,,,,,,,,,,,,,,,6,-1,PASS
,,,DIE,,,,,,,,,,,,,,,,,,,,,,6,-9,PASS
,,,DIE,,,,,,,,,,,,,,,,,,,,,,6,-10,PASS
,,,DIE,,,,,,,,,,,,,,,,,,,,,,6,-18,PASS
,,,DIE,,,,,,,,,,,,,,,,,,,,,,6,-19,PASS
,,,DIE,,,,,,,,,,,,,,,,,,,,,,6,-27,PASS
,,,DIE,,,,,,,,,,,,,,,,,,,,,,6,-28,PASS
,,,DIE,,,,,,,,,,,,,,,,,,,,,,6,-36,PASS
,,,DIE,,,,,,,,,,,,,,,,,,,,,,6,-37,PASS
,,,DIE,,,,,,,,,,,,,,,,,,,,,,6,-45,PASS
,,,DIE,,,,,,,,,,,,,,,,,,,,,,6,-46,FAIL
,,,DIE,,,,,,,,,,,,,,,,,,,,,,6,-54,PASS
,,,DIE,,,,,,,,,,,,,,,,,,,,,,6,-55,PASS
,,,DIE,,,,,,,,,,,,,,,,,,,,,,6,-63,PASS
,,,DIE,,,,,,,,,,,,,,,,,,,,,,-1,63,PASS
,,,DIE,,,,,,,,,,,,,,,,,,,,,,-1,62,FAIL
,,,DIE,,,,,,,,,,,,,,,,,,,,,,-1,54,PASS
,,,DIE,,,,,,,,,,,,,,,,,,,,,,-1,53,PASS
,,,DIE,,,,,,,,,,,,,,,,,,,,,,-1,45,PASS
,,,DIE,,,,,,,,,,,,,,,,,,,,,,-1,44,PASS
,,,DIE,,,,,,,,,,,,,,,,,,,,,,-1,36,PASS
,,,DIE,,,,,,,,,,,,,,,,,,,,,,-1,35,PASS
,,,DIE,,,,,,,,,,,,,,,,,,,,,,-1,27,PASS
,,,DIE,,,,,,,,,,,,,,,,,,,,,,-1,26,PASS
,,,DIE,,,,,,,,,,,,,,,,,,,,,,-1,18,PASS
,,,DIE,,,,,,,,,,,,,,,,,,,,,,-1,17,PASS
,,,DIE,,,,,,,,,,,,,,,,,,,,,,-1,9,PASS
,,,DIE,,,,,,,,,,,,,,,,,,,,,,-1,8,PASS
,,,DIE,,,,,,,,,,,,,,,,,,,,,,-1,0,PASS
,,,DIE,,,,,,,,,,,,,,,,,,,,,,-1,-1,PASS
,,,DIE,,,,,,,,,,,,,,,,,,,,,,-1,-9,PASS
,,,DIE,,,,,,,,,,,,,,,,,,,,,,-1,-10,PASS
,,,DIE,,,,,,,,,,,,,,,,,,,,,,-1,-18,PASS
,,,DIE,,,,,,,,,,,,,,,,,,,,,,-1,-19,PASS
,,,DIE,,,,,,,,,,,,,,,,,,,,,,-1,-27,PASS
,,,DIE,,,,,,,,,,,,,,,,,,,,,,-1,-28,PASS
,,,DIE,,,,,,,,,,,,,,,,,,,,,,-1,-36,PASS
,,,DIE,,,,,,,,,,,,,,,,,,,,,,-1,-37,FAIL
,,,DIE,,,,,,,,,,,,,,,,,,,,,,-1,-45,PASS
,,,DIE,,,,,,,,,,,,,,,,,,,,,,-1,-46,PASS
,,,DIE,,,,,,,,,,,,,,,,,,,,,,-1,-54,PASS
,,,DIE,,,,,,,,,,,,,,,,,,,,,,-1,-55,PASS
,,,DIE,,,,,,,,,,,,,,,,,,,,,,-1,-63,PASS
,,,DIE,,,,,,,,,,,,,,,,,,,,,,-8,54,PASS
,,,DIE,,,,,,,,,,,,,,,,,,,,,,-8,53,FAIL
,,,DIE,,,,,,,,,,,,,,,,,,,,,,-8,45,PASS
,,,DIE,,,,,,,,,,,,,,,,,,,,,,-8,44,PASS
,,,DIE,,,,,,,,,,,,,,,,,,,,,,-8,36,PASS
,,,DIE,,,,,,,,,,,,,,,,,,,,,,-8,35,PASS
,,,DIE,,,,,,,,,,,,,,,,,,,,,,-8,27,PASS
,,,DIE,,,,,,,,,,,,,,,,,,,,,,-8,26,PASS
,,,DIE,,,,,,,,,,,,,,,,,,,,,,-8,18,PASS
,,,DIE,,,,,,,,,,,,,,,,,,,,,,-8,17,PASS
,,,DIE,,,,,,,,,,,,,,,,,,,,,,-8,9,PASS
,,,DIE,,,,,,,,,,,,,,,,,,,,,,-8,8,PASS
,,,DIE,,,,,,,,,,,,,,,,,,,,,,-8,0,PASS
,,,DIE,,,,,,,,,,,,,,,,,,,,,,-8,-1,PASS
,,,DIE,,,,,,,,,,,,,,,,,,,,,,-8,-9,PASS
,,,DIE,,,,,,,,,,,,,,,,,,,,,,-8,-10,PASS
,,,DIE,,,,,,,,,,,,,,,,,,,,,,-8,-18,PASS
,,,DIE,,,,,,,,,,,,,,,,,,,,,,-8,-19,PASS
,,,DIE,,,,,,,,,,,,,,,,,,,,,,-8,-27,PASS
,,,DIE,,,,,,,,,,,,,,,,,,,,,,-8,-28,PASS
,,,DIE,,,,,,,,,,,,,,,,,,,,,,-8,-36,PASS
,,,DIE,,,,,,,,,,,,,,,,,,,,,,-8,-37,FAIL
,,,DIE,,,,,,,,,,,,,,,,,,,,,,-8,-45,PASS
,,,DIE,,,,,,,,,,,,,,,,,,,,,,-8,-46,PASS
,,,DIE,,,,,,,,,,,,,,,,,,,,,,-8,-54,PASS
,,,DIE,,,,,,,,,,,,,,,,,,,,,,-8,-55,PASS
,,,DIE,,,,,,,,,,,,,,,,,,,,,,-15,54,PASS
,,,DIE,,,,,,,,,,,,,,,,,,,,,,-15,53,PASS
,,,DIE,,,,,,,,,,,,,,,,,,,,,,-15,45,PASS
,,,DIE,,,,,,,,,,,,,,,,,,,,,,-15,44,PASS
,,,DIE,,,,,,,,,,,,,,,,,,,,,,-15,36,PASS
,,,DIE,,,,,,,,,,,,,,,,,,,,,,-15,35,PASS
,,,DIE,,,,,,,,,,,,,,,,,,,,,,-15,27,PASS
,,,DIE,,,,,,,,,,,,,,,,,,,,,,-15,26,PASS
,,,DIE,,,,,,,,,,,,,,,,,,,,,,-15,18,PASS
,,,DIE,,,,,,,,,,,,,,,,,,,,,,-15,17,PASS
,,,DIE,,,,,,,,,,,,,,,,,,,,,,-15,9,PASS
,,,DIE,,,,,,,,,,,,,,,,,,,,,,-15,8,PASS
,,,DIE,,,,,,,,,,,,,,,,,,,,,,-15,0,PASS
,,,DIE,,,,,,,,,,,,,,,,,,,,,,-15,-1,PASS
,,,DIE,,,,,,,,,,,,,,,,,,,,,,-15,-9,PASS
,,,DIE,,,,,,,,,,,,,,,,,,,,,,-15,-10,PASS
,,,DIE,,,,,,,,,,,,,,,,,,,,,,-15,-18,PASS
,,,DIE,,,,,,,,,,,,,,,,,,,,,,-15,-19,PASS
,,,DIE,,,,,,,,,,,,,,,,,,,,,,-15,-27,PASS
,,,DIE,,,,,,,,,,,,,,,,,,,,,,-15,-28,PASS
,,,DIE,,,,,,,,,,,,,,,,,,,,,,-15,-36,PASS
,,,DIE,,,,,,,,,,,,,,,,,,,,,,-15,-37,PASS
,,,DIE,,,,,,,,,,,,,,,,,,,,,,-15,-45,PASS
,,,DIE,,,,,,,,,,,,,,,,,,,,,,-15,-46,PASS
,,,DIE,,,,,,,,,,,,,,,,,,,,,,-15,-54,PASS
,,,DIE,,,,,,,,,,,,,,,,,,,,,,-15,-55,PASS
,,,DIE,,,,,,,,,,,,,,,,,,,,,,-22,54,PASS
,,,DIE,,,,,,,,,,,,,,,,,,,,,,-22,53,FAIL
,,,DIE,,,,,,,,,,,,,,,,,,,,,,-22,45,PASS
,,,DIE,,,,,,,,,,,,,,,,,,,,,,-22,44,PASS
,,,DIE,,,,,,,,,,,,,,,,,,,,,,-22,36,PASS
,,,DIE,,,,,,,,,,,,,,,,,,,,,,-22,35,PASS
,,,DIE,,,,,,,,,,,,,,,,,,,,,,-22,27,PASS
,,,DIE,,,,,,,,,,,,,,,,,,,,,,-22,26,PASS
,,,DIE,,,,,,,,,,,,,,,,,,,,,,-22,18,PASS
,,,DIE,,,,,,,,,,,,,,,,,,,,,,-22,17,PASS
,,,DIE,,,,,,,,,,,,,,,,,,,,,,-22,9,PASS
,,,DIE,,,,,,,,,,,,,,,,,,,,,,-22,8,PASS
,,,DIE,,,,,,,,,,,,,,,,,,,,,,-22,0,PASS
,,,DIE,,,,,,,,,,,,,,,,,,,,,,-22,-1,PASS
,,,DIE,,,,,,,,,,,,,,,,,,,,,,-22,-9,PASS
,,,DIE,,,,,,,,,,,,,,,,,,,,,,-22,-10,PASS
,,,DIE,,,,,,,,,,,,,,,,,,,,,,-22,-18,PASS
,,,DIE,,,,,,,,,,,,,,,,,,,,,,-22,-19,PASS
,,,DIE,,,,,,,,,,,,,,,,,,,,,,-22,-27,PASS
,,,DIE,,,,,,,,,,,,,,,,,,,,,,-22,-28,PASS
,,,DIE,,,,,,,,,,,,,,,,,,,,,,-22,-36,PASS
,,,DIE,,,,,,,,,,,,,,,,,,,,,,-22,-37,FAIL
,,,DIE,,,,,,,,,,,,,,,,,,,,,,-22,-45,PASS
,,,DIE,,,,,,,,,,,,,,,,,,,,,,-22,-46,PASS
,,,DIE,,,,,,,,,,,,,,,,,,,,,,-22,-54,PASS
,,,DIE,,,,,,,,,,,,,,,,,,,,,,-22,-55,FAIL
,,,DIE,,,,,,,,,,,,,,,,,,,,,,-29,45,PASS
,,,DIE,,,,,,,,,,,,,,,,,,,,,,-29,44,PASS
,,,DIE,,,,,,,,,,,,,,,,,,,,,,-29,36,PASS
,,,DIE,,,,,,,,,,,,,,,,,,,,,,-29,35,PASS
,,,DIE,,,,,,,,,,,,,,,,,,,,,,-29,27,PASS
,,,DIE,,,,,,,,,,,,,,,,,,,,,,-29,26,PASS
,,,DIE,,,,,,,,,,,,,,,,,,,,,,-29,18,PASS
,,,DIE,,,,,,,,,,,,,,,,,,,,,,-29,17,PASS
,,,DIE,,,,,,,,,,,,,,,,,,,,,,-29,9,PASS
,,,DIE,,,,,,,,,,,,,,,,,,,,,,-29,8,PASS
,,,DIE,,,,,,,,,,,,,,,,,,,,,,-29,0,PASS
,,,DIE,,,,,,,,,,,,,,,,,,,,,,-29,-1,PASS
,,,DIE,,,,,,,,,,,,,,,,,,,,,,-29,-9,PASS
,,,DIE,,,,,,,,,,,,,,,,,,,,,,-29,-10,PASS
,,,DIE,,,,,,,,,,,,,,,,,,,,,,-29,-18,PASS
,,,DIE,,,,,,,,,,,,,,,,,,,,,,-29,-19,PASS
,,,DIE,,,,,,,,,,,,,,,,,,,,,,-29,-27,PASS
,,,DIE,,,,,,,,,,,,,,,,,,,,,,-29,-28,PASS
,,,DIE,,,,,,,,,,,,,,,,,,,,,,-29,-36,PASS
,,,DIE,,,,,,,,,,,,,,,,,,,,,,-29,-37,FAIL
,,,DIE,,,,,,,,,,,,,,,,,,,,,,-29,-45,PASS
,,,DIE,,,,,,,,,,,,,,,,,,,,,,-29,-46,PASS
,,,DIE,,,,,,,,,,,,,,,,,,,,,,-36,45,PASS
,,,DIE,,,,,,,,,,,,,,,,,,,,,,-36,44,FAIL
,,,DIE,,,,,,,,,,,,,,,,,,,,,,-36,36,PASS
,,,DIE,,,,,,,,,,,,,,,,,,,,,,-36,35,PASS
,,,DIE,,,,,,,,,,,,,,,,,,,,,,-36,27,PASS
,,,DIE,,,,,,,,,,,,,,,,,,,,,,-36,26,PASS
,,,DIE,,,,,,,,,,,,,,,,,,,,,,-36,18,PASS
,,,DIE,,,,,,,,,,,,,,,,,,,,,,-36,17,PASS
,,,DIE,,,,,,,,,,,,,,,,,,,,,,-36,9,PASS
,,,DIE,,,,,,,,,,,,,,,,,,,,,,-36,8,PASS
,,,DIE,,,,,,,,,,,,,,,,,,,,,,-36,0,PASS
,,,DIE,,,,,,,,,,,,,,,,,,,,,,-36,-1,PASS
,,,DIE,,,,,,,,,,,,,,,,,,,,,,-36,-9,PASS
,,,DIE,,,,,,,,,,,,,,,,,,,,,,-36,-10,PASS
,,,DIE,,,,,,,,,,,,,,,,,,,,,,-36,-18,PASS
,,,DIE,,,,,,,,,,,,,,,,,,,,,,-36,-19,PASS
,,,DIE,,,,,,,,,,,,,,,,,,,,,,-36,-27,PASS
,,,DIE,,,,,,,,,,,,,,,,,,,,,,-36,-28,PASS
,,,DIE,,,,,,,,,,,,,,,,,,,,,,-36,-36,PASS
,,,DIE,,,,,,,,,,,,,,,,,,,,,,-36,-37,PASS
,,,DIE,,,,,,,,,,,,,,,,,,,,,,-36,-45,PASS
,,,DIE,,,,,,,,,,,,,,,,,,,,,,-36,-46,PASS
,,,DIE,,,,,,,,,,,,,,,,,,,,,,-43,36,PASS
,,,DIE,,,,,,,,,,,,,,,,,,,,,,-43,35,PASS
,,,DIE,,,,,,,,,,,,,,,,,,,,,,-43,27,PASS
,,,DIE,,,,,,,,,,,,,,,,,,,,,,-43,26,PASS
,,,DIE,,,,,,,,,,,,,,,,,,,,,,-43,18,PASS
,,,DIE,,,,,,,,,,,,,,,,,,,,,,-43,17,PASS
,,,DIE,,,,,,,,,,,,,,,,,,,,,,-43,9,PASS
,,,DIE,,,,,,,,,,,,,,,,,,,,,,-43,8,PASS
,,,DIE,,,,,,,,,,,,,,,,,,,,,,-43,0,PASS
,,,DIE,,,,,,,,,,,,,,,,,,,,,,-43,-1,PASS
,,,DIE,,,,,,,,,,,,,,,,,,,,,,-43,-9,PASS
,,,DIE,,,,,,,,,,,,,,,,,,,,,,-43,-10,PASS
,,,DIE,,,,,,,,,,,,,,,,,,,,,,-43,-18,PASS
,,,DIE,,,,,,,,,,,,,,,,,,,,,,-43,-19,PASS
,,,DIE,,,,,,,,,,,,,,,,,,,,,,-43,-27,PASS
,,,DIE,,,,,,,,,,,,,,,,,,,,,,-43,-28,PASS
,,,DIE,,,,,,,,,,,,,,,,,,,,,,-43,-36,PASS
,,,DIE,,,,,,,,,,,,,,,,,,,,,,-43,-37,PASS
,,,DIE,,,,,,,,,,,,,,,,,,,,,,-50,27,PASS
,,,DIE,,,,,,,,,,,,,,,,,,,,,,-50,26,PASS
,,,DIE,,,,,,,,,,,,,,,,,,,,,,-50,18,PASS
,,,DIE,,,,,,,,,,,,,,,,,,,,,,-50,17,PASS
,,,DIE,,,,,,,,,,,,,,,,,,,,,,-50,9,PASS
,,,DIE,,,,,,,,,,,,,,,,,,,,,,-50,8,PASS
,,,DIE,,,,,,,,,,,,,,,,,,,,,,-50,0,PASS
,,,DIE,,,,,,,,,,,,,,,,,,,,,,-50,-1,PASS
,,,DIE,,,,,,,,,,,,,,,,,,,,,,-50,-9,PASS
,,,DIE,,,,,,,,,,,,,,,,,,,,,,-50,-10,PASS
,,,DIE,,,,,,,,,,,,,,,,,,,,,,-50,-18,PASS
,,,DIE,,,,,,,,,,,,,,,,,,,,,,-50,-19,PASS
,,,DIE,,,,,,,,,,,,,,,,,,,,,,-50,-27,PASS
,,,DIE,,,,,,,,,,,,,,,,,,,,,,-50,-28,PASS
,,,DIE,,,,,,,,,,,,,,,,,,,,,,-57,9,PASS
,,,DIE,,,,,,,,,,,,,,,,,,,,,,-57,8,PASS
,,,DIE,,,,,,,,,,,,,,,,,,,,,,-57,0,PASS
,,,DIE,,,,,,,,,,,,,,,,,,,,,,-57,-1,FAIL
,,,DIE,,,,,,,,,,,,,,,,,,,,,,-57,-9,PASS
,,,DIE,,,,,,,,,,,,,,,,,,,,,,-57,-10,PASS
