die,type,value,kind,system,ata_folder,map_source,probe_card,recipe,lot_id,wafer_id,total_dies,dies_tested,dies_passed,dies_failed,timestamp,step,mode,unit,die_id,switch,set_voltage,voltage,connection,instrument,row,col,status
,,,META,accretech,\\prober\M\ETL\proberautomation\CenfireATA,Accretech,COSETTE_CPW_W,CENFIRE-INLINE_probe08,Cenfire,whole,204,406,250,156,,,,,,,,,,,,,
1-7-7-1,current,0.00999989,RESULT,,,,COSETTE_CPW_W,CENFIRE-INLINE_probe08,,,,,,,2026-08-31 12:03:34,force1,apply,A,1-7-7-1,1,,0.1168291,2A11_4B11,SMU,69,9,
1-7-7-1,voltage,0.613614,RESULT,,,,COSETTE_CPW_W,CENFIRE-INLINE_probe08,,,,,,,2026-08-31 12:03:34,sense1,measure,ohm,1-7-7-1,1,,,2F12_2E01,DMM,69,9,
2-7-7-1,current,1.83686e-07,RESULT,,,,COSETTE_CPW_W,CENFIRE-INLINE_probe08,,,,,,,2026-08-31 12:03:34,force2,apply,A,2-7-7-1,2,,7.000516,2A11_4B11,SMU,69,8,
2-7-7-1,voltage,716.043,RESULT,,,,COSETTE_CPW_W,CENFIRE-INLINE_probe08,,,,,,,2026-08-31 12:03:34,sense2,measure,ohm,2-7-7-1,2,,,2F12_2E01,DMM,69,8,
1-7-8-1,current,0.00999989,RESULT,,,,COSETTE_CPW_W,CENFIRE-INLINE_probe08,,,,,,,2026-08-31 12:03:43,force1,apply,A,1-7-8-1,1,,0.2041371,2A11_4B11,SMU,69,0,
1-7-8-1,voltage,-0.0568749,RESULT,,,,COSETTE_CPW_W,CENFIRE-INLINE_probe08,,,,,,,2026-08-31 12:03:43,sense1,measure,ohm,1-7-8-1,1,,,2F12_2E01,DMM,69,0,
2-7-8-1,current,1.95562e-07,RESULT,,,,COSETTE_CPW_W,CENFIRE-INLINE_probe08,,,,,,,2026-08-31 12:03:43,force2,apply,A,2-7-8-1,2,,7.000504,2A11_4B11,SMU,69,-1,
2-7-8-1,voltage,-79.3428,RESULT,,,,COSETTE_CPW_W,CENFIRE-INLINE_probe08,,,,,,,2026-08-31 12:03:43,sense2,measure,ohm,2-7-8-1,2,,,2F12_2E01,DMM,69,-1,
1-7-9-1,current,0.00999988,RESULT,,,,COSETTE_CPW_W,CENFIRE-INLINE_probe08,,,,,,,2026-08-31 12:03:51,force1,apply,A,1-7-9-1,1,,0.2823525,2A11_4B11,SMU,69,-9,
1-7-9-1,voltage,1.00773,RESULT,,,,COSETTE_CPW_W,CENFIRE-INLINE_probe08,,,,,,,2026-08-31 12:03:51,sense1,measure,ohm,1-7-9-1,1,,,2F12_2E01,DMM,69,-9,
2-7-9-1,current,2.11212e-07,RESULT,,,,COSETTE_CPW_W,CENFIRE-INLINE_probe08,,,,,,,2026-08-31 12:03:51,force2,apply,A,2-7-9-1,2,,7.0005,2A11_4B11,SMU,69,-10,
2-7-9-1,voltage,440.703,RESULT,,,,COSETTE_CPW_W,CENFIRE-INLINE_probe08,,,,,,,2026-08-31 12:03:51,sense2,measure,ohm,2-7-9-1,2,,,2F12_2E01,DMM,69,-10,
1-7-5-2,current,0.00999988,RESULT,,,,COSETTE_CPW_W,CENFIRE-INLINE_probe08,,,,,,,2026-08-31 12:03:59,force1,apply,A,1-7-5-2,1,,0.3492278,2A11_4B11,SMU,62,27,
1-7-5-2,voltage,0.0549517,RESULT,,,,COSETTE_CPW_W,CENFIRE-INLINE_probe08,,,,,,,2026-08-31 12:03:59,sense1,measure,ohm,1-7-5-2,1,,,2F12_2E01,DMM,62,27,
2-7-5-2,current,1.45266e-05,RESULT,,,,COSETTE_CPW_W,CENFIRE-INLINE_probe08,,,,,,,2026-08-31 12:03:59,force2,apply,A,2-7-5-2,2,,7.00051,2A11_4B11,SMU,62,26,
2-7-5-2,voltage,-23.6417,RESULT,,,,COSETTE_CPW_W,CENFIRE-INLINE_probe08,,,,,,,2026-08-31 12:03:59,sense2,measure,ohm,2-7-5-2,2,,,2F12_2E01,DMM,62,26,
1-7-6-2,current,0.00999988,RESULT,,,,COSETTE_CPW_W,CENFIRE-INLINE_probe08,,,,,,,2026-08-31 12:04:08,force1,apply,A,1-7-6-2,1,,0.2212851,2A11_4B11,SMU,62,18,
1-7-6-2,voltage,0.0551839,RESULT,,,,COSETTE_CPW_W,CENFIRE-INLINE_probe08,,,,,,,2026-08-31 12:04:08,sense1,measure,ohm,1-7-6-2,1,,,2F12_2E01,DMM,62,18,
2-7-6-2,current,0.00290064,RESULT,,,,COSETTE_CPW_W,CENFIRE-INLINE_probe08,,,,,,,2026-08-31 12:04:08,force2,apply,A,2-7-6-2,2,,7.0005,2A11_4B11,SMU,62,17,
2-7-6-2,voltage,1.36719,RESULT,,,,COSETTE_CPW_W,CENFIRE-INLINE_probe08,,,,,,,2026-08-31 12:04:08,sense2,measure,ohm,2-7-6-2,2,,,2F12_2E01,DMM,62,17,
1-7-7-2,current,0.00999988,RESULT,,,,COSETTE_CPW_W,CENFIRE-INLINE_probe08,,,,,,,2026-08-31 12:04:16,force1,apply,A,1-7-7-2,1,,0.08750761,2A11_4B11,SMU,62,9,
1-7-7-2,voltage,0.0353895,RESULT,,,,COSETTE_CPW_W,CENFIRE-INLINE_probe08,,,,,,,2026-08-31 12:04:16,sense1,measure,ohm,1-7-7-2,1,,,2F12_2E01,DMM,62,9,
2-7-7-2,current,1.02e-05,RESULT,,,,COSETTE_CPW_W,CENFIRE-INLINE_probe08,,,,,,,2026-08-31 12:04:16,force2,apply,A,2-7-7-2,2,,7.000492,2A11_4B11,SMU,62,8,
2-7-7-2,voltage,-93.4823,RESULT,,,,COSETTE_CPW_W,CENFIRE-INLINE_probe08,,,,,,,2026-08-31 12:04:16,sense2,measure,ohm,2-7-7-2,2,,,2F12_2E01,DMM,62,8,
1-7-8-2,current,0.00999988,RESULT,,,,COSETTE_CPW_W,CENFIRE-INLINE_probe08,,,,,,,2026-08-31 12:04:24,force1,apply,A,1-7-8-2,1,,0.08273358,2A11_4B11,SMU,62,0,
1-7-8-2,voltage,0.0451709,RESULT,,,,COSETTE_CPW_W,CENFIRE-INLINE_probe08,,,,,,,2026-08-31 12:04:24,sense1,measure,ohm,1-7-8-2,1,,,2F12_2E01,DMM,62,0,
2-7-8-2,current,0.00999994,RESULT,,,,COSETTE_CPW_W,CENFIRE-INLINE_probe08,,,,,,,2026-08-31 12:04:24,force2,apply,A,2-7-8-2,2,,3.964947,2A11_4B11,SMU,62,-1,
2-7-8-2,voltage,151.818,RESULT,,,,COSETTE_CPW_W,CENFIRE-INLINE_probe08,,,,,,,2026-08-31 12:04:24,sense2,measure,ohm,2-7-8-2,2,,,2F12_2E01,DMM,62,-1,
1-7-9-2,current,0.00999987,RESULT,,,,COSETTE_CPW_W,CENFIRE-INLINE_probe08,,,,,,,2026-08-31 12:04:32,force1,apply,A,1-7-9-2,1,,0.09005678,2A11_4B11,SMU,62,-9,
1-7-9-2,voltage,0.609784,RESULT,,,,COSETTE_CPW_W,CENFIRE-INLINE_probe08,,,,,,,2026-08-31 12:04:32,sense1,measure,ohm,1-7-9-2,1,,,2F12_2E01,DMM,62,-9,
2-7-9-2,current,1.45922e-05,RESULT,,,,COSETTE_CPW_W,CENFIRE-INLINE_probe08,,,,,,,2026-08-31 12:04:32,force2,apply,A,2-7-9-2,2,,7.000506,2A11_4B11,SMU,62,-10,
2-7-9-2,voltage,570.642,RESULT,,,,COSETTE_CPW_W,CENFIRE-INLINE_probe08,,,,,,,2026-08-31 12:04:32,sense2,measure,ohm,2-7-9-2,2,,,2F12_2E01,DMM,62,-10,
1-7-10-2,current,0.00999988,RESULT,,,,COSETTE_CPW_W,CENFIRE-INLINE_probe08,,,,,,,2026-08-31 12:04:40,force1,apply,A,1-7-10-2,1,,0.06114033,2A11_4B11,SMU,62,-18,
1-7-10-2,voltage,0.618426,RESULT,,,,COSETTE_CPW_W,CENFIRE-INLINE_probe08,,,,,,,2026-08-31 12:04:40,sense1,measure,ohm,1-7-10-2,1,,,2F12_2E01,DMM,62,-18,
2-7-10-2,current,0.00999994,RESULT,,,,COSETTE_CPW_W,CENFIRE-INLINE_probe08,,,,,,,2026-08-31 12:04:40,force2,apply,A,2-7-10-2,2,,3.401581,2A11_4B11,SMU,62,-19,
2-7-10-2,voltage,154.209,RESULT,,,,COSETTE_CPW_W,CENFIRE-INLINE_probe08,,,,,,,2026-08-31 12:04:40,sense2,measure,ohm,2-7-10-2,2,,,2F12_2E01,DMM,62,-19,
1-7-11-2,current,0.00999988,RESULT,,,,COSETTE_CPW_W,CENFIRE-INLINE_probe08,,,,,,,2026-08-31 12:04:49,force1,apply,A,1-7-11-2,1,,0.2246382,2A11_4B11,SMU,62,-27,
1-7-11-2,voltage,0.619695,RESULT,,,,COSETTE_CPW_W,CENFIRE-INLINE_probe08,,,,,,,2026-08-31 12:04:49,sense1,measure,ohm,1-7-11-2,1,,,2F12_2E01,DMM,62,-27,
2-7-11-2,current,1.96022e-07,RESULT,,,,COSETTE_CPW_W,CENFIRE-INLINE_probe08,,,,,,,2026-08-31 12:04:49,force2,apply,A,2-7-11-2,2,,7.0005,2A11_4B11,SMU,62,-28,
2-7-11-2,voltage,486.528,RESULT,,,,COSETTE_CPW_W,CENFIRE-INLINE_probe08,,,,,,,2026-08-31 12:04:49,sense2,measure,ohm,2-7-11-2,2,,,2F12_2E01,DMM,62,-28,
1-7-4-3,current,0.00999989,RESULT,,,,COSETTE_CPW_W,CENFIRE-INLINE_probe08,,,,,,,2026-08-31 12:04:57,force1,apply,A,1-7-4-3,1,,0.08426286,2A11_4B11,SMU,55,36,
1-7-4-3,voltage,0.519705,RESULT,,,,COSETTE_CPW_W,CENFIRE-INLINE_probe08,,,,,,,2026-08-31 12:04:57,sense1,measure,ohm,1-7-4-3,1,,,2F12_2E01,DMM,55,36,
2-7-4-3,current,1.25847e-05,RESULT,,,,COSETTE_CPW_W,CENFIRE-INLINE_probe08,,,,,,,2026-08-31 12:04:57,force2,apply,A,2-7-4-3,2,,7.00052,2A11_4B11,SMU,55,35,
2-7-4-3,voltage,345.376,RESULT,,,,COSETTE_CPW_W,CENFIRE-INLINE_probe08,,,,,,,2026-08-31 12:04:57,sense2,measure,ohm,2-7-4-3,2,,,2F12_2E01,DMM,55,35,
1-7-5-3,current,0.00999989,RESULT,,,,COSETTE_CPW_W,CENFIRE-INLINE_probe08,,,,,,,2026-08-31 12:05:05,force1,apply,A,1-7-5-3,1,,0.06737987,2A11_4B11,SMU,55,27,
1-7-5-3,voltage,0.598025,RESULT,,,,COSETTE_CPW_W,CENFIRE-INLINE_probe08,,,,,,,2026-08-31 12:05:05,sense1,measure,ohm,1-7-5-3,1,,,2F12_2E01,DMM,55,27,
2-7-5-3,current,1.41647e-05,RESULT,,,,COSETTE_CPW_W,CENFIRE-INLINE_probe08,,,,,,,2026-08-31 12:05:05,force2,apply,A,2-7-5-3,2,,7.000521,2A11_4B11,SMU,55,26,
2-7-5-3,voltage,220.628,RESULT,,,,COSETTE_CPW_W,CENFIRE-INLINE_probe08,,,,,,,2026-08-31 12:05:05,sense2,measure,ohm,2-7-5-3,2,,,2F12_2E01,DMM,55,26,
1-7-6-3,current,0.00999988,RESULT,,,,COSETTE_CPW_W,CENFIRE-INLINE_probe08,,,,,,,2026-08-31 12:05:14,force1,apply,A,1-7-6-3,1,,0.06532697,2A11_4B11,SMU,55,18,
1-7-6-3,voltage,0.591567,RESULT,,,,COSETTE_CPW_W,CENFIRE-INLINE_probe08,,,,,,,2026-08-31 12:05:14,sense1,measure,ohm,1-7-6-3,1,,,2F12_2E01,DMM,55,18,
2-7-6-3,current,9.23293e-06,RESULT,,,,COSETTE_CPW_W,CENFIRE-INLINE_probe08,,,,,,,2026-08-31 12:05:14,force2,apply,A,2-7-6-3,2,,7.00049,2A11_4B11,SMU,55,17,
2-7-6-3,voltage,451.258,RESULT,,,,COSETTE_CPW_W,CENFIRE-INLINE_probe08,,,,,,,2026-08-31 12:05:14,sense2,measure,ohm,2-7-6-3,2,,,2F12_2E01,DMM,55,17,
1-7-7-3,current,0.00999988,RESULT,,,,COSETTE_CPW_W,CENFIRE-INLINE_probe08,,,,,,,2026-08-31 12:05:22,force1,apply,A,1-7-7-3,1,,0.06960943,2A11_4B11,SMU,55,9,
1-7-7-3,voltage,0.590173,RESULT,,,,COSETTE_CPW_W,CENFIRE-INLINE_probe08,,,,,,,2026-08-31 12:05:22,sense1,measure,ohm,1-7-7-3,1,,,2F12_2E01,DMM,55,9,
2-7-7-3,current,0.00999994,RESULT,,,,COSETTE_CPW_W,CENFIRE-INLINE_probe08,,,,,,,2026-08-31 12:05:22,force2,apply,A,2-7-7-3,2,,3.896086,2A11_4B11,SMU,55,8,
2-7-7-3,voltage,148.667,RESULT,,,,COSETTE_CPW_W,CENFIRE-INLINE_probe08,,,,,,,2026-08-31 12:05:22,sense2,measure,ohm,2-7-7-3,2,,,2F12_2E01,DMM,55,8,
1-7-8-3,current,0.00999988,RESULT,,,,COSETTE_CPW_W,CENFIRE-INLINE_probe08,,,,,,,2026-08-31 12:05:30,force1,apply,A,1-7-8-3,1,,0.05674428,2A11_4B11,SMU,55,0,
1-7-8-3,voltage,0.592241,RESULT,,,,COSETTE_CPW_W,CENFIRE-INLINE_probe08,,,,,,,2026-08-31 12:05:30,sense1,measure,ohm,1-7-8-3,1,,,2F12_2E01,DMM,55,0,
2-7-8-3,current,0.00212281,RESULT,,,,COSETTE_CPW_W,CENFIRE-INLINE_probe08,,,,,,,2026-08-31 12:05:30,force2,apply,A,2-7-8-3,2,,7.0005,2A11_4B11,SMU,55,-1,
2-7-8-3,voltage,5.47507,RESULT,,,,COSETTE_CPW_W,CENFIRE-INLINE_probe08,,,,,,,2026-08-31 12:05:30,sense2,measure,ohm,2-7-8-3,2,,,2F12_2E01,DMM,55,-1,
1-7-9-3,current,0.00999988,RESULT,,,,COSETTE_CPW_W,CENFIRE-INLINE_probe08,,,,,,,2026-08-31 12:05:38,force1,apply,A,1-7-9-3,1,,0.06369811,2A11_4B11,SMU,55,-9,
1-7-9-3,voltage,0.596309,RESULT,,,,COSETTE_CPW_W,CENFIRE-INLINE_probe08,,,,,,,2026-08-31 12:05:38,sense1,measure,ohm,1-7-9-3,1,,,2F12_2E01,DMM,55,-9,
2-7-9-3,current,1.6475e-05,RESULT,,,,COSETTE_CPW_W,CENFIRE-INLINE_probe08,,,,,,,2026-08-31 12:05:38,force2,apply,A,2-7-9-3,2,,7.0005,2A11_4B11,SMU,55,-10,
2-7-9-3,voltage,718.727,RESULT,,,,COSETTE_CPW_W,CENFIRE-INLINE_probe08,,,,,,,2026-08-31 12:05:38,sense2,measure,ohm,2-7-9-3,2,,,2F12_2E01,DMM,55,-10,
1-7-10-3,current,0.00999988,RESULT,,,,COSETTE_CPW_W,CENFIRE-INLINE_probe08,,,,,,,2026-08-31 12:05:47,force1,apply,A,1-7-10-3,1,,0.05933127,2A11_4B11,SMU,55,-18,
1-7-10-3,voltage,0.605031,RESULT,,,,COSETTE_CPW_W,CENFIRE-INLINE_probe08,,,,,,,2026-08-31 12:05:47,sense1,measure,ohm,1-7-10-3,1,,,2F12_2E01,DMM,55,-18,
2-7-10-3,current,2.23214e-05,RESULT,,,,COSETTE_CPW_W,CENFIRE-INLINE_probe08,,,,,,,2026-08-31 12:05:47,force2,apply,A,2-7-10-3,2,,7.000504,2A11_4B11,SMU,55,-19,
2-7-10-3,voltage,484.864,RESULT,,,,COSETTE_CPW_W,CENFIRE-INLINE_probe08,,,,,,,2026-08-31 12:05:47,sense2,measure,ohm,2-7-10-3,2,,,2F12_2E01,DMM,55,-19,
1-7-11-3,current,0.00999988,RESULT,,,,COSETTE_CPW_W,CENFIRE-INLINE_probe08,,,,,,,2026-08-31 12:05:58,force1,apply,A,1-7-11-3,1,,0.07201,2A11_4B11,SMU,55,-27,
1-7-11-3,voltage,0.614009,RESULT,,,,COSETTE_CPW_W,CENFIRE-INLINE_probe08,,,,,,,2026-08-31 12:05:58,sense1,measure,ohm,1-7-11-3,1,,,2F12_2E01,DMM,55,-27,
2-7-11-3,current,0.00999994,RESULT,,,,COSETTE_CPW_W,CENFIRE-INLINE_probe08,,,,,,,2026-08-31 12:05:58,force2,apply,A,2-7-11-3,2,,3.428972,2A11_4B11,SMU,55,-28,
2-7-11-3,voltage,151.562,RESULT,,,,COSETTE_CPW_W,CENFIRE-INLINE_probe08,,,,,,,2026-08-31 12:05:58,sense2,measure,ohm,2-7-11-3,2,,,2F12_2E01,DMM,55,-28,
1-7-12-3,current,0.00999988,RESULT,,,,COSETTE_CPW_W,CENFIRE-INLINE_probe08,,,,,,,2026-08-31 12:06:09,force1,apply,A,1-7-12-3,1,,0.06988462,2A11_4B11,SMU,55,-36,
1-7-12-3,voltage,0.705668,RESULT,,,,COSETTE_CPW_W,CENFIRE-INLINE_probe08,,,,,,,2026-08-31 12:06:09,sense1,measure,ohm,1-7-12-3,1,,,2F12_2E01,DMM,55,-36,
2-7-12-3,current,1.93076e-07,RESULT,,,,COSETTE_CPW_W,CENFIRE-INLINE_probe08,,,,,,,2026-08-31 12:06:09,force2,apply,A,2-7-12-3,2,,7.000492,2A11_4B11,SMU,55,-37,
2-7-12-3,voltage,-825.839,RESULT,,,,COSETTE_CPW_W,CENFIRE-INLINE_probe08,,,,,,,2026-08-31 12:06:09,sense2,measure,ohm,2-7-12-3,2,,,2F12_2E01,DMM,55,-37,
1-7-3-4,current,0.00999988,RESULT,,,,COSETTE_CPW_W,CENFIRE-INLINE_probe08,,,,,,,2026-08-31 12:06:18,force1,apply,A,1-7-3-4,1,,0.05633362,2A11_4B11,SMU,48,45,
1-7-3-4,voltage,0.604756,RESULT,,,,COSETTE_CPW_W,CENFIRE-INLINE_probe08,,,,,,,2026-08-31 12:06:18,sense1,measure,ohm,1-7-3-4,1,,,2F12_2E01,DMM,48,45,
2-7-3-4,current,9.22943e-06,RESULT,,,,COSETTE_CPW_W,CENFIRE-INLINE_probe08,,,,,,,2026-08-31 12:06:18,force2,apply,A,2-7-3-4,2,,7.00049,2A11_4B11,SMU,48,44,
2-7-3-4,voltage,370.043,RESULT,,,,COSETTE_CPW_W,CENFIRE-INLINE_probe08,,,,,,,2026-08-31 12:06:18,sense2,measure,ohm,2-7-3-4,2,,,2F12_2E01,DMM,48,44,
1-7-4-4,current,0.00999988,RESULT,,,,COSETTE_CPW_W,CENFIRE-INLINE_probe08,,,,,,,2026-08-31 12:06:26,force1,apply,A,1-7-4-4,1,,0.05951934,2A11_4B11,SMU,48,36,
1-7-4-4,voltage,0.592561,RESULT,,,,COSETTE_CPW_W,CENFIRE-INLINE_probe08,,,,,,,2026-08-31 12:06:26,sense1,measure,ohm,1-7-4-4,1,,,2F12_2E01,DMM,48,36,
2-7-4-4,current,1.42024e-05,RESULT,,,,COSETTE_CPW_W,CENFIRE-INLINE_probe08,,,,,,,2026-08-31 12:06:26,force2,apply,A,2-7-4-4,2,,7.000494,2A11_4B11,SMU,48,35,
2-7-4-4,voltage,416.052,RESULT,,,,COSETTE_CPW_W,CENFIRE-INLINE_probe08,,,,,,,2026-08-31 12:06:26,sense2,measure,ohm,2-7-4-4,2,,,2F12_2E01,DMM,48,35,
1-7-5-4,current,0.00999988,RESULT,,,,COSETTE_CPW_W,CENFIRE-INLINE_probe08,,,,,,,2026-08-31 12:06:36,force1,apply,A,1-7-5-4,1,,0.04750281,2A11_4B11,SMU,48,27,
1-7-5-4,voltage,0.581172,RESULT,,,,COSETTE_CPW_W,CENFIRE-INLINE_probe08,,,,,,,2026-08-31 12:06:36,sense1,measure,ohm,1-7-5-4,1,,,2F12_2E01,DMM,48,27,
2-7-5-4,current,2.25434e-05,RESULT,,,,COSETTE_CPW_W,CENFIRE-INLINE_probe08,,,,,,,2026-08-31 12:06:36,force2,apply,A,2-7-5-4,2,,7.000494,2A11_4B11,SMU,48,26,
2-7-5-4,voltage,230.837,RESULT,,,,COSETTE_CPW_W,CENFIRE-INLINE_probe08,,,,,,,2026-08-31 12:06:36,sense2,measure,ohm,2-7-5-4,2,,,2F12_2E01,DMM,48,26,
1-7-6-4,current,0.00999988,RESULT,,,,COSETTE_CPW_W,CENFIRE-INLINE_probe08,,,,,,,2026-08-31 12:06:44,force1,apply,A,1-7-6-4,1,,0.05381693,2A11_4B11,SMU,48,18,
1-7-6-4,voltage,0.572597,RESULT,,,,COSETTE_CPW_W,CENFIRE-INLINE_probe08,,,,,,,2026-08-31 12:06:44,sense1,measure,ohm,1-7-6-4,1,,,2F12_2E01,DMM,48,18,
2-7-6-4,current,1.31017e-05,RESULT,,,,COSETTE_CPW_W,CENFIRE-INLINE_probe08,,,,,,,2026-08-31 12:06:44,force2,apply,A,2-7-6-4,2,,7.000519,2A11_4B11,SMU,48,17,
2-7-6-4,voltage,590.944,RESULT,,,,COSETTE_CPW_W,CENFIRE-INLINE_probe08,,,,,,,2026-08-31 12:06:44,sense2,measure,ohm,2-7-6-4,2,,,2F12_2E01,DMM,48,17,
1-7-7-4,current,0.00999988,RESULT,,,,COSETTE_CPW_W,CENFIRE-INLINE_probe08,,,,,,,2026-08-31 12:06:52,force1,apply,A,1-7-7-4,1,,0.04677699,2A11_4B11,SMU,48,9,
1-7-7-4,voltage,0.572136,RESULT,,,,COSETTE_CPW_W,CENFIRE-INLINE_probe08,,,,,,,2026-08-31 12:06:52,sense1,measure,ohm,1-7-7-4,1,,,2F12_2E01,DMM,48,9,
2-7-7-4,current,0.00631787,RESULT,,,,COSETTE_CPW_W,CENFIRE-INLINE_probe08,,,,,,,2026-08-31 12:06:52,force2,apply,A,2-7-7-4,2,,7.000509,2A11_4B11,SMU,48,8,
2-7-7-4,voltage,1.16223,RESULT,,,,COSETTE_CPW_W,CENFIRE-INLINE_probe08,,,,,,,2026-08-31 12:06:52,sense2,measure,ohm,2-7-7-4,2,,,2F12_2E01,DMM,48,8,
1-7-8-4,current,0.00999989,RESULT,,,,COSETTE_CPW_W,CENFIRE-INLINE_probe08,,,,,,,2026-08-31 12:07:01,force1,apply,A,1-7-8-4,1,,0.06106544,2A11_4B11,SMU,48,0,
1-7-8-4,voltage,0.574299,RESULT,,,,COSETTE_CPW_W,CENFIRE-INLINE_probe08,,,,,,,2026-08-31 12:07:01,sense1,measure,ohm,1-7-8-4,1,,,2F12_2E01,DMM,48,0,
2-7-8-4,current,0.00155121,RESULT,,,,COSETTE_CPW_W,CENFIRE-INLINE_probe08,,,,,,,2026-08-31 12:07:01,force2,apply,A,2-7-8-4,2,,7.000502,2A11_4B11,SMU,48,-1,
2-7-8-4,voltage,3.662,RESULT,,,,COSETTE_CPW_W,CENFIRE-INLINE_probe08,,,,,,,2026-08-31 12:07:01,sense2,measure,ohm,2-7-8-4,2,,,2F12_2E01,DMM,48,-1,
1-7-9-4,current,0.00999989,RESULT,,,,COSETTE_CPW_W,CENFIRE-INLINE_probe08,,,,,,,2026-08-31 12:07:09,force1,apply,A,1-7-9-4,1,,0.06965621,2A11_4B11,SMU,48,-9,
1-7-9-4,voltage,0.580438,RESULT,,,,COSETTE_CPW_W,CENFIRE-INLINE_probe08,,,,,,,2026-08-31 12:07:09,sense1,measure,ohm,1-7-9-4,1,,,2F12_2E01,DMM,48,-9,
2-7-9-4,current,0.00159672,RESULT,,,,COSETTE_CPW_W,CENFIRE-INLINE_probe08,,,,,,,2026-08-31 12:07:09,force2,apply,A,2-7-9-4,2,,7.000512,2A11_4B11,SMU,48,-10,
2-7-9-4,voltage,6.08122,RESULT,,,,COSETTE_CPW_W,CENFIRE-INLINE_probe08,,,,,,,2026-08-31 12:07:09,sense2,measure,ohm,2-7-9-4,2,,,2F12_2E01,DMM,48,-10,
1-7-10-4,current,0.00999988,RESULT,,,,COSETTE_CPW_W,CENFIRE-INLINE_probe08,,,,,,,2026-08-31 12:07:17,force1,apply,A,1-7-10-4,1,,0.06527695,2A11_4B11,SMU,48,-18,
1-7-10-4,voltage,0.587857,RESULT,,,,COSETTE_CPW_W,CENFIRE-INLINE_probe08,,,,,,,2026-08-31 12:07:17,sense1,measure,ohm,1-7-10-4,1,,,2F12_2E01,DMM,48,-18,
2-7-10-4,current,0.00286367,RESULT,,,,COSETTE_CPW_W,CENFIRE-INLINE_probe08,,,,,,,2026-08-31 12:07:17,force2,apply,A,2-7-10-4,2,,7.000506,2A11_4B11,SMU,48,-19,
2-7-10-4,voltage,2.39494,RESULT,,,,COSETTE_CPW_W,CENFIRE-INLINE_probe08,,,,,,,2026-08-31 12:07:17,sense2,measure,ohm,2-7-10-4,2,,,2F12_2E01,DMM,48,-19,
1-7-11-4,current,0.00999988,RESULT,,,,COSETTE_CPW_W,CENFIRE-INLINE_probe08,,,,,,,2026-08-31 12:07:26,force1,apply,A,1-7-11-4,1,,0.05942597,2A11_4B11,SMU,48,-27,
1-7-11-4,voltage,0.600404,RESULT,,,,COSETTE_CPW_W,CENFIRE-INLINE_probe08,,,,,,,2026-08-31 12:07:26,sense1,measure,ohm,1-7-11-4,1,,,2F12_2E01,DMM,48,-27,
2-7-11-4,current,9.27721e-06,RESULT,,,,COSETTE_CPW_W,CENFIRE-INLINE_probe08,,,,,,,2026-08-31 12:07:26,force2,apply,A,2-7-11-4,2,,7.000508,2A11_4B11,SMU,48,-28,
2-7-11-4,voltage,1645.99,RESULT,,,,COSETTE_CPW_W,CENFIRE-INLINE_probe08,,,,,,,2026-08-31 12:07:26,sense2,measure,ohm,2-7-11-4,2,,,2F12_2E01,DMM,48,-28,
1-7-12-4,current,0.00999989,RESULT,,,,COSETTE_CPW_W,CENFIRE-INLINE_probe08,,,,,,,2026-08-31 12:07:34,force1,apply,A,1-7-12-4,1,,0.16029,2A11_4B11,SMU,48,-36,
1-7-12-4,voltage,0.615943,RESULT,,,,COSETTE_CPW_W,CENFIRE-INLINE_probe08,,,,,,,2026-08-31 12:07:34,sense1,measure,ohm,1-7-12-4,1,,,2F12_2E01,DMM,48,-36,
2-7-12-4,current,0.00999854,RESULT,,,,COSETTE_CPW_W,CENFIRE-INLINE_probe08,,,,,,,2026-08-31 12:07:34,force2,apply,A,2-7-12-4,2,,3.828637,2A11_4B11,SMU,48,-37,
2-7-12-4,voltage,149.818,RESULT,,,,COSETTE_CPW_W,CENFIRE-INLINE_probe08,,,,,,,2026-08-31 12:07:34,sense2,measure,ohm,2-7-12-4,2,,,2F12_2E01,DMM,48,-37,
1-7-13-4,current,0.00999989,RESULT,,,,COSETTE_CPW_W,CENFIRE-INLINE_probe08,,,,,,,2026-08-31 12:07:42,force1,apply,A,1-7-13-4,1,,0.1660237,2A11_4B11,SMU,48,-45,
1-7-13-4,voltage,1.27647,RESULT,,,,COSETTE_CPW_W,CENFIRE-INLINE_probe08,,,,,,,2026-08-31 12:07:42,sense1,measure,ohm,1-7-13-4,1,,,2F12_2E01,DMM,48,-45,
2-7-13-4,current,1.90728e-07,RESULT,,,,COSETTE_CPW_W,CENFIRE-INLINE_probe08,,,,,,,2026-08-31 12:07:42,force2,apply,A,2-7-13-4,2,,7.000509,2A11_4B11,SMU,48,-46,
2-7-13-4,voltage,-445684,RESULT,,,,COSETTE_CPW_W,CENFIRE-INLINE_probe08,,,,,,,2026-08-31 12:07:42,sense2,measure,ohm,2-7-13-4,2,,,2F12_2E01,DMM,48,-46,
1-7-3-5,current,0.00999989,RESULT,,,,COSETTE_CPW_W,CENFIRE-INLINE_probe08,,,,,,,2026-08-31 12:07:51,force1,apply,A,1-7-3-5,1,,0.05403081,2A11_4B11,SMU,41,45,
1-7-3-5,voltage,0.590789,RESULT,,,,COSETTE_CPW_W,CENFIRE-INLINE_probe08,,,,,,,2026-08-31 12:07:51,sense1,measure,ohm,1-7-3-5,1,,,2F12_2E01,DMM,41,45,
2-7-3-5,current,4.62621e-06,RESULT,,,,COSETTE_CPW_W,CENFIRE-INLINE_probe08,,,,,,,2026-08-31 12:07:51,force2,apply,A,2-7-3-5,2,,7.000502,2A11_4B11,SMU,41,44,
2-7-3-5,voltage,498.116,RESULT,,,,COSETTE_CPW_W,CENFIRE-INLINE_probe08,,,,,,,2026-08-31 12:07:51,sense2,measure,ohm,2-7-3-5,2,,,2F12_2E01,DMM,41,44,
1-7-4-5,current,0.00999988,RESULT,,,,COSETTE_CPW_W,CENFIRE-INLINE_probe08,,,,,,,2026-08-31 12:07:59,force1,apply,A,1-7-4-5,1,,0.05346747,2A11_4B11,SMU,41,36,
1-7-4-5,voltage,0.579308,RESULT,,,,COSETTE_CPW_W,CENFIRE-INLINE_probe08,,,,,,,2026-08-31 12:07:59,sense1,measure,ohm,1-7-4-5,1,,,2F12_2E01,DMM,41,36,
2-7-4-5,current,0.00999994,RESULT,,,,COSETTE_CPW_W,CENFIRE-INLINE_probe08,,,,,,,2026-08-31 12:07:59,force2,apply,A,2-7-4-5,2,,3.746985,2A11_4B11,SMU,41,35,
2-7-4-5,voltage,0.90797,RESULT,,,,COSETTE_CPW_W,CENFIRE-INLINE_probe08,,,,,,,2026-08-31 12:07:59,sense2,measure,ohm,2-7-4-5,2,,,2F12_2E01,DMM,41,35,
1-7-5-5,current,0.00999988,RESULT,,,,COSETTE_CPW_W,CENFIRE-INLINE_probe08,,,,,,,2026-08-31 12:08:07,force1,apply,A,1-7-5-5,1,,0.0509302,2A11_4B11,SMU,41,27,
1-7-5-5,voltage,0.567542,RESULT,,,,COSETTE_CPW_W,CENFIRE-INLINE_probe08,,,,,,,2026-08-31 12:08:07,sense1,measure,ohm,1-7-5-5,1,,,2F12_2E01,DMM,41,27,
2-7-5-5,current,0.00999992,RESULT,,,,COSETTE_CPW_W,CENFIRE-INLINE_probe08,,,,,,,2026-08-31 12:08:07,force2,apply,A,2-7-5-5,2,,7.000507,2A11_4B11,SMU,41,26,
2-7-5-5,voltage,0.843762,RESULT,,,,COSETTE_CPW_W,CENFIRE-INLINE_probe08,,,,,,,2026-08-31 12:08:07,sense2,measure,ohm,2-7-5-5,2,,,2F12_2E01,DMM,41,26,
1-7-6-5,current,0.00999988,RESULT,,,,COSETTE_CPW_W,CENFIRE-INLINE_probe08,,,,,,,2026-08-31 12:08:16,force1,apply,A,1-7-6-5,1,,0.07089593,2A11_4B11,SMU,41,18,
1-7-6-5,voltage,0.559863,RESULT,,,,COSETTE_CPW_W,CENFIRE-INLINE_probe08,,,,,,,2026-08-31 12:08:16,sense1,measure,ohm,1-7-6-5,1,,,2F12_2E01,DMM,41,18,
2-7-6-5,current,0.00999992,RESULT,,,,COSETTE_CPW_W,CENFIRE-INLINE_probe08,,,,,,,2026-08-31 12:08:16,force2,apply,A,2-7-6-5,2,,7.000505,2A11_4B11,SMU,41,17,
2-7-6-5,voltage,0.956943,RESULT,,,,COSETTE_CPW_W,CENFIRE-INLINE_probe08,,,,,,,2026-08-31 12:08:16,sense2,measure,ohm,2-7-6-5,2,,,2F12_2E01,DMM,41,17,
1-7-7-5,current,0.00999988,RESULT,,,,COSETTE_CPW_W,CENFIRE-INLINE_probe08,,,,,,,2026-08-31 12:08:24,force1,apply,A,1-7-7-5,1,,0.05541754,2A11_4B11,SMU,41,9,
1-7-7-5,voltage,0.558699,RESULT,,,,COSETTE_CPW_W,CENFIRE-INLINE_probe08,,,,,,,2026-08-31 12:08:24,sense1,measure,ohm,1-7-7-5,1,,,2F12_2E01,DMM,41,9,
2-7-7-5,current,0.00281374,RESULT,,,,COSETTE_CPW_W,CENFIRE-INLINE_probe08,,,,,,,2026-08-31 12:08:24,force2,apply,A,2-7-7-5,2,,7.000504,2A11_4B11,SMU,41,8,
2-7-7-5,voltage,3.44128,RESULT,,,,COSETTE_CPW_W,CENFIRE-INLINE_probe08,,,,,,,2026-08-31 12:08:24,sense2,measure,ohm,2-7-7-5,2,,,2F12_2E01,DMM,41,8,
1-7-8-5,current,0.00999988,RESULT,,,,COSETTE_CPW_W,CENFIRE-INLINE_probe08,,,,,,,2026-08-31 12:08:32,force1,apply,A,1-7-8-5,1,,0.1220752,2A11_4B11,SMU,41,0,
1-7-8-5,voltage,0.558538,RESULT,,,,COSETTE_CPW_W,CENFIRE-INLINE_probe08,,,,,,,2026-08-31 12:08:32,sense1,measure,ohm,1-7-8-5,1,,,2F12_2E01,DMM,41,0,
2-7-8-5,current,0.00999992,RESULT,,,,COSETTE_CPW_W,CENFIRE-INLINE_probe08,,,,,,,2026-08-31 12:08:32,force2,apply,A,2-7-8-5,2,,7.00049,2A11_4B11,SMU,41,-1,
2-7-8-5,voltage,1.28153,RESULT,,,,COSETTE_CPW_W,CENFIRE-INLINE_probe08,,,,,,,2026-08-31 12:08:32,sense2,measure,ohm,2-7-8-5,2,,,2F12_2E01,DMM,41,-1,
1-7-9-5,current,0.00999988,RESULT,,,,COSETTE_CPW_W,CENFIRE-INLINE_probe08,,,,,,,2026-08-31 12:08:41,force1,apply,A,1-7-9-5,1,,0.10113,2A11_4B11,SMU,41,-9,
1-7-9-5,voltage,0.568391,RESULT,,,,COSETTE_CPW_W,CENFIRE-INLINE_probe08,,,,,,,2026-08-31 12:08:41,sense1,measure,ohm,1-7-9-5,1,,,2F12_2E01,DMM,41,-9,
2-7-9-5,current,0.00999993,RESULT,,,,COSETTE_CPW_W,CENFIRE-INLINE_probe08,,,,,,,2026-08-31 12:08:41,force2,apply,A,2-7-9-5,2,,7.000502,2A11_4B11,SMU,41,-10,
2-7-9-5,voltage,1.02865,RESULT,,,,COSETTE_CPW_W,CENFIRE-INLINE_probe08,,,,,,,2026-08-31 12:08:41,sense2,measure,ohm,2-7-9-5,2,,,2F12_2E01,DMM,41,-10,
1-7-10-5,current,0.00999988,RESULT,,,,COSETTE_CPW_W,CENFIRE-INLINE_probe08,,,,,,,2026-08-31 12:08:49,force1,apply,A,1-7-10-5,1,,0.06185982,2A11_4B11,SMU,41,-18,
1-7-10-5,voltage,0.572153,RESULT,,,,COSETTE_CPW_W,CENFIRE-INLINE_probe08,,,,,,,2026-08-31 12:08:49,sense1,measure,ohm,1-7-10-5,1,,,2F12_2E01,DMM,41,-18,
2-7-10-5,current,0.00999993,RESULT,,,,COSETTE_CPW_W,CENFIRE-INLINE_probe08,,,,,,,2026-08-31 12:08:49,force2,apply,A,2-7-10-5,2,,7.000508,2A11_4B11,SMU,41,-19,
2-7-10-5,voltage,1.06254,RESULT,,,,COSETTE_CPW_W,CENFIRE-INLINE_probe08,,,,,,,2026-08-31 12:08:49,sense2,measure,ohm,2-7-10-5,2,,,2F12_2E01,DMM,41,-19,
1-7-11-5,current,0.00999988,RESULT,,,,COSETTE_CPW_W,CENFIRE-INLINE_probe08,,,,,,,2026-08-31 12:08:57,force1,apply,A,1-7-11-5,1,,0.112205,2A11_4B11,SMU,41,-27,
1-7-11-5,voltage,0.586639,RESULT,,,,COSETTE_CPW_W,CENFIRE-INLINE_probe08,,,,,,,2026-08-31 12:08:57,sense1,measure,ohm,1-7-11-5,1,,,2F12_2E01,DMM,41,-27,
2-7-11-5,current,0.00999993,RESULT,,,,COSETTE_CPW_W,CENFIRE-INLINE_probe08,,,,,,,2026-08-31 12:08:57,force2,apply,A,2-7-11-5,2,,3.417983,2A11_4B11,SMU,41,-28,
2-7-11-5,voltage,145.069,RESULT,,,,COSETTE_CPW_W,CENFIRE-INLINE_probe08,,,,,,,2026-08-31 12:08:57,sense2,measure,ohm,2-7-11-5,2,,,2F12_2E01,DMM,41,-28,
1-7-12-5,current,0.00999989,RESULT,,,,COSETTE_CPW_W,CENFIRE-INLINE_probe08,,,,,,,2026-08-31 12:09:05,force1,apply,A,1-7-12-5,1,,0.1276944,2A11_4B11,SMU,41,-36,
1-7-12-5,voltage,0.60285,RESULT,,,,COSETTE_CPW_W,CENFIRE-INLINE_probe08,,,,,,,2026-08-31 12:09:05,sense1,measure,ohm,1-7-12-5,1,,,2F12_2E01,DMM,41,-36,
2-7-12-5,current,0.00999994,RESULT,,,,COSETTE_CPW_W,CENFIRE-INLINE_probe08,,,,,,,2026-08-31 12:09:05,force2,apply,A,2-7-12-5,2,,4.008157,2A11_4B11,SMU,41,-37,
2-7-12-5,voltage,147.186,RESULT,,,,COSETTE_CPW_W,CENFIRE-INLINE_probe08,,,,,,,2026-08-31 12:09:05,sense2,measure,ohm,2-7-12-5,2,,,2F12_2E01,DMM,41,-37,
1-7-13-5,current,0.00999989,RESULT,,,,COSETTE_CPW_W,CENFIRE-INLINE_probe08,,,,,,,2026-08-31 12:09:14,force1,apply,A,1-7-13-5,1,,0.09302694,2A11_4B11,SMU,41,-45,
1-7-13-5,voltage,0.613905,RESULT,,,,COSETTE_CPW_W,CENFIRE-INLINE_probe08,,,,,,,2026-08-31 12:09:14,sense1,measure,ohm,1-7-13-5,1,,,2F12_2E01,DMM,41,-45,
2-7-13-5,current,0.00999994,RESULT,,,,COSETTE_CPW_W,CENFIRE-INLINE_probe08,,,,,,,2026-08-31 12:09:14,force2,apply,A,2-7-13-5,2,,3.520113,2A11_4B11,SMU,41,-46,
2-7-13-5,voltage,149.081,RESULT,,,,COSETTE_CPW_W,CENFIRE-INLINE_probe08,,,,,,,2026-08-31 12:09:14,sense2,measure,ohm,2-7-13-5,2,,,2F12_2E01,DMM,41,-46,
1-7-2-6,current,0.00999987,RESULT,,,,COSETTE_CPW_W,CENFIRE-INLINE_probe08,,,,,,,2026-08-31 12:09:22,force1,apply,A,1-7-2-6,1,,0.05933982,2A11_4B11,SMU,34,54,
1-7-2-6,voltage,0.593541,RESULT,,,,COSETTE_CPW_W,CENFIRE-INLINE_probe08,,,,,,,2026-08-31 12:09:22,sense1,measure,ohm,1-7-2-6,1,,,2F12_2E01,DMM,34,54,
2-7-2-6,current,0.00136172,RESULT,,,,COSETTE_CPW_W,CENFIRE-INLINE_probe08,,,,,,,2026-08-31 12:09:22,force2,apply,A,2-7-2-6,2,,7.0005,2A11_4B11,SMU,34,53,
2-7-2-6,voltage,5.19668,RESULT,,,,COSETTE_CPW_W,CENFIRE-INLINE_probe08,,,,,,,2026-08-31 12:09:22,sense2,measure,ohm,2-7-2-6,2,,,2F12_2E01,DMM,34,53,
1-7-3-6,current,0.00999988,RESULT,,,,COSETTE_CPW_W,CENFIRE-INLINE_probe08,,,,,,,2026-08-31 12:09:31,force1,apply,A,1-7-3-6,1,,0.06951419,2A11_4B11,SMU,34,45,
1-7-3-6,voltage,0.577098,RESULT,,,,COSETTE_CPW_W,CENFIRE-INLINE_probe08,,,,,,,2026-08-31 12:09:31,sense1,measure,ohm,1-7-3-6,1,,,2F12_2E01,DMM,34,45,
2-7-3-6,current,1.32081e-05,RESULT,,,,COSETTE_CPW_W,CENFIRE-INLINE_probe08,,,,,,,2026-08-31 12:09:31,force2,apply,A,2-7-3-6,2,,7.000485,2A11_4B11,SMU,34,44,
2-7-3-6,voltage,728.311,RESULT,,,,COSETTE_CPW_W,CENFIRE-INLINE_probe08,,,,,,,2026-08-31 12:09:31,sense2,measure,ohm,2-7-3-6,2,,,2F12_2E01,DMM,34,44,
1-7-4-6,current,0.00999988,RESULT,,,,COSETTE_CPW_W,CENFIRE-INLINE_probe08,,,,,,,2026-08-31 12:09:39,force1,apply,A,1-7-4-6,1,,0.05401929,2A11_4B11,SMU,34,36,
1-7-4-6,voltage,0.564358,RESULT,,,,COSETTE_CPW_W,CENFIRE-INLINE_probe08,,,,,,,2026-08-31 12:09:39,sense1,measure,ohm,1-7-4-6,1,,,2F12_2E01,DMM,34,36,
2-7-4-6,current,2.57248e-05,RESULT,,,,COSETTE_CPW_W,CENFIRE-INLINE_probe08,,,,,,,2026-08-31 12:09:39,force2,apply,A,2-7-4-6,2,,7.000506,2A11_4B11,SMU,34,35,
2-7-4-6,voltage,328.623,RESULT,,,,COSETTE_CPW_W,CENFIRE-INLINE_probe08,,,,,,,2026-08-31 12:09:39,sense2,measure,ohm,2-7-4-6,2,,,2F12_2E01,DMM,34,35,
1-7-5-6,current,0.00999988,RESULT,,,,COSETTE_CPW_W,CENFIRE-INLINE_probe08,,,,,,,2026-08-31 12:09:47,force1,apply,A,1-7-5-6,1,,0.0628754,2A11_4B11,SMU,34,27,
1-7-5-6,voltage,0.555076,RESULT,,,,COSETTE_CPW_W,CENFIRE-INLINE_probe08,,,,,,,2026-08-31 12:09:47,sense1,measure,ohm,1-7-5-6,1,,,2F12_2E01,DMM,34,27,
2-7-5-6,current,0.00999994,RESULT,,,,COSETTE_CPW_W,CENFIRE-INLINE_probe08,,,,,,,2026-08-31 12:09:47,force2,apply,A,2-7-5-6,2,,3.590911,2A11_4B11,SMU,34,26,
2-7-5-6,voltage,140.411,RESULT,,,,COSETTE_CPW_W,CENFIRE-INLINE_probe08,,,,,,,2026-08-31 12:09:47,sense2,measure,ohm,2-7-5-6,2,,,2F12_2E01,DMM,34,26,
1-7-6-6,current,0.00999987,RESULT,,,,COSETTE_CPW_W,CENFIRE-INLINE_probe08,,,,,,,2026-08-31 12:09:55,force1,apply,A,1-7-6-6,1,,0.05417868,2A11_4B11,SMU,34,18,
1-7-6-6,voltage,0.548332,RESULT,,,,COSETTE_CPW_W,CENFIRE-INLINE_probe08,,,,,,,2026-08-31 12:09:55,sense1,measure,ohm,1-7-6-6,1,,,2F12_2E01,DMM,34,18,
2-7-6-6,current,0.00702319,RESULT,,,,COSETTE_CPW_W,CENFIRE-INLINE_probe08,,,,,,,2026-08-31 12:09:55,force2,apply,A,2-7-6-6,2,,7.000509,2A11_4B11,SMU,34,17,
2-7-6-6,voltage,0.749554,RESULT,,,,COSETTE_CPW_W,CENFIRE-INLINE_probe08,,,,,,,2026-08-31 12:09:55,sense2,measure,ohm,2-7-6-6,2,,,2F12_2E01,DMM,34,17,
1-7-7-6,current,0.00999989,RESULT,,,,COSETTE_CPW_W,CENFIRE-INLINE_probe08,,,,,,,2026-08-31 12:10:04,force1,apply,A,1-7-7-6,1,,0.0540843,2A11_4B11,SMU,34,9,
1-7-7-6,voltage,0.545382,RESULT,,,,COSETTE_CPW_W,CENFIRE-INLINE_probe08,,,,,,,2026-08-31 12:10:04,sense1,measure,ohm,1-7-7-6,1,,,2F12_2E01,DMM,34,9,
2-7-7-6,current,0.00999993,RESULT,,,,COSETTE_CPW_W,CENFIRE-INLINE_probe08,,,,,,,2026-08-31 12:10:04,force2,apply,A,2-7-7-6,2,,7.000505,2A11_4B11,SMU,34,8,
2-7-7-6,voltage,1.59228,RESULT,,,,COSETTE_CPW_W,CENFIRE-INLINE_probe08,,,,,,,2026-08-31 12:10:04,sense2,measure,ohm,2-7-7-6,2,,,2F12_2E01,DMM,34,8,
1-7-8-6,current,0.00999988,RESULT,,,,COSETTE_CPW_W,CENFIRE-INLINE_probe08,,,,,,,2026-08-31 12:10:12,force1,apply,A,1-7-8-6,1,,0.05934846,2A11_4B11,SMU,34,0,
1-7-8-6,voltage,0.546817,RESULT,,,,COSETTE_CPW_W,CENFIRE-INLINE_probe08,,,,,,,2026-08-31 12:10:12,sense1,measure,ohm,1-7-8-6,1,,,2F12_2E01,DMM,34,0,
2-7-8-6,current,0.00999994,RESULT,,,,COSETTE_CPW_W,CENFIRE-INLINE_probe08,,,,,,,2026-08-31 12:10:12,force2,apply,A,2-7-8-6,2,,3.61785,2A11_4B11,SMU,34,-1,
2-7-8-6,voltage,0.19865,RESULT,,,,COSETTE_CPW_W,CENFIRE-INLINE_probe08,,,,,,,2026-08-31 12:10:12,sense2,measure,ohm,2-7-8-6,2,,,2F12_2E01,DMM,34,-1,
1-7-9-6,current,0.00999989,RESULT,,,,COSETTE_CPW_W,CENFIRE-INLINE_probe08,,,,,,,2026-08-31 12:10:20,force1,apply,A,1-7-9-6,1,,0.06240641,2A11_4B11,SMU,34,-9,
1-7-9-6,voltage,0.551833,RESULT,,,,COSETTE_CPW_W,CENFIRE-INLINE_probe08,,,,,,,2026-08-31 12:10:20,sense1,measure,ohm,1-7-9-6,1,,,2F12_2E01,DMM,34,-9,
2-7-9-6,current,0.00999994,RESULT,,,,COSETTE_CPW_W,CENFIRE-INLINE_probe08,,,,,,,2026-08-31 12:10:20,force2,apply,A,2-7-9-6,2,,3.654101,2A11_4B11,SMU,34,-10,
2-7-9-6,voltage,0.696462,RESULT,,,,COSETTE_CPW_W,CENFIRE-INLINE_probe08,,,,,,,2026-08-31 12:10:20,sense2,measure,ohm,2-7-9-6,2,,,2F12_2E01,DMM,34,-10,
1-7-10-6,current,0.00999988,RESULT,,,,COSETTE_CPW_W,CENFIRE-INLINE_probe08,,,,,,,2026-08-31 12:10:29,force1,apply,A,1-7-10-6,1,,0.05766483,2A11_4B11,SMU,34,-18,
1-7-10-6,voltage,0.559854,RESULT,,,,COSETTE_CPW_W,CENFIRE-INLINE_probe08,,,,,,,2026-08-31 12:10:29,sense1,measure,ohm,1-7-10-6,1,,,2F12_2E01,DMM,34,-18,
2-7-10-6,current,0.00999994,RESULT,,,,COSETTE_CPW_W,CENFIRE-INLINE_probe08,,,,,,,2026-08-31 12:10:29,force2,apply,A,2-7-10-6,2,,3.556408,2A11_4B11,SMU,34,-19,
2-7-10-6,voltage,140.14,RESULT,,,,COSETTE_CPW_W,CENFIRE-INLINE_probe08,,,,,,,2026-08-31 12:10:29,sense2,measure,ohm,2-7-10-6,2,,,2F12_2E01,DMM,34,-19,
1-7-11-6,current,0.00999988,RESULT,,,,COSETTE_CPW_W,CENFIRE-INLINE_probe08,,,,,,,2026-08-31 12:10:37,force1,apply,A,1-7-11-6,1,,0.06929703,2A11_4B11,SMU,34,-27,
1-7-11-6,voltage,0.573395,RESULT,,,,COSETTE_CPW_W,CENFIRE-INLINE_probe08,,,,,,,2026-08-31 12:10:37,sense1,measure,ohm,1-7-11-6,1,,,2F12_2E01,DMM,34,-27,
2-7-11-6,current,0.00999994,RESULT,,,,COSETTE_CPW_W,CENFIRE-INLINE_probe08,,,,,,,2026-08-31 12:10:37,force2,apply,A,2-7-11-6,2,,3.498168,2A11_4B11,SMU,34,-28,
2-7-11-6,voltage,142.163,RESULT,,,,COSETTE_CPW_W,CENFIRE-INLINE_probe08,,,,,,,2026-08-31 12:10:37,sense2,measure,ohm,2-7-11-6,2,,,2F12_2E01,DMM,34,-28,
1-7-12-6,current,0.00999988,RESULT,,,,COSETTE_CPW_W,CENFIRE-INLINE_probe08,,,,,,,2026-08-31 12:10:45,force1,apply,A,1-7-12-6,1,,0.06931178,2A11_4B11,SMU,34,-36,
1-7-12-6,voltage,0.591533,RESULT,,,,COSETTE_CPW_W,CENFIRE-INLINE_probe08,,,,,,,2026-08-31 12:10:45,sense1,measure,ohm,1-7-12-6,1,,,2F12_2E01,DMM,34,-36,
2-7-12-6,current,1.151e-05,RESULT,,,,COSETTE_CPW_W,CENFIRE-INLINE_probe08,,,,,,,2026-08-31 12:10:45,force2,apply,A,2-7-12-6,2,,7.00051,2A11_4B11,SMU,34,-37,
2-7-12-6,voltage,1815.5,RESULT,,,,COSETTE_CPW_W,CENFIRE-INLINE_probe08,,,,,,,2026-08-31 12:10:45,sense2,measure,ohm,2-7-12-6,2,,,2F12_2E01,DMM,34,-37,
1-7-13-6,current,0.00999988,RESULT,,,,COSETTE_CPW_W,CENFIRE-INLINE_probe08,,,,,,,2026-08-31 12:10:53,force1,apply,A,1-7-13-6,1,,0.09171416,2A11_4B11,SMU,34,-45,
1-7-13-6,voltage,0.606239,RESULT,,,,COSETTE_CPW_W,CENFIRE-INLINE_probe08,,,,,,,2026-08-31 12:10:53,sense1,measure,ohm,1-7-13-6,1,,,2F12_2E01,DMM,34,-45,
2-7-13-6,current,0.00999994,RESULT,,,,COSETTE_CPW_W,CENFIRE-INLINE_probe08,,,,,,,2026-08-31 12:10:53,force2,apply,A,2-7-13-6,2,,4.254057,2A11_4B11,SMU,34,-46,
2-7-13-6,voltage,1.77785,RESULT,,,,COSETTE_CPW_W,CENFIRE-INLINE_probe08,,,,,,,2026-08-31 12:10:53,sense2,measure,ohm,2-7-13-6,2,,,2F12_2E01,DMM,34,-46,
1-7-14-6,current,0.00999988,RESULT,,,,COSETTE_CPW_W,CENFIRE-INLINE_probe08,,,,,,,2026-08-31 12:11:02,force1,apply,A,1-7-14-6,1,,0.08491307,2A11_4B11,SMU,34,-54,
1-7-14-6,voltage,0.622705,RESULT,,,,COSETTE_CPW_W,CENFIRE-INLINE_probe08,,,,,,,2026-08-31 12:11:02,sense1,measure,ohm,1-7-14-6,1,,,2F12_2E01,DMM,34,-54,
2-7-14-6,current,1.85849e-07,RESULT,,,,COSETTE_CPW_W,CENFIRE-INLINE_probe08,,,,,,,2026-08-31 12:11:02,force2,apply,A,2-7-14-6,2,,7.000496,2A11_4B11,SMU,34,-55,
2-7-14-6,voltage,864.58,RESULT,,,,COSETTE_CPW_W,CENFIRE-INLINE_probe08,,,,,,,2026-08-31 12:11:02,sense2,measure,ohm,2-7-14-6,2,,,2F12_2E01,DMM,34,-55,
1-7-2-7,current,0.00999988,RESULT,,,,COSETTE_CPW_W,CENFIRE-INLINE_probe08,,,,,,,2026-08-31 12:11:10,force1,apply,A,1-7-2-7,1,,0.05957719,2A11_4B11,SMU,27,54,
1-7-2-7,voltage,0.585638,RESULT,,,,COSETTE_CPW_W,CENFIRE-INLINE_probe08,,,,,,,2026-08-31 12:11:10,sense1,measure,ohm,1-7-2-7,1,,,2F12_2E01,DMM,27,54,
2-7-2-7,current,1.51929e-05,RESULT,,,,COSETTE_CPW_W,CENFIRE-INLINE_probe08,,,,,,,2026-08-31 12:11:10,force2,apply,A,2-7-2-7,2,,7.000507,2A11_4B11,SMU,27,53,
2-7-2-7,voltage,453.443,RESULT,,,,COSETTE_CPW_W,CENFIRE-INLINE_probe08,,,,,,,2026-08-31 12:11:10,sense2,measure,ohm,2-7-2-7,2,,,2F12_2E01,DMM,27,53,
1-7-3-7,current,0.00999988,RESULT,,,,COSETTE_CPW_W,CENFIRE-INLINE_probe08,,,,,,,2026-08-31 12:11:19,force1,apply,A,1-7-3-7,1,,0.05564632,2A11_4B11,SMU,27,45,
1-7-3-7,voltage,0.567217,RESULT,,,,COSETTE_CPW_W,CENFIRE-INLINE_probe08,,,,,,,2026-08-31 12:11:19,sense1,measure,ohm,1-7-3-7,1,,,2F12_2E01,DMM,27,45,
2-7-3-7,current,0.00999994,RESULT,,,,COSETTE_CPW_W,CENFIRE-INLINE_probe08,,,,,,,2026-08-31 12:11:19,force2,apply,A,2-7-3-7,2,,7.000523,2A11_4B11,SMU,27,44,
2-7-3-7,voltage,0.405753,RESULT,,,,COSETTE_CPW_W,CENFIRE-INLINE_probe08,,,,,,,2026-08-31 12:11:19,sense2,measure,ohm,2-7-3-7,2,,,2F12_2E01,DMM,27,44,
1-7-4-7,current,0.00999988,RESULT,,,,COSETTE_CPW_W,CENFIRE-INLINE_probe08,,,,,,,2026-08-31 12:11:27,force1,apply,A,1-7-4-7,1,,0.06346445,2A11_4B11,SMU,27,36,
1-7-4-7,voltage,0.552597,RESULT,,,,COSETTE_CPW_W,CENFIRE-INLINE_probe08,,,,,,,2026-08-31 12:11:27,sense1,measure,ohm,1-7-4-7,1,,,2F12_2E01,DMM,27,36,
2-7-4-7,current,0.00999994,RESULT,,,,COSETTE_CPW_W,CENFIRE-INLINE_probe08,,,,,,,2026-08-31 12:11:27,force2,apply,A,2-7-4-7,2,,3.13705,2A11_4B11,SMU,27,35,
2-7-4-7,voltage,141.108,RESULT,,,,COSETTE_CPW_W,CENFIRE-INLINE_probe08,,,,,,,2026-08-31 12:11:27,sense2,measure,ohm,2-7-4-7,2,,,2F12_2E01,DMM,27,35,
1-7-5-7,current,0.00999988,RESULT,,,,COSETTE_CPW_W,CENFIRE-INLINE_probe08,,,,,,,2026-08-31 12:11:35,force1,apply,A,1-7-5-7,1,,0.0637062,2A11_4B11,SMU,27,27,
1-7-5-7,voltage,0.54376,RESULT,,,,COSETTE_CPW_W,CENFIRE-INLINE_probe08,,,,,,,2026-08-31 12:11:35,sense1,measure,ohm,1-7-5-7,1,,,2F12_2E01,DMM,27,27,
2-7-5-7,current,0.00999993,RESULT,,,,COSETTE_CPW_W,CENFIRE-INLINE_probe08,,,,,,,2026-08-31 12:11:35,force2,apply,A,2-7-5-7,2,,7.000525,2A11_4B11,SMU,27,26,
2-7-5-7,voltage,0.698843,RESULT,,,,COSETTE_CPW_W,CENFIRE-INLINE_probe08,,,,,,,2026-08-31 12:11:35,sense2,measure,ohm,2-7-5-7,2,,,2F12_2E01,DMM,27,26,
1-7-6-7,current,0.00999988,RESULT,,,,COSETTE_CPW_W,CENFIRE-INLINE_probe08,,,,,,,2026-08-31 12:11:43,force1,apply,A,1-7-6-7,1,,0.04937135,2A11_4B11,SMU,27,18,
1-7-6-7,voltage,0.540102,RESULT,,,,COSETTE_CPW_W,CENFIRE-INLINE_probe08,,,,,,,2026-08-31 12:11:43,sense1,measure,ohm,1-7-6-7,1,,,2F12_2E01,DMM,27,18,
2-7-6-7,current,0.00999993,RESULT,,,,COSETTE_CPW_W,CENFIRE-INLINE_probe08,,,,,,,2026-08-31 12:11:43,force2,apply,A,2-7-6-7,2,,7.000507,2A11_4B11,SMU,27,17,
2-7-6-7,voltage,1.38998,RESULT,,,,COSETTE_CPW_W,CENFIRE-INLINE_probe08,,,,,,,2026-08-31 12:11:43,sense2,measure,ohm,2-7-6-7,2,,,2F12_2E01,DMM,27,17,
1-7-7-7,current,0.00999988,RESULT,,,,COSETTE_CPW_W,CENFIRE-INLINE_probe08,,,,,,,2026-08-31 12:11:52,force1,apply,A,1-7-7-7,1,,0.06164488,2A11_4B11,SMU,27,9,
1-7-7-7,voltage,0.540493,RESULT,,,,COSETTE_CPW_W,CENFIRE-INLINE_probe08,,,,,,,2026-08-31 12:11:52,sense1,measure,ohm,1-7-7-7,1,,,2F12_2E01,DMM,27,9,
2-7-7-7,current,0.00999995,RESULT,,,,COSETTE_CPW_W,CENFIRE-INLINE_probe08,,,,,,,2026-08-31 12:11:52,force2,apply,A,2-7-7-7,2,,3.191133,2A11_4B11,SMU,27,8,
2-7-7-7,voltage,137.163,RESULT,,,,COSETTE_CPW_W,CENFIRE-INLINE_probe08,,,,,,,2026-08-31 12:11:52,sense2,measure,ohm,2-7-7-7,2,,,2F12_2E01,DMM,27,8,
1-7-8-7,current,0.00999988,RESULT,,,,COSETTE_CPW_W,CENFIRE-INLINE_probe08,,,,,,,2026-08-31 12:12:00,force1,apply,A,1-7-8-7,1,,0.06130825,2A11_4B11,SMU,27,0,
1-7-8-7,voltage,0.545085,RESULT,,,,COSETTE_CPW_W,CENFIRE-INLINE_probe08,,,,,,,2026-08-31 12:12:00,sense1,measure,ohm,1-7-8-7,1,,,2F12_2E01,DMM,27,0,
2-7-8-7,current,0.00999994,RESULT,,,,COSETTE_CPW_W,CENFIRE-INLINE_probe08,,,,,,,2026-08-31 12:12:00,force2,apply,A,2-7-8-7,2,,3.211383,2A11_4B11,SMU,27,-1,
2-7-8-7,voltage,137.175,RESULT,,,,COSETTE_CPW_W,CENFIRE-INLINE_probe08,,,,,,,2026-08-31 12:12:00,sense2,measure,ohm,2-7-8-7,2,,,2F12_2E01,DMM,27,-1,
1-7-9-7,current,0.00999988,RESULT,,,,COSETTE_CPW_W,CENFIRE-INLINE_probe08,,,,,,,2026-08-31 12:12:08,force1,apply,A,1-7-9-7,1,,0.05631132,2A11_4B11,SMU,27,-9,
1-7-9-7,voltage,0.545809,RESULT,,,,COSETTE_CPW_W,CENFIRE-INLINE_probe08,,,,,,,2026-08-31 12:12:08,sense1,measure,ohm,1-7-9-7,1,,,2F12_2E01,DMM,27,-9,
2-7-9-7,current,0.00999994,RESULT,,,,COSETTE_CPW_W,CENFIRE-INLINE_probe08,,,,,,,2026-08-31 12:12:08,force2,apply,A,2-7-9-7,2,,3.312942,2A11_4B11,SMU,27,-10,
2-7-9-7,voltage,137.317,RESULT,,,,COSETTE_CPW_W,CENFIRE-INLINE_probe08,,,,,,,2026-08-31 12:12:08,sense2,measure,ohm,2-7-9-7,2,,,2F12_2E01,DMM,27,-10,
1-7-10-7,current,0.00999988,RESULT,,,,COSETTE_CPW_W,CENFIRE-INLINE_probe08,,,,,,,2026-08-31 12:12:16,force1,apply,A,1-7-10-7,1,,0.05430669,2A11_4B11,SMU,27,-18,
1-7-10-7,voltage,0.550054,RESULT,,,,COSETTE_CPW_W,CENFIRE-INLINE_probe08,,,,,,,2026-08-31 12:12:16,sense1,measure,ohm,1-7-10-7,1,,,2F12_2E01,DMM,27,-18,
2-7-10-7,current,0.00999995,RESULT,,,,COSETTE_CPW_W,CENFIRE-INLINE_probe08,,,,,,,2026-08-31 12:12:16,force2,apply,A,2-7-10-7,2,,3.292845,2A11_4B11,SMU,27,-19,
2-7-10-7,voltage,137.999,RESULT,,,,COSETTE_CPW_W,CENFIRE-INLINE_probe08,,,,,,,2026-08-31 12:12:16,sense2,measure,ohm,2-7-10-7,2,,,2F12_2E01,DMM,27,-19,
1-7-11-7,current,0.00999989,RESULT,,,,COSETTE_CPW_W,CENFIRE-INLINE_probe08,,,,,,,2026-08-31 12:12:25,force1,apply,A,1-7-11-7,1,,0.08249891,2A11_4B11,SMU,27,-27,
1-7-11-7,voltage,0.563991,RESULT,,,,COSETTE_CPW_W,CENFIRE-INLINE_probe08,,,,,,,2026-08-31 12:12:25,sense1,measure,ohm,1-7-11-7,1,,,2F12_2E01,DMM,27,-27,
2-7-11-7,current,0.00999995,RESULT,,,,COSETTE_CPW_W,CENFIRE-INLINE_probe08,,,,,,,2026-08-31 12:12:25,force2,apply,A,2-7-11-7,2,,3.40398,2A11_4B11,SMU,27,-28,
2-7-11-7,voltage,139.974,RESULT,,,,COSETTE_CPW_W,CENFIRE-INLINE_probe08,,,,,,,2026-08-31 12:12:25,sense2,measure,ohm,2-7-11-7,2,,,2F12_2E01,DMM,27,-28,
1-7-12-7,current,0.00999989,RESULT,,,,COSETTE_CPW_W,CENFIRE-INLINE_probe08,,,,,,,2026-08-31 12:12:33,force1,apply,A,1-7-12-7,1,,0.05048873,2A11_4B11,SMU,27,-36,
1-7-12-7,voltage,0.582908,RESULT,,,,COSETTE_CPW_W,CENFIRE-INLINE_probe08,,,,,,,2026-08-31 12:12:33,sense1,measure,ohm,1-7-12-7,1,,,2F12_2E01,DMM,27,-36,
2-7-12-7,current,0.00999994,RESULT,,,,COSETTE_CPW_W,CENFIRE-INLINE_probe08,,,,,,,2026-08-31 12:12:33,force2,apply,A,2-7-12-7,2,,7.000508,2A11_4B11,SMU,27,-37,
2-7-12-7,voltage,1.24612,RESULT,,,,COSETTE_CPW_W,CENFIRE-INLINE_probe08,,,,,,,2026-08-31 12:12:33,sense2,measure,ohm,2-7-12-7,2,,,2F12_2E01,DMM,27,-37,
1-7-13-7,current,0.00999989,RESULT,,,,COSETTE_CPW_W,CENFIRE-INLINE_probe08,,,,,,,2026-08-31 12:12:41,force1,apply,A,1-7-13-7,1,,0.1453816,2A11_4B11,SMU,27,-45,
1-7-13-7,voltage,0.599416,RESULT,,,,COSETTE_CPW_W,CENFIRE-INLINE_probe08,,,,,,,2026-08-31 12:12:41,sense1,measure,ohm,1-7-13-7,1,,,2F12_2E01,DMM,27,-45,
2-7-13-7,current,0.00999994,RESULT,,,,COSETTE_CPW_W,CENFIRE-INLINE_probe08,,,,,,,2026-08-31 12:12:41,force2,apply,A,2-7-13-7,2,,3.528637,2A11_4B11,SMU,27,-46,
2-7-13-7,voltage,145.423,RESULT,,,,COSETTE_CPW_W,CENFIRE-INLINE_probe08,,,,,,,2026-08-31 12:12:41,sense2,measure,ohm,2-7-13-7,2,,,2F12_2E01,DMM,27,-46,
1-7-14-7,current,0.00999988,RESULT,,,,COSETTE_CPW_W,CENFIRE-INLINE_probe08,,,,,,,2026-08-31 12:12:50,force1,apply,A,1-7-14-7,1,,0.0645557,2A11_4B11,SMU,27,-54,
1-7-14-7,voltage,0.616517,RESULT,,,,COSETTE_CPW_W,CENFIRE-INLINE_probe08,,,,,,,2026-08-31 12:12:50,sense1,measure,ohm,1-7-14-7,1,,,2F12_2E01,DMM,27,-54,
2-7-14-7,current,0.00603477,RESULT,,,,COSETTE_CPW_W,CENFIRE-INLINE_probe08,,,,,,,2026-08-31 12:12:50,force2,apply,A,2-7-14-7,2,,7.000623,2A11_4B11,SMU,27,-55,
2-7-14-7,voltage,274.591,RESULT,,,,COSETTE_CPW_W,CENFIRE-INLINE_probe08,,,,,,,2026-08-31 12:12:50,sense2,measure,ohm,2-7-14-7,2,,,2F12_2E01,DMM,27,-55,
1-7-2-8,current,0.00999988,RESULT,,,,COSETTE_CPW_W,CENFIRE-INLINE_probe08,,,,,,,2026-08-31 12:12:58,force1,apply,A,1-7-2-8,1,,0.06096135,2A11_4B11,SMU,20,54,
1-7-2-8,voltage,0.579439,RESULT,,,,COSETTE_CPW_W,CENFIRE-INLINE_probe08,,,,,,,2026-08-31 12:12:58,sense1,measure,ohm,1-7-2-8,1,,,2F12_2E01,DMM,20,54,
2-7-2-8,current,1.57656e-05,RESULT,,,,COSETTE_CPW_W,CENFIRE-INLINE_probe08,,,,,,,2026-08-31 12:12:58,force2,apply,A,2-7-2-8,2,,7.000504,2A11_4B11,SMU,20,53,
2-7-2-8,voltage,297.2,RESULT,,,,COSETTE_CPW_W,CENFIRE-INLINE_probe08,,,,,,,2026-08-31 12:12:58,sense2,measure,ohm,2-7-2-8,2,,,2F12_2E01,DMM,20,53,
1-7-3-8,current,0.00999988,RESULT,,,,COSETTE_CPW_W,CENFIRE-INLINE_probe08,,,,,,,2026-08-31 12:13:06,force1,apply,A,1-7-3-8,1,,0.05093969,2A11_4B11,SMU,20,45,
1-7-3-8,voltage,0.559346,RESULT,,,,COSETTE_CPW_W,CENFIRE-INLINE_probe08,,,,,,,2026-08-31 12:13:06,sense1,measure,ohm,1-7-3-8,1,,,2F12_2E01,DMM,20,45,
2-7-3-8,current,0.00999994,RESULT,,,,COSETTE_CPW_W,CENFIRE-INLINE_probe08,,,,,,,2026-08-31 12:13:06,force2,apply,A,2-7-3-8,2,,3.419953,2A11_4B11,SMU,20,44,
2-7-3-8,voltage,139.903,RESULT,,,,COSETTE_CPW_W,CENFIRE-INLINE_probe08,,,,,,,2026-08-31 12:13:06,sense2,measure,ohm,2-7-3-8,2,,,2F12_2E01,DMM,20,44,
1-7-4-8,current,0.00999988,RESULT,,,,COSETTE_CPW_W,CENFIRE-INLINE_probe08,,,,,,,2026-08-31 12:13:15,force1,apply,A,1-7-4-8,1,,0.05326589,2A11_4B11,SMU,20,36,
1-7-4-8,voltage,0.549286,RESULT,,,,COSETTE_CPW_W,CENFIRE-INLINE_probe08,,,,,,,2026-08-31 12:13:15,sense1,measure,ohm,1-7-4-8,1,,,2F12_2E01,DMM,20,36,
2-7-4-8,current,0.00999994,RESULT,,,,COSETTE_CPW_W,CENFIRE-INLINE_probe08,,,,,,,2026-08-31 12:13:15,force2,apply,A,2-7-4-8,2,,3.187099,2A11_4B11,SMU,20,35,
2-7-4-8,voltage,138.608,RESULT,,,,COSETTE_CPW_W,CENFIRE-INLINE_probe08,,,,,,,2026-08-31 12:13:15,sense2,measure,ohm,2-7-4-8,2,,,2F12_2E01,DMM,20,35,
1-7-5-8,current,0.00999989,RESULT,,,,COSETTE_CPW_W,CENFIRE-INLINE_probe08,,,,,,,2026-08-31 12:13:23,force1,apply,A,1-7-5-8,1,,0.04969662,2A11_4B11,SMU,20,27,
1-7-5-8,voltage,0.541893,RESULT,,,,COSETTE_CPW_W,CENFIRE-INLINE_probe08,,,,,,,2026-08-31 12:13:23,sense1,measure,ohm,1-7-5-8,1,,,2F12_2E01,DMM,20,27,
2-7-5-8,current,0.00605485,RESULT,,,,COSETTE_CPW_W,CENFIRE-INLINE_probe08,,,,,,,2026-08-31 12:13:23,force2,apply,A,2-7-5-8,2,,7.000516,2A11_4B11,SMU,20,26,
2-7-5-8,voltage,2.55703,RESULT,,,,COSETTE_CPW_W,CENFIRE-INLINE_probe08,,,,,,,2026-08-31 12:13:23,sense2,measure,ohm,2-7-5-8,2,,,2F12_2E01,DMM,20,26,
1-7-6-8,current,0.00999989,RESULT,,,,COSETTE_CPW_W,CENFIRE-INLINE_probe08,,,,,,,2026-08-31 12:13:31,force1,apply,A,1-7-6-8,1,,0.05192999,2A11_4B11,SMU,20,18,
1-7-6-8,voltage,0.544381,RESULT,,,,COSETTE_CPW_W,CENFIRE-INLINE_probe08,,,,,,,2026-08-31 12:13:31,sense1,measure,ohm,1-7-6-8,1,,,2F12_2E01,DMM,20,18,
2-7-6-8,current,0.00999994,RESULT,,,,COSETTE_CPW_W,CENFIRE-INLINE_probe08,,,,,,,2026-08-31 12:13:31,force2,apply,A,2-7-6-8,2,,3.299325,2A11_4B11,SMU,20,17,
2-7-6-8,voltage,136.144,RESULT,,,,COSETTE_CPW_W,CENFIRE-INLINE_probe08,,,,,,,2026-08-31 12:13:31,sense2,measure,ohm,2-7-6-8,2,,,2F12_2E01,DMM,20,17,
1-7-7-8,current,0.00999988,RESULT,,,,COSETTE_CPW_W,CENFIRE-INLINE_probe08,,,,,,,2026-08-31 12:13:40,force1,apply,A,1-7-7-8,1,,0.05268837,2A11_4B11,SMU,20,9,
1-7-7-8,voltage,0.546647,RESULT,,,,COSETTE_CPW_W,CENFIRE-INLINE_probe08,,,,,,,2026-08-31 12:13:40,sense1,measure,ohm,1-7-7-8,1,,,2F12_2E01,DMM,20,9,
2-7-7-8,current,0.00999994,RESULT,,,,COSETTE_CPW_W,CENFIRE-INLINE_probe08,,,,,,,2026-08-31 12:13:40,force2,apply,A,2-7-7-8,2,,3.085922,2A11_4B11,SMU,20,8,
2-7-7-8,voltage,136.729,RESULT,,,,COSETTE_CPW_W,CENFIRE-INLINE_probe08,,,,,,,2026-08-31 12:13:40,sense2,measure,ohm,2-7-7-8,2,,,2F12_2E01,DMM,20,8,
1-7-8-8,current,0.00999988,RESULT,,,,COSETTE_CPW_W,CENFIRE-INLINE_probe08,,,,,,,2026-08-31 12:13:48,force1,apply,A,1-7-8-8,1,,0.06059856,2A11_4B11,SMU,20,0,
1-7-8-8,voltage,0.549272,RESULT,,,,COSETTE_CPW_W,CENFIRE-INLINE_probe08,,,,,,,2026-08-31 12:13:48,sense1,measure,ohm,1-7-8-8,1,,,2F12_2E01,DMM,20,0,
2-7-8-8,current,0.00999994,RESULT,,,,COSETTE_CPW_W,CENFIRE-INLINE_probe08,,,,,,,2026-08-31 12:13:48,force2,apply,A,2-7-8-8,2,,3.11118,2A11_4B11,SMU,20,-1,
2-7-8-8,voltage,136.02,RESULT,,,,COSETTE_CPW_W,CENFIRE-INLINE_probe08,,,,,,,2026-08-31 12:13:48,sense2,measure,ohm,2-7-8-8,2,,,2F12_2E01,DMM,20,-1,
1-7-9-8,current,0.00999988,RESULT,,,,COSETTE_CPW_W,CENFIRE-INLINE_probe08,,,,,,,2026-08-31 12:13:56,force1,apply,A,1-7-9-8,1,,0.05595899,2A11_4B11,SMU,20,-9,
1-7-9-8,voltage,0.548983,RESULT,,,,COSETTE_CPW_W,CENFIRE-INLINE_probe08,,,,,,,2026-08-31 12:13:56,sense1,measure,ohm,1-7-9-8,1,,,2F12_2E01,DMM,20,-9,
2-7-9-8,current,0.00999993,RESULT,,,,COSETTE_CPW_W,CENFIRE-INLINE_probe08,,,,,,,2026-08-31 12:13:56,force2,apply,A,2-7-9-8,2,,3.242883,2A11_4B11,SMU,20,-10,
2-7-9-8,voltage,135.45,RESULT,,,,COSETTE_CPW_W,CENFIRE-INLINE_probe08,,,,,,,2026-08-31 12:13:56,sense2,measure,ohm,2-7-9-8,2,,,2F12_2E01,DMM,20,-10,
1-7-10-8,current,0.00999988,RESULT,,,,COSETTE_CPW_W,CENFIRE-INLINE_probe08,,,,,,,2026-08-31 12:14:04,force1,apply,A,1-7-10-8,1,,0.1536816,2A11_4B11,SMU,20,-18,
1-7-10-8,voltage,0.547416,RESULT,,,,COSETTE_CPW_W,CENFIRE-INLINE_probe08,,,,,,,2026-08-31 12:14:04,sense1,measure,ohm,1-7-10-8,1,,,2F12_2E01,DMM,20,-18,
2-7-10-8,current,0.00999994,RESULT,,,,COSETTE_CPW_W,CENFIRE-INLINE_probe08,,,,,,,2026-08-31 12:14:04,force2,apply,A,2-7-10-8,2,,3.231057,2A11_4B11,SMU,20,-19,
2-7-10-8,voltage,136.232,RESULT,,,,COSETTE_CPW_W,CENFIRE-INLINE_probe08,,,,,,,2026-08-31 12:14:04,sense2,measure,ohm,2-7-10-8,2,,,2F12_2E01,DMM,20,-19,
1-7-11-8,current,0.00999989,RESULT,,,,COSETTE_CPW_W,CENFIRE-INLINE_probe08,,,,,,,2026-08-31 12:14:13,force1,apply,A,1-7-11-8,1,,0.07471745,2A11_4B11,SMU,20,-27,
1-7-11-8,voltage,0.560968,RESULT,,,,COSETTE_CPW_W,CENFIRE-INLINE_probe08,,,,,,,2026-08-31 12:14:13,sense1,measure,ohm,1-7-11-8,1,,,2F12_2E01,DMM,20,-27,
2-7-11-8,current,0.00999995,RESULT,,,,COSETTE_CPW_W,CENFIRE-INLINE_probe08,,,,,,,2026-08-31 12:14:13,force2,apply,A,2-7-11-8,2,,3.315805,2A11_4B11,SMU,20,-28,
2-7-11-8,voltage,137.796,RESULT,,,,COSETTE_CPW_W,CENFIRE-INLINE_probe08,,,,,,,2026-08-31 12:14:13,sense2,measure,ohm,2-7-11-8,2,,,2F12_2E01,DMM,20,-28,
1-7-12-8,current,0.00999988,RESULT,,,,COSETTE_CPW_W,CENFIRE-INLINE_probe08,,,,,,,2026-08-31 12:14:22,force1,apply,A,1-7-12-8,1,,0.07270859,2A11_4B11,SMU,20,-36,
1-7-12-8,voltage,0.574758,RESULT,,,,COSETTE_CPW_W,CENFIRE-INLINE_probe08,,,,,,,2026-08-31 12:14:22,sense1,measure,ohm,1-7-12-8,1,,,2F12_2E01,DMM,20,-36,
2-7-12-8,current,0.00999994,RESULT,,,,COSETTE_CPW_W,CENFIRE-INLINE_probe08,,,,,,,2026-08-31 12:14:22,force2,apply,A,2-7-12-8,2,,3.345186,2A11_4B11,SMU,20,-37,
2-7-12-8,voltage,140.604,RESULT,,,,COSETTE_CPW_W,CENFIRE-INLINE_probe08,,,,,,,2026-08-31 12:14:22,sense2,measure,ohm,2-7-12-8,2,,,2F12_2E01,DMM,20,-37,
1-7-13-8,current,0.00999988,RESULT,,,,COSETTE_CPW_W,CENFIRE-INLINE_probe08,,,,,,,2026-08-31 12:14:30,force1,apply,A,1-7-13-8,1,,0.06055281,2A11_4B11,SMU,20,-45,
1-7-13-8,voltage,0.593571,RESULT,,,,COSETTE_CPW_W,CENFIRE-INLINE_probe08,,,,,,,2026-08-31 12:14:30,sense1,measure,ohm,1-7-13-8,1,,,2F12_2E01,DMM,20,-45,
2-7-13-8,current,0.00999993,RESULT,,,,COSETTE_CPW_W,CENFIRE-INLINE_probe08,,,,,,,2026-08-31 12:14:30,force2,apply,A,2-7-13-8,2,,7.000515,2A11_4B11,SMU,20,-46,
2-7-13-8,voltage,2.12339,RESULT,,,,COSETTE_CPW_W,CENFIRE-INLINE_probe08,,,,,,,2026-08-31 12:14:30,sense2,measure,ohm,2-7-13-8,2,,,2F12_2E01,DMM,20,-46,
1-7-14-8,current,0.00999988,RESULT,,,,COSETTE_CPW_W,CENFIRE-INLINE_probe08,,,,,,,2026-08-31 12:14:38,force1,apply,A,1-7-14-8,1,,0.05889222,2A11_4B11,SMU,20,-54,
1-7-14-8,voltage,0.610232,RESULT,,,,COSETTE_CPW_W,CENFIRE-INLINE_probe08,,,,,,,2026-08-31 12:14:38,sense1,measure,ohm,1-7-14-8,1,,,2F12_2E01,DMM,20,-54,
2-7-14-8,current,0.00999994,RESULT,,,,COSETTE_CPW_W,CENFIRE-INLINE_probe08,,,,,,,2026-08-31 12:14:38,force2,apply,A,2-7-14-8,2,,3.360518,2A11_4B11,SMU,20,-55,
2-7-14-8,voltage,145.61,RESULT,,,,COSETTE_CPW_W,CENFIRE-INLINE_probe08,,,,,,,2026-08-31 12:14:38,sense2,measure,ohm,2-7-14-8,2,,,2F12_2E01,DMM,20,-55,
1-7-1-9,current,0.00999987,RESULT,,,,COSETTE_CPW_W,CENFIRE-INLINE_probe08,,,,,,,2026-08-31 12:14:47,force1,apply,A,1-7-1-9,1,,0.05092416,2A11_4B11,SMU,13,63,
1-7-1-9,voltage,0.587126,RESULT,,,,COSETTE_CPW_W,CENFIRE-INLINE_probe08,,,,,,,2026-08-31 12:14:47,sense1,measure,ohm,1-7-1-9,1,,,2F12_2E01,DMM,13,63,
2-7-1-9,current,0.00626752,RESULT,,,,COSETTE_CPW_W,CENFIRE-INLINE_probe08,,,,,,,2026-08-31 12:14:47,force2,apply,A,2-7-1-9,2,,7.000494,2A11_4B11,SMU,13,62,
2-7-1-9,voltage,0.924173,RESULT,,,,COSETTE_CPW_W,CENFIRE-INLINE_probe08,,,,,,,2026-08-31 12:14:47,sense2,measure,ohm,2-7-1-9,2,,,2F12_2E01,DMM,13,62,
1-7-2-9,current,0.00999988,RESULT,,,,COSETTE_CPW_W,CENFIRE-INLINE_probe08,,,,,,,2026-08-31 12:14:55,force1,apply,A,1-7-2-9,1,,0.05205617,2A11_4B11,SMU,13,54,
1-7-2-9,voltage,0.580642,RESULT,,,,COSETTE_CPW_W,CENFIRE-INLINE_probe08,,,,,,,2026-08-31 12:14:55,sense1,measure,ohm,1-7-2-9,1,,,2F12_2E01,DMM,13,54,
2-7-2-9,current,0.000464632,RESULT,,,,COSETTE_CPW_W,CENFIRE-INLINE_probe08,,,,,,,2026-08-31 12:14:55,force2,apply,A,2-7-2-9,2,,7.000503,2A11_4B11,SMU,13,53,
2-7-2-9,voltage,15.2851,RESULT,,,,COSETTE_CPW_W,CENFIRE-INLINE_probe08,,,,,,,2026-08-31 12:14:55,sense2,measure,ohm,2-7-2-9,2,,,2F12_2E01,DMM,13,53,
1-7-3-9,current,0.00999989,RESULT,,,,COSETTE_CPW_W,CENFIRE-INLINE_probe08,,,,,,,2026-08-31 12:15:04,force1,apply,A,1-7-3-9,1,,0.04725299,2A11_4B11,SMU,13,45,
1-7-3-9,voltage,0.553302,RESULT,,,,COSETTE_CPW_W,CENFIRE-INLINE_probe08,,,,,,,2026-08-31 12:15:04,sense1,measure,ohm,1-7-3-9,1,,,2F12_2E01,DMM,13,45,
2-7-3-9,current,0.00999995,RESULT,,,,COSETTE_CPW_W,CENFIRE-INLINE_probe08,,,,,,,2026-08-31 12:15:04,force2,apply,A,2-7-3-9,2,,3.024186,2A11_4B11,SMU,13,44,
2-7-3-9,voltage,138.964,RESULT,,,,COSETTE_CPW_W,CENFIRE-INLINE_probe08,,,,,,,2026-08-31 12:15:04,sense2,measure,ohm,2-7-3-9,2,,,2F12_2E01,DMM,13,44,
1-7-4-9,current,0.00999989,RESULT,,,,COSETTE_CPW_W,CENFIRE-INLINE_probe08,,,,,,,2026-08-31 12:15:12,force1,apply,A,1-7-4-9,1,,0.05210079,2A11_4B11,SMU,13,36,
1-7-4-9,voltage,0.543884,RESULT,,,,COSETTE_CPW_W,CENFIRE-INLINE_probe08,,,,,,,2026-08-31 12:15:12,sense1,measure,ohm,1-7-4-9,1,,,2F12_2E01,DMM,13,36,
2-7-4-9,current,0.00999994,RESULT,,,,COSETTE_CPW_W,CENFIRE-INLINE_probe08,,,,,,,2026-08-31 12:15:12,force2,apply,A,2-7-4-9,2,,3.21736,2A11_4B11,SMU,13,35,
2-7-4-9,voltage,135.827,RESULT,,,,COSETTE_CPW_W,CENFIRE-INLINE_probe08,,,,,,,2026-08-31 12:15:12,sense2,measure,ohm,2-7-4-9,2,,,2F12_2E01,DMM,13,35,
1-7-5-9,current,0.00999988,RESULT,,,,COSETTE_CPW_W,CENFIRE-INLINE_probe08,,,,,,,2026-08-31 12:15:20,force1,apply,A,1-7-5-9,1,,0.04594081,2A11_4B11,SMU,13,27,
1-7-5-9,voltage,0.54075,RESULT,,,,COSETTE_CPW_W,CENFIRE-INLINE_probe08,,,,,,,2026-08-31 12:15:20,sense1,measure,ohm,1-7-5-9,1,,,2F12_2E01,DMM,13,27,
2-7-5-9,current,0.00999994,RESULT,,,,COSETTE_CPW_W,CENFIRE-INLINE_probe08,,,,,,,2026-08-31 12:15:20,force2,apply,A,2-7-5-9,2,,3.358429,2A11_4B11,SMU,13,26,
2-7-5-9,voltage,134.198,RESULT,,,,COSETTE_CPW_W,CENFIRE-INLINE_probe08,,,,,,,2026-08-31 12:15:20,sense2,measure,ohm,2-7-5-9,2,,,2F12_2E01,DMM,13,26,
1-7-6-9,current,0.00999988,RESULT,,,,COSETTE_CPW_W,CENFIRE-INLINE_probe08,,,,,,,2026-08-31 12:15:29,force1,apply,A,1-7-6-9,1,,0.05137606,2A11_4B11,SMU,13,18,
1-7-6-9,voltage,0.545773,RESULT,,,,COSETTE_CPW_W,CENFIRE-INLINE_probe08,,,,,,,2026-08-31 12:15:29,sense1,measure,ohm,1-7-6-9,1,,,2F12_2E01,DMM,13,18,
2-7-6-9,current,0.00999994,RESULT,,,,COSETTE_CPW_W,CENFIRE-INLINE_probe08,,,,,,,2026-08-31 12:15:29,force2,apply,A,2-7-6-9,2,,3.110666,2A11_4B11,SMU,13,17,
2-7-6-9,voltage,133.806,RESULT,,,,COSETTE_CPW_W,CENFIRE-INLINE_probe08,,,,,,,2026-08-31 12:15:29,sense2,measure,ohm,2-7-6-9,2,,,2F12_2E01,DMM,13,17,
1-7-7-9,current,0.00999988,RESULT,,,,COSETTE_CPW_W,CENFIRE-INLINE_probe08,,,,,,,2026-08-31 12:15:37,force1,apply,A,1-7-7-9,1,,0.04838539,2A11_4B11,SMU,13,9,
1-7-7-9,voltage,0.553871,RESULT,,,,COSETTE_CPW_W,CENFIRE-INLINE_probe08,,,,,,,2026-08-31 12:15:37,sense1,measure,ohm,1-7-7-9,1,,,2F12_2E01,DMM,13,9,
2-7-7-9,current,0.00999994,RESULT,,,,COSETTE_CPW_W,CENFIRE-INLINE_probe08,,,,,,,2026-08-31 12:15:37,force2,apply,A,2-7-7-9,2,,3.083213,2A11_4B11,SMU,13,8,
2-7-7-9,voltage,135.013,RESULT,,,,COSETTE_CPW_W,CENFIRE-INLINE_probe08,,,,,,,2026-08-31 12:15:37,sense2,measure,ohm,2-7-7-9,2,,,2F12_2E01,DMM,13,8,
1-7-8-9,current,0.00999988,RESULT,,,,COSETTE_CPW_W,CENFIRE-INLINE_probe08,,,,,,,2026-08-31 12:15:45,force1,apply,A,1-7-8-9,1,,0.0498905,2A11_4B11,SMU,13,0,
1-7-8-9,voltage,0.554772,RESULT,,,,COSETTE_CPW_W,CENFIRE-INLINE_probe08,,,,,,,2026-08-31 12:15:45,sense1,measure,ohm,1-7-8-9,1,,,2F12_2E01,DMM,13,0,
2-7-8-9,current,0.00999994,RESULT,,,,COSETTE_CPW_W,CENFIRE-INLINE_probe08,,,,,,,2026-08-31 12:15:45,force2,apply,A,2-7-8-9,2,,3.121635,2A11_4B11,SMU,13,-1,
2-7-8-9,voltage,135.264,RESULT,,,,COSETTE_CPW_W,CENFIRE-INLINE_probe08,,,,,,,2026-08-31 12:15:45,sense2,measure,ohm,2-7-8-9,2,,,2F12_2E01,DMM,13,-1,
1-7-9-9,current,0.00999988,RESULT,,,,COSETTE_CPW_W,CENFIRE-INLINE_probe08,,,,,,,2026-08-31 12:15:53,force1,apply,A,1-7-9-9,1,,0.05542673,2A11_4B11,SMU,13,-9,
1-7-9-9,voltage,0.549662,RESULT,,,,COSETTE_CPW_W,CENFIRE-INLINE_probe08,,,,,,,2026-08-31 12:15:53,sense1,measure,ohm,1-7-9-9,1,,,2F12_2E01,DMM,13,-9,
2-7-9-9,current,0.00999994,RESULT,,,,COSETTE_CPW_W,CENFIRE-INLINE_probe08,,,,,,,2026-08-31 12:15:53,force2,apply,A,2-7-9-9,2,,3.081844,2A11_4B11,SMU,13,-10,
2-7-9-9,voltage,134.665,RESULT,,,,COSETTE_CPW_W,CENFIRE-INLINE_probe08,,,,,,,2026-08-31 12:15:53,sense2,measure,ohm,2-7-9-9,2,,,2F12_2E01,DMM,13,-10,
1-7-10-9,current,0.00999988,RESULT,,,,COSETTE_CPW_W,CENFIRE-INLINE_probe08,,,,,,,2026-08-31 12:16:02,force1,apply,A,1-7-10-9,1,,0.05112239,2A11_4B11,SMU,13,-18,
1-7-10-9,voltage,0.545823,RESULT,,,,COSETTE_CPW_W,CENFIRE-INLINE_probe08,,,,,,,2026-08-31 12:16:02,sense1,measure,ohm,1-7-10-9,1,,,2F12_2E01,DMM,13,-18,
2-7-10-9,current,0.00999994,RESULT,,,,COSETTE_CPW_W,CENFIRE-INLINE_probe08,,,,,,,2026-08-31 12:16:02,force2,apply,A,2-7-10-9,2,,3.228837,2A11_4B11,SMU,13,-19,
2-7-10-9,voltage,135.036,RESULT,,,,COSETTE_CPW_W,CENFIRE-INLINE_probe08,,,,,,,2026-08-31 12:16:02,sense2,measure,ohm,2-7-10-9,2,,,2F12_2E01,DMM,13,-19,
1-7-11-9,current,0.00999988,RESULT,,,,COSETTE_CPW_W,CENFIRE-INLINE_probe08,,,,,,,2026-08-31 12:16:10,force1,apply,A,1-7-11-9,1,,0.07085276,2A11_4B11,SMU,13,-27,
1-7-11-9,voltage,0.550799,RESULT,,,,COSETTE_CPW_W,CENFIRE-INLINE_probe08,,,,,,,2026-08-31 12:16:10,sense1,measure,ohm,1-7-11-9,1,,,2F12_2E01,DMM,13,-27,
2-7-11-9,current,0.00999994,RESULT,,,,COSETTE_CPW_W,CENFIRE-INLINE_probe08,,,,,,,2026-08-31 12:16:10,force2,apply,A,2-7-11-9,2,,3.30403,2A11_4B11,SMU,13,-28,
2-7-11-9,voltage,136.453,RESULT,,,,COSETTE_CPW_W,CENFIRE-INLINE_probe08,,,,,,,2026-08-31 12:16:10,sense2,measure,ohm,2-7-11-9,2,,,2F12_2E01,DMM,13,-28,
1-7-12-9,current,0.00999988,RESULT,,,,COSETTE_CPW_W,CENFIRE-INLINE_probe08,,,,,,,2026-08-31 12:16:18,force1,apply,A,1-7-12-9,1,,0.05285363,2A11_4B11,SMU,13,-36,
1-7-12-9,voltage,0.565785,RESULT,,,,COSETTE_CPW_W,CENFIRE-INLINE_probe08,,,,,,,2026-08-31 12:16:18,sense1,measure,ohm,1-7-12-9,1,,,2F12_2E01,DMM,13,-36,
2-7-12-9,current,0.00999993,RESULT,,,,COSETTE_CPW_W,CENFIRE-INLINE_probe08,,,,,,,2026-08-31 12:16:18,force2,apply,A,2-7-12-9,2,,3.268507,2A11_4B11,SMU,13,-37,
2-7-12-9,voltage,138.869,RESULT,,,,COSETTE_CPW_W,CENFIRE-INLINE_probe08,,,,,,,2026-08-31 12:16:18,sense2,measure,ohm,2-7-12-9,2,,,2F12_2E01,DMM,13,-37,
1-7-13-9,current,0.00999989,RESULT,,,,COSETTE_CPW_W,CENFIRE-INLINE_probe08,,,,,,,2026-08-31 12:16:26,force1,apply,A,1-7-13-9,1,,0.09109532,2A11_4B11,SMU,13,-45,
1-7-13-9,voltage,0.588247,RESULT,,,,COSETTE_CPW_W,CENFIRE-INLINE_probe08,,,,,,,2026-08-31 12:16:26,sense1,measure,ohm,1-7-13-9,1,,,2F12_2E01,DMM,13,-45,
2-7-13-9,current,0.00999995,RESULT,,,,COSETTE_CPW_W,CENFIRE-INLINE_probe08,,,,,,,2026-08-31 12:16:26,force2,apply,A,2-7-13-9,2,,3.556088,2A11_4B11,SMU,13,-46,
2-7-13-9,voltage,142.372,RESULT,,,,COSETTE_CPW_W,CENFIRE-INLINE_probe08,,,,,,,2026-08-31 12:16:26,sense2,measure,ohm,2-7-13-9,2,,,2F12_2E01,DMM,13,-46,
1-7-14-9,current,0.00999989,RESULT,,,,COSETTE_CPW_W,CENFIRE-INLINE_probe08,,,,,,,2026-08-31 12:16:35,force1,apply,A,1-7-14-9,1,,0.05636993,2A11_4B11,SMU,13,-54,
1-7-14-9,voltage,0.606538,RESULT,,,,COSETTE_CPW_W,CENFIRE-INLINE_probe08,,,,,,,2026-08-31 12:16:35,sense1,measure,ohm,1-7-14-9,1,,,2F12_2E01,DMM,13,-54,
2-7-14-9,current,0.00999995,RESULT,,,,COSETTE_CPW_W,CENFIRE-INLINE_probe08,,,,,,,2026-08-31 12:16:35,force2,apply,A,2-7-14-9,2,,3.213234,2A11_4B11,SMU,13,-55,
2-7-14-9,voltage,146.2,RESULT,,,,COSETTE_CPW_W,CENFIRE-INLINE_probe08,,,,,,,2026-08-31 12:16:35,sense2,measure,ohm,2-7-14-9,2,,,2F12_2E01,DMM,13,-55,
1-7-1-10,current,0.00999989,RESULT,,,,COSETTE_CPW_W,CENFIRE-INLINE_probe08,,,,,,,2026-08-31 12:16:43,force1,apply,A,1-7-1-10,1,,0.04797049,2A11_4B11,SMU,6,63,
1-7-1-10,voltage,0.583251,RESULT,,,,COSETTE_CPW_W,CENFIRE-INLINE_probe08,,,,,,,2026-08-31 12:16:43,sense1,measure,ohm,1-7-1-10,1,,,2F12_2E01,DMM,6,63,
2-7-1-10,current,0.00243053,RESULT,,,,COSETTE_CPW_W,CENFIRE-INLINE_probe08,,,,,,,2026-08-31 12:16:43,force2,apply,A,2-7-1-10,2,,7.000515,2A11_4B11,SMU,6,62,
2-7-1-10,voltage,2.77919,RESULT,,,,COSETTE_CPW_W,CENFIRE-INLINE_probe08,,,,,,,2026-08-31 12:16:43,sense2,measure,ohm,2-7-1-10,2,,,2F12_2E01,DMM,6,62,
1-7-2-10,current,0.00999989,RESULT,,,,COSETTE_CPW_W,CENFIRE-INLINE_probe08,,,,,,,2026-08-31 12:16:52,force1,apply,A,1-7-2-10,1,,0.05078685,2A11_4B11,SMU,6,54,
1-7-2-10,voltage,0.571323,RESULT,,,,COSETTE_CPW_W,CENFIRE-INLINE_probe08,,,,,,,2026-08-31 12:16:52,sense1,measure,ohm,1-7-2-10,1,,,2F12_2E01,DMM,6,54,
2-7-2-10,current,0.00144518,RESULT,,,,COSETTE_CPW_W,CENFIRE-INLINE_probe08,,,,,,,2026-08-31 12:16:52,force2,apply,A,2-7-2-10,2,,7.00051,2A11_4B11,SMU,6,53,
2-7-2-10,voltage,2.22073,RESULT,,,,COSETTE_CPW_W,CENFIRE-INLINE_probe08,,,,,,,2026-08-31 12:16:52,sense2,measure,ohm,2-7-2-10,2,,,2F12_2E01,DMM,6,53,
1-7-3-10,current,0.00999988,RESULT,,,,COSETTE_CPW_W,CENFIRE-INLINE_probe08,,,,,,,2026-08-31 12:17:00,force1,apply,A,1-7-3-10,1,,0.04783335,2A11_4B11,SMU,6,45,
1-7-3-10,voltage,0.554985,RESULT,,,,COSETTE_CPW_W,CENFIRE-INLINE_probe08,,,,,,,2026-08-31 12:17:00,sense1,measure,ohm,1-7-3-10,1,,,2F12_2E01,DMM,6,45,
2-7-3-10,current,0.00999995,RESULT,,,,COSETTE_CPW_W,CENFIRE-INLINE_probe08,,,,,,,2026-08-31 12:17:00,force2,apply,A,2-7-3-10,2,,3.033158,2A11_4B11,SMU,6,44,
2-7-3-10,voltage,138.686,RESULT,,,,COSETTE_CPW_W,CENFIRE-INLINE_probe08,,,,,,,2026-08-31 12:17:00,sense2,measure,ohm,2-7-3-10,2,,,2F12_2E01,DMM,6,44,
1-7-4-10,current,0.00999989,RESULT,,,,COSETTE_CPW_W,CENFIRE-INLINE_probe08,,,,,,,2026-08-31 12:17:08,force1,apply,A,1-7-4-10,1,,0.04457992,2A11_4B11,SMU,6,36,
1-7-4-10,voltage,0.538977,RESULT,,,,COSETTE_CPW_W,CENFIRE-INLINE_probe08,,,,,,,2026-08-31 12:17:08,sense1,measure,ohm,1-7-4-10,1,,,2F12_2E01,DMM,6,36,
2-7-4-10,current,0.00999994,RESULT,,,,COSETTE_CPW_W,CENFIRE-INLINE_probe08,,,,,,,2026-08-31 12:17:08,force2,apply,A,2-7-4-10,2,,3.211204,2A11_4B11,SMU,6,35,
2-7-4-10,voltage,135.272,RESULT,,,,COSETTE_CPW_W,CENFIRE-INLINE_probe08,,,,,,,2026-08-31 12:17:08,sense2,measure,ohm,2-7-4-10,2,,,2F12_2E01,DMM,6,35,
1-7-5-10,current,0.00999989,RESULT,,,,COSETTE_CPW_W,CENFIRE-INLINE_probe08,,,,,,,2026-08-31 12:17:17,force1,apply,A,1-7-5-10,1,,0.05461802,2A11_4B11,SMU,6,27,
1-7-5-10,voltage,0.540351,RESULT,,,,COSETTE_CPW_W,CENFIRE-INLINE_probe08,,,,,,,2026-08-31 12:17:17,sense1,measure,ohm,1-7-5-10,1,,,2F12_2E01,DMM,6,27,
2-7-5-10,current,0.00999994,RESULT,,,,COSETTE_CPW_W,CENFIRE-INLINE_probe08,,,,,,,2026-08-31 12:17:17,force2,apply,A,2-7-5-10,2,,3.209593,2A11_4B11,SMU,6,26,
2-7-5-10,voltage,134.467,RESULT,,,,COSETTE_CPW_W,CENFIRE-INLINE_probe08,,,,,,,2026-08-31 12:17:17,sense2,measure,ohm,2-7-5-10,2,,,2F12_2E01,DMM,6,26,
1-7-6-10,current,0.00999989,RESULT,,,,COSETTE_CPW_W,CENFIRE-INLINE_probe08,,,,,,,2026-08-31 12:17:25,force1,apply,A,1-7-6-10,1,,0.05247378,2A11_4B11,SMU,6,18,
1-7-6-10,voltage,0.549575,RESULT,,,,COSETTE_CPW_W,CENFIRE-INLINE_probe08,,,,,,,2026-08-31 12:17:25,sense1,measure,ohm,1-7-6-10,1,,,2F12_2E01,DMM,6,18,
2-7-6-10,current,0.00999995,RESULT,,,,COSETTE_CPW_W,CENFIRE-INLINE_probe08,,,,,,,2026-08-31 12:17:25,force2,apply,A,2-7-6-10,2,,3.014617,2A11_4B11,SMU,6,17,
2-7-6-10,voltage,133.591,RESULT,,,,COSETTE_CPW_W,CENFIRE-INLINE_probe08,,,,,,,2026-08-31 12:17:25,sense2,measure,ohm,2-7-6-10,2,,,2F12_2E01,DMM,6,17,
1-7-7-10,current,0.00999989,RESULT,,,,COSETTE_CPW_W,CENFIRE-INLINE_probe08,,,,,,,2026-08-31 12:17:33,force1,apply,A,1-7-7-10,1,,0.0515837,2A11_4B11,SMU,6,9,
1-7-7-10,voltage,0.563719,RESULT,,,,COSETTE_CPW_W,CENFIRE-INLINE_probe08,,,,,,,2026-08-31 12:17:33,sense1,measure,ohm,1-7-7-10,1,,,2F12_2E01,DMM,6,9,
2-7-7-10,current,0.00999994,RESULT,,,,COSETTE_CPW_W,CENFIRE-INLINE_probe08,,,,,,,2026-08-31 12:17:33,force2,apply,A,2-7-7-10,2,,3.011396,2A11_4B11,SMU,6,8,
2-7-7-10,voltage,133.558,RESULT,,,,COSETTE_CPW_W,CENFIRE-INLINE_probe08,,,,,,,2026-08-31 12:17:33,sense2,measure,ohm,2-7-7-10,2,,,2F12_2E01,DMM,6,8,
1-7-8-10,current,0.00999988,RESULT,,,,COSETTE_CPW_W,CENFIRE-INLINE_probe08,,,,,,,2026-08-31 12:17:41,force1,apply,A,1-7-8-10,1,,0.04869839,2A11_4B11,SMU,6,0,
1-7-8-10,voltage,0.562554,RESULT,,,,COSETTE_CPW_W,CENFIRE-INLINE_probe08,,,,,,,2026-08-31 12:17:41,sense1,measure,ohm,1-7-8-10,1,,,2F12_2E01,DMM,6,0,
2-7-8-10,current,0.00999994,RESULT,,,,COSETTE_CPW_W,CENFIRE-INLINE_probe08,,,,,,,2026-08-31 12:17:41,force2,apply,A,2-7-8-10,2,,3.039986,2A11_4B11,SMU,6,-1,
2-7-8-10,voltage,134.149,RESULT,,,,COSETTE_CPW_W,CENFIRE-INLINE_probe08,,,,,,,2026-08-31 12:17:41,sense2,measure,ohm,2-7-8-10,2,,,2F12_2E01,DMM,6,-1,
1-7-9-10,current,0.00999989,RESULT,,,,COSETTE_CPW_W,CENFIRE-INLINE_probe08,,,,,,,2026-08-31 12:17:50,force1,apply,A,1-7-9-10,1,,0.05227103,2A11_4B11,SMU,6,-9,
1-7-9-10,voltage,0.553961,RESULT,,,,COSETTE_CPW_W,CENFIRE-INLINE_probe08,,,,,,,2026-08-31 12:17:50,sense1,measure,ohm,1-7-9-10,1,,,2F12_2E01,DMM,6,-9,
2-7-9-10,current,0.00999995,RESULT,,,,COSETTE_CPW_W,CENFIRE-INLINE_probe08,,,,,,,2026-08-31 12:17:50,force2,apply,A,2-7-9-10,2,,3.059144,2A11_4B11,SMU,6,-10,
2-7-9-10,voltage,133.568,RESULT,,,,COSETTE_CPW_W,CENFIRE-INLINE_probe08,,,,,,,2026-08-31 12:17:50,sense2,measure,ohm,2-7-9-10,2,,,2F12_2E01,DMM,6,-10,
1-7-10-10,current,0.00999988,RESULT,,,,COSETTE_CPW_W,CENFIRE-INLINE_probe08,,,,,,,2026-08-31 12:17:58,force1,apply,A,1-7-10-10,1,,0.05335949,2A11_4B11,SMU,6,-18,
1-7-10-10,voltage,0.54493,RESULT,,,,COSETTE_CPW_W,CENFIRE-INLINE_probe08,,,,,,,2026-08-31 12:17:58,sense1,measure,ohm,1-7-10-10,1,,,2F12_2E01,DMM,6,-18,
2-7-10-10,current,0.00999994,RESULT,,,,COSETTE_CPW_W,CENFIRE-INLINE_probe08,,,,,,,2026-08-31 12:17:58,force2,apply,A,2-7-10-10,2,,3.103838,2A11_4B11,SMU,6,-19,
2-7-10-10,voltage,133.862,RESULT,,,,COSETTE_CPW_W,CENFIRE-INLINE_probe08,,,,,,,2026-08-31 12:17:58,sense2,measure,ohm,2-7-10-10,2,,,2F12_2E01,DMM,6,-19,
1-7-11-10,current,0.00999988,RESULT,,,,COSETTE_CPW_W,CENFIRE-INLINE_probe08,,,,,,,2026-08-31 12:18:06,force1,apply,A,1-7-11-10,1,,0.05006491,2A11_4B11,SMU,6,-27,
1-7-11-10,voltage,0.549149,RESULT,,,,COSETTE_CPW_W,CENFIRE-INLINE_probe08,,,,,,,2026-08-31 12:18:06,sense1,measure,ohm,1-7-11-10,1,,,2F12_2E01,DMM,6,-27,
2-7-11-10,current,0.00999994,RESULT,,,,COSETTE_CPW_W,CENFIRE-INLINE_probe08,,,,,,,2026-08-31 12:18:06,force2,apply,A,2-7-11-10,2,,3.321754,2A11_4B11,SMU,6,-28,
2-7-11-10,voltage,135.438,RESULT,,,,COSETTE_CPW_W,CENFIRE-INLINE_probe08,,,,,,,2026-08-31 12:18:06,sense2,measure,ohm,2-7-11-10,2,,,2F12_2E01,DMM,6,-28,
1-7-12-10,current,0.00985409,RESULT,,,,COSETTE_CPW_W,CENFIRE-INLINE_probe08,,,,,,,2026-08-31 12:18:14,force1,apply,A,1-7-12-10,1,,0.1632909,2A11_4B11,SMU,6,-36,
1-7-12-10,voltage,0.534714,RESULT,,,,COSETTE_CPW_W,CENFIRE-INLINE_probe08,,,,,,,2026-08-31 12:18:14,sense1,measure,ohm,1-7-12-10,1,,,2F12_2E01,DMM,6,-36,
2-7-12-10,current,0.00999994,RESULT,,,,COSETTE_CPW_W,CENFIRE-INLINE_probe08,,,,,,,2026-08-31 12:18:14,force2,apply,A,2-7-12-10,2,,3.172057,2A11_4B11,SMU,6,-37,
2-7-12-10,voltage,138.119,RESULT,,,,COSETTE_CPW_W,CENFIRE-INLINE_probe08,,,,,,,2026-08-31 12:18:14,sense2,measure,ohm,2-7-12-10,2,,,2F12_2E01,DMM,6,-37,
1-7-13-10,current,0.00999989,RESULT,,,,COSETTE_CPW_W,CENFIRE-INLINE_probe08,,,,,,,2026-08-31 12:18:23,force1,apply,A,1-7-13-10,1,,0.09757869,2A11_4B11,SMU,6,-45,
1-7-13-10,voltage,0.582459,RESULT,,,,COSETTE_CPW_W,CENFIRE-INLINE_probe08,,,,,,,2026-08-31 12:18:23,sense1,measure,ohm,1-7-13-10,1,,,2F12_2E01,DMM,6,-45,
2-7-13-10,current,0.00999994,RESULT,,,,COSETTE_CPW_W,CENFIRE-INLINE_probe08,,,,,,,2026-08-31 12:18:23,force2,apply,A,2-7-13-10,2,,3.650779,2A11_4B11,SMU,6,-46,
2-7-13-10,voltage,142.56,RESULT,,,,COSETTE_CPW_W,CENFIRE-INLINE_probe08,,,,,,,2026-08-31 12:18:23,sense2,measure,ohm,2-7-13-10,2,,,2F12_2E01,DMM,6,-46,
1-7-14-10,current,0.00999989,RESULT,,,,COSETTE_CPW_W,CENFIRE-INLINE_probe08,,,,,,,2026-08-31 12:18:31,force1,apply,A,1-7-14-10,1,,0.06662042,2A11_4B11,SMU,6,-54,
1-7-14-10,voltage,0.60655,RESULT,,,,COSETTE_CPW_W,CENFIRE-INLINE_probe08,,,,,,,2026-08-31 12:18:31,sense1,measure,ohm,1-7-14-10,1,,,2F12_2E01,DMM,6,-54,
2-7-14-10,current,0.00999994,RESULT,,,,COSETTE_CPW_W,CENFIRE-INLINE_probe08,,,,,,,2026-08-31 12:18:31,force2,apply,A,2-7-14-10,2,,3.753418,2A11_4B11,SMU,6,-55,
2-7-14-10,voltage,144.735,RESULT,,,,COSETTE_CPW_W,CENFIRE-INLINE_probe08,,,,,,,2026-08-31 12:18:31,sense2,measure,ohm,2-7-14-10,2,,,2F12_2E01,DMM,6,-55,
1-7-15-10,current,0.00999989,RESULT,,,,COSETTE_CPW_W,CENFIRE-INLINE_probe08,,,,,,,2026-08-31 12:18:39,force1,apply,A,1-7-15-10,1,,0.3444302,2A11_4B11,SMU,6,-63,
1-7-15-10,voltage,0.706943,RESULT,,,,COSETTE_CPW_W,CENFIRE-INLINE_probe08,,,,,,,2026-08-31 12:18:39,sense1,measure,ohm,1-7-15-10,1,,,2F12_2E01,DMM,6,-63,
1-7-1-11,current,0.00999989,RESULT,,,,COSETTE_CPW_W,CENFIRE-INLINE_probe08,,,,,,,2026-08-31 12:18:45,force1,apply,A,1-7-1-11,1,,0.0534398,2A11_4B11,SMU,-1,63,
1-7-1-11,voltage,0.58462,RESULT,,,,COSETTE_CPW_W,CENFIRE-INLINE_probe08,,,,,,,2026-08-31 12:18:45,sense1,measure,ohm,1-7-1-11,1,,,2F12_2E01,DMM,-1,63,
2-7-1-11,current,0.0040437,RESULT,,,,COSETTE_CPW_W,CENFIRE-INLINE_probe08,,,,,,,2026-08-31 12:18:45,force2,apply,A,2-7-1-11,2,,7.000514,2A11_4B11,SMU,-1,62,
2-7-1-11,voltage,3.02522,RESULT,,,,COSETTE_CPW_W,CENFIRE-INLINE_probe08,,,,,,,2026-08-31 12:18:45,sense2,measure,ohm,2-7-1-11,2,,,2F12_2E01,DMM,-1,62,
1-7-2-11,current,0.00999988,RESULT,,,,COSETTE_CPW_W,CENFIRE-INLINE_probe08,,,,,,,2026-08-31 12:18:53,force1,apply,A,1-7-2-11,1,,0.05291554,2A11_4B11,SMU,-1,54,
1-7-2-11,voltage,0.571638,RESULT,,,,COSETTE_CPW_W,CENFIRE-INLINE_probe08,,,,,,,2026-08-31 12:18:53,sense1,measure,ohm,1-7-2-11,1,,,2F12_2E01,DMM,-1,54,
2-7-2-11,current,0.00243172,RESULT,,,,COSETTE_CPW_W,CENFIRE-INLINE_probe08,,,,,,,2026-08-31 12:18:53,force2,apply,A,2-7-2-11,2,,7.00052,2A11_4B11,SMU,-1,53,
2-7-2-11,voltage,2.99239,RESULT,,,,COSETTE_CPW_W,CENFIRE-INLINE_probe08,,,,,,,2026-08-31 12:18:53,sense2,measure,ohm,2-7-2-11,2,,,2F12_2E01,DMM,-1,53,
1-7-3-11,current,0.00999989,RESULT,,,,COSETTE_CPW_W,CENFIRE-INLINE_probe08,,,,,,,2026-08-31 12:19:04,force1,apply,A,1-7-3-11,1,,0.05218044,2A11_4B11,SMU,-1,45,
1-7-3-11,voltage,0.552958,RESULT,,,,COSETTE_CPW_W,CENFIRE-INLINE_probe08,,,,,,,2026-08-31 12:19:04,sense1,measure,ohm,1-7-3-11,1,,,2F12_2E01,DMM,-1,45,
2-7-3-11,current,0.00999995,RESULT,,,,COSETTE_CPW_W,CENFIRE-INLINE_probe08,,,,,,,2026-08-31 12:19:04,force2,apply,A,2-7-3-11,2,,3.003344,2A11_4B11,SMU,-1,44,
2-7-3-11,voltage,138.015,RESULT,,,,COSETTE_CPW_W,CENFIRE-INLINE_probe08,,,,,,,2026-08-31 12:19:04,sense2,measure,ohm,2-7-3-11,2,,,2F12_2E01,DMM,-1,44,
1-7-4-11,current,0.00999988,RESULT,,,,COSETTE_CPW_W,CENFIRE-INLINE_probe08,,,,,,,2026-08-31 12:19:13,force1,apply,A,1-7-4-11,1,,0.04815023,2A11_4B11,SMU,-1,36,
1-7-4-11,voltage,0.540801,RESULT,,,,COSETTE_CPW_W,CENFIRE-INLINE_probe08,,,,,,,2026-08-31 12:19:13,sense1,measure,ohm,1-7-4-11,1,,,2F12_2E01,DMM,-1,36,
2-7-4-11,current,0.00999994,RESULT,,,,COSETTE_CPW_W,CENFIRE-INLINE_probe08,,,,,,,2026-08-31 12:19:13,force2,apply,A,2-7-4-11,2,,3.29242,2A11_4B11,SMU,-1,35,
2-7-4-11,voltage,135.51,RESULT,,,,COSETTE_CPW_W,CENFIRE-INLINE_probe08,,,,,,,2026-08-31 12:19:13,sense2,measure,ohm,2-7-4-11,2,,,2F12_2E01,DMM,-1,35,
1-7-5-11,current,0.00999988,RESULT,,,,COSETTE_CPW_W,CENFIRE-INLINE_probe08,,,,,,,2026-08-31 12:19:21,force1,apply,A,1-7-5-11,1,,0.04868445,2A11_4B11,SMU,-1,27,
1-7-5-11,voltage,0.545888,RESULT,,,,COSETTE_CPW_W,CENFIRE-INLINE_probe08,,,,,,,2026-08-31 12:19:21,sense1,measure,ohm,1-7-5-11,1,,,2F12_2E01,DMM,-1,27,
2-7-5-11,current,0.00999993,RESULT,,,,COSETTE_CPW_W,CENFIRE-INLINE_probe08,,,,,,,2026-08-31 12:19:21,force2,apply,A,2-7-5-11,2,,3.338023,2A11_4B11,SMU,-1,26,
2-7-5-11,voltage,134.032,RESULT,,,,COSETTE_CPW_W,CENFIRE-INLINE_probe08,,,,,,,2026-08-31 12:19:21,sense2,measure,ohm,2-7-5-11,2,,,2F12_2E01,DMM,-1,26,
1-7-6-11,current,0.00999988,RESULT,,,,COSETTE_CPW_W,CENFIRE-INLINE_probe08,,,,,,,2026-08-31 12:19:30,force1,apply,A,1-7-6-11,1,,0.05006683,2A11_4B11,SMU,-1,18,
1-7-6-11,voltage,0.549214,RESULT,,,,COSETTE_CPW_W,CENFIRE-INLINE_probe08,,,,,,,2026-08-31 12:19:30,sense1,measure,ohm,1-7-6-11,1,,,2F12_2E01,DMM,-1,18,
2-7-6-11,current,0.00999994,RESULT,,,,COSETTE_CPW_W,CENFIRE-INLINE_probe08,,,,,,,2026-08-31 12:19:30,force2,apply,A,2-7-6-11,2,,3.064956,2A11_4B11,SMU,-1,17,
2-7-6-11,voltage,133.912,RESULT,,,,COSETTE_CPW_W,CENFIRE-INLINE_probe08,,,,,,,2026-08-31 12:19:30,sense2,measure,ohm,2-7-6-11,2,,,2F12_2E01,DMM,-1,17,
1-7-7-11,current,0.00999989,RESULT,,,,COSETTE_CPW_W,CENFIRE-INLINE_probe08,,,,,,,2026-08-31 12:19:38,force1,apply,A,1-7-7-11,1,,0.05134701,2A11_4B11,SMU,-1,9,
1-7-7-11,voltage,0.561331,RESULT,,,,COSETTE_CPW_W,CENFIRE-INLINE_probe08,,,,,,,2026-08-31 12:19:38,sense1,measure,ohm,1-7-7-11,1,,,2F12_2E01,DMM,-1,9,
2-7-7-11,current,0.00999995,RESULT,,,,COSETTE_CPW_W,CENFIRE-INLINE_probe08,,,,,,,2026-08-31 12:19:38,force2,apply,A,2-7-7-11,2,,3.070781,2A11_4B11,SMU,-1,8,
2-7-7-11,voltage,133.638,RESULT,,,,COSETTE_CPW_W,CENFIRE-INLINE_probe08,,,,,,,2026-08-31 12:19:38,sense2,measure,ohm,2-7-7-11,2,,,2F12_2E01,DMM,-1,8,
1-7-8-11,current,0.00999989,RESULT,,,,COSETTE_CPW_W,CENFIRE-INLINE_probe08,,,,,,,2026-08-31 12:19:46,force1,apply,A,1-7-8-11,1,,0.04931256,2A11_4B11,SMU,-1,0,
1-7-8-11,voltage,0.5627,RESULT,,,,COSETTE_CPW_W,CENFIRE-INLINE_probe08,,,,,,,2026-08-31 12:19:46,sense1,measure,ohm,1-7-8-11,1,,,2F12_2E01,DMM,-1,0,
2-7-8-11,current,0.00999994,RESULT,,,,COSETTE_CPW_W,CENFIRE-INLINE_probe08,,,,,,,2026-08-31 12:19:46,force2,apply,A,2-7-8-11,2,,2.952321,2A11_4B11,SMU,-1,-1,
2-7-8-11,voltage,132.501,RESULT,,,,COSETTE_CPW_W,CENFIRE-INLINE_probe08,,,,,,,2026-08-31 12:19:46,sense2,measure,ohm,2-7-8-11,2,,,2F12_2E01,DMM,-1,-1,
1-7-9-11,current,0.00999989,RESULT,,,,COSETTE_CPW_W,CENFIRE-INLINE_probe08,,,,,,,2026-08-31 12:19:54,force1,apply,A,1-7-9-11,1,,0.04910972,2A11_4B11,SMU,-1,-9,
1-7-9-11,voltage,0.551658,RESULT,,,,COSETTE_CPW_W,CENFIRE-INLINE_probe08,,,,,,,2026-08-31 12:19:54,sense1,measure,ohm,1-7-9-11,1,,,2F12_2E01,DMM,-1,-9,
2-7-9-11,current,0.00999995,RESULT,,,,COSETTE_CPW_W,CENFIRE-INLINE_probe08,,,,,,,2026-08-31 12:19:54,force2,apply,A,2-7-9-11,2,,3.041019,2A11_4B11,SMU,-1,-10,
2-7-9-11,voltage,132.482,RESULT,,,,COSETTE_CPW_W,CENFIRE-INLINE_probe08,,,,,,,2026-08-31 12:19:54,sense2,measure,ohm,2-7-9-11,2,,,2F12_2E01,DMM,-1,-10,
1-7-10-11,current,0.00999989,RESULT,,,,COSETTE_CPW_W,CENFIRE-INLINE_probe08,,,,,,,2026-08-31 12:20:03,force1,apply,A,1-7-10-11,1,,0.05643352,2A11_4B11,SMU,-1,-18,
1-7-10-11,voltage,0.544622,RESULT,,,,COSETTE_CPW_W,CENFIRE-INLINE_probe08,,,,,,,2026-08-31 12:20:03,sense1,measure,ohm,1-7-10-11,1,,,2F12_2E01,DMM,-1,-18,
2-7-10-11,current,0.00999994,RESULT,,,,COSETTE_CPW_W,CENFIRE-INLINE_probe08,,,,,,,2026-08-31 12:20:03,force2,apply,A,2-7-10-11,2,,3.084616,2A11_4B11,SMU,-1,-19,
2-7-10-11,voltage,133.138,RESULT,,,,COSETTE_CPW_W,CENFIRE-INLINE_probe08,,,,,,,2026-08-31 12:20:03,sense2,measure,ohm,2-7-10-11,2,,,2F12_2E01,DMM,-1,-19,
1-7-11-11,current,0.00999988,RESULT,,,,COSETTE_CPW_W,CENFIRE-INLINE_probe08,,,,,,,2026-08-31 12:20:11,force1,apply,A,1-7-11-11,1,,0.06600247,2A11_4B11,SMU,-1,-27,
1-7-11-11,voltage,0.550699,RESULT,,,,COSETTE_CPW_W,CENFIRE-INLINE_probe08,,,,,,,2026-08-31 12:20:11,sense1,measure,ohm,1-7-11-11,1,,,2F12_2E01,DMM,-1,-27,
2-7-11-11,current,0.00999994,RESULT,,,,COSETTE_CPW_W,CENFIRE-INLINE_probe08,,,,,,,2026-08-31 12:20:11,force2,apply,A,2-7-11-11,2,,3.271872,2A11_4B11,SMU,-1,-28,
2-7-11-11,voltage,135.232,RESULT,,,,COSETTE_CPW_W,CENFIRE-INLINE_probe08,,,,,,,2026-08-31 12:20:11,sense2,measure,ohm,2-7-11-11,2,,,2F12_2E01,DMM,-1,-28,
1-7-12-11,current,0.00999989,RESULT,,,,COSETTE_CPW_W,CENFIRE-INLINE_probe08,,,,,,,2026-08-31 12:20:19,force1,apply,A,1-7-12-11,1,,0.05467332,2A11_4B11,SMU,-1,-36,
1-7-12-11,voltage,0.56298,RESULT,,,,COSETTE_CPW_W,CENFIRE-INLINE_probe08,,,,,,,2026-08-31 12:20:19,sense1,measure,ohm,1-7-12-11,1,,,2F12_2E01,DMM,-1,-36,
2-7-12-11,current,0.00999994,RESULT,,,,COSETTE_CPW_W,CENFIRE-INLINE_probe08,,,,,,,2026-08-31 12:20:19,force2,apply,A,2-7-12-11,2,,3.371636,2A11_4B11,SMU,-1,-37,
2-7-12-11,voltage,138.098,RESULT,,,,COSETTE_CPW_W,CENFIRE-INLINE_probe08,,,,,,,2026-08-31 12:20:19,sense2,measure,ohm,2-7-12-11,2,,,2F12_2E01,DMM,-1,-37,
1-7-13-11,current,0.00999988,RESULT,,,,COSETTE_CPW_W,CENFIRE-INLINE_probe08,,,,,,,2026-08-31 12:20:27,force1,apply,A,1-7-13-11,1,,0.06860726,2A11_4B11,SMU,-1,-45,
1-7-13-11,voltage,0.583348,RESULT,,,,COSETTE_CPW_W,CENFIRE-INLINE_probe08,,,,,,,2026-08-31 12:20:27,sense1,measure,ohm,1-7-13-11,1,,,2F12_2E01,DMM,-1,-45,
2-7-13-11,current,0.00999994,RESULT,,,,COSETTE_CPW_W,CENFIRE-INLINE_probe08,,,,,,,2026-08-31 12:20:27,force2,apply,A,2-7-13-11,2,,3.653381,2A11_4B11,SMU,-1,-46,
2-7-13-11,voltage,140.666,RESULT,,,,COSETTE_CPW_W,CENFIRE-INLINE_probe08,,,,,,,2026-08-31 12:20:27,sense2,measure,ohm,2-7-13-11,2,,,2F12_2E01,DMM,-1,-46,
1-7-14-11,current,0.00999987,RESULT,,,,COSETTE_CPW_W,CENFIRE-INLINE_probe08,,,,,,,2026-08-31 12:20:35,force1,apply,A,1-7-14-11,1,,0.1601001,2A11_4B11,SMU,-1,-54,
1-7-14-11,voltage,0.600138,RESULT,,,,COSETTE_CPW_W,CENFIRE-INLINE_probe08,,,,,,,2026-08-31 12:20:35,sense1,measure,ohm,1-7-14-11,1,,,2F12_2E01,DMM,-1,-54,
2-7-14-11,current,0.00999994,RESULT,,,,COSETTE_CPW_W,CENFIRE-INLINE_probe08,,,,,,,2026-08-31 12:20:35,force2,apply,A,2-7-14-11,2,,3.730907,2A11_4B11,SMU,-1,-55,
2-7-14-11,voltage,144.279,RESULT,,,,COSETTE_CPW_W,CENFIRE-INLINE_probe08,,,,,,,2026-08-31 12:20:35,sense2,measure,ohm,2-7-14-11,2,,,2F12_2E01,DMM,-1,-55,
1-7-15-11,current,0.00999989,RESULT,,,,COSETTE_CPW_W,CENFIRE-INLINE_probe08,,,,,,,2026-08-31 12:20:43,force1,apply,A,1-7-15-11,1,,0.3284053,2A11_4B11,SMU,-1,-63,
1-7-15-11,voltage,0.728588,RESULT,,,,COSETTE_CPW_W,CENFIRE-INLINE_probe08,,,,,,,2026-08-31 12:20:43,sense1,measure,ohm,1-7-15-11,1,,,2F12_2E01,DMM,-1,-63,
1-7-2-12,current,0.00999988,RESULT,,,,COSETTE_CPW_W,CENFIRE-INLINE_probe08,,,,,,,2026-08-31 12:20:49,force1,apply,A,1-7-2-12,1,,0.06412424,2A11_4B11,SMU,-8,54,
1-7-2-12,voltage,0.570718,RESULT,,,,COSETTE_CPW_W,CENFIRE-INLINE_probe08,,,,,,,2026-08-31 12:20:49,sense1,measure,ohm,1-7-2-12,1,,,2F12_2E01,DMM,-8,54,
2-7-2-12,current,0.00994164,RESULT,,,,COSETTE_CPW_W,CENFIRE-INLINE_probe08,,,,,,,2026-08-31 12:20:49,force2,apply,A,2-7-2-12,2,,7.000514,2A11_4B11,SMU,-8,53,
2-7-2-12,voltage,0.683538,RESULT,,,,COSETTE_CPW_W,CENFIRE-INLINE_probe08,,,,,,,2026-08-31 12:20:49,sense2,measure,ohm,2-7-2-12,2,,,2F12_2E01,DMM,-8,53,
1-7-3-12,current,0.00999988,RESULT,,,,COSETTE_CPW_W,CENFIRE-INLINE_probe08,,,,,,,2026-08-31 12:20:57,force1,apply,A,1-7-3-12,1,,0.04912566,2A11_4B11,SMU,-8,45,
1-7-3-12,voltage,0.554261,RESULT,,,,COSETTE_CPW_W,CENFIRE-INLINE_probe08,,,,,,,2026-08-31 12:20:57,sense1,measure,ohm,1-7-3-12,1,,,2F12_2E01,DMM,-8,45,
2-7-3-12,current,0.00999994,RESULT,,,,COSETTE_CPW_W,CENFIRE-INLINE_probe08,,,,,,,2026-08-31 12:20:57,force2,apply,A,2-7-3-12,2,,3.018065,2A11_4B11,SMU,-8,44,
2-7-3-12,voltage,137.536,RESULT,,,,COSETTE_CPW_W,CENFIRE-INLINE_probe08,,,,,,,2026-08-31 12:20:57,sense2,measure,ohm,2-7-3-12,2,,,2F12_2E01,DMM,-8,44,
1-7-4-12,current,0.00999988,RESULT,,,,COSETTE_CPW_W,CENFIRE-INLINE_probe08,,,,,,,2026-08-31 12:21:05,force1,apply,A,1-7-4-12,1,,0.04940259,2A11_4B11,SMU,-8,36,
1-7-4-12,voltage,0.539399,RESULT,,,,COSETTE_CPW_W,CENFIRE-INLINE_probe08,,,,,,,2026-08-31 12:21:05,sense1,measure,ohm,1-7-4-12,1,,,2F12_2E01,DMM,-8,36,
2-7-4-12,current,0.00999994,RESULT,,,,COSETTE_CPW_W,CENFIRE-INLINE_probe08,,,,,,,2026-08-31 12:21:05,force2,apply,A,2-7-4-12,2,,3.250748,2A11_4B11,SMU,-8,35,
2-7-4-12,voltage,135.732,RESULT,,,,COSETTE_CPW_W,CENFIRE-INLINE_probe08,,,,,,,2026-08-31 12:21:05,sense2,measure,ohm,2-7-4-12,2,,,2F12_2E01,DMM,-8,35,
1-7-5-12,current,0.00999989,RESULT,,,,COSETTE_CPW_W,CENFIRE-INLINE_probe08,,,,,,,2026-08-31 12:21:14,force1,apply,A,1-7-5-12,1,,0.04484873,2A11_4B11,SMU,-8,27,
1-7-5-12,voltage,0.537829,RESULT,,,,COSETTE_CPW_W,CENFIRE-INLINE_probe08,,,,,,,2026-08-31 12:21:14,sense1,measure,ohm,1-7-5-12,1,,,2F12_2E01,DMM,-8,27,
2-7-5-12,current,0.00999994,RESULT,,,,COSETTE_CPW_W,CENFIRE-INLINE_probe08,,,,,,,2026-08-31 12:21:14,force2,apply,A,2-7-5-12,2,,3.196763,2A11_4B11,SMU,-8,26,
2-7-5-12,voltage,133.381,RESULT,,,,COSETTE_CPW_W,CENFIRE-INLINE_probe08,,,,,,,2026-08-31 12:21:14,sense2,measure,ohm,2-7-5-12,2,,,2F12_2E01,DMM,-8,26,
1-7-6-12,current,0.00999987,RESULT,,,,COSETTE_CPW_W,CENFIRE-INLINE_probe08,,,,,,,2026-08-31 12:21:22,force1,apply,A,1-7-6-12,1,,0.04801486,2A11_4B11,SMU,-8,18,
1-7-6-12,voltage,0.543635,RESULT,,,,COSETTE_CPW_W,CENFIRE-INLINE_probe08,,,,,,,2026-08-31 12:21:22,sense1,measure,ohm,1-7-6-12,1,,,2F12_2E01,DMM,-8,18,
2-7-6-12,current,0.00999994,RESULT,,,,COSETTE_CPW_W,CENFIRE-INLINE_probe08,,,,,,,2026-08-31 12:21:22,force2,apply,A,2-7-6-12,2,,3.065459,2A11_4B11,SMU,-8,17,
2-7-6-12,voltage,133.057,RESULT,,,,COSETTE_CPW_W,CENFIRE-INLINE_probe08,,,,,,,2026-08-31 12:21:22,sense2,measure,ohm,2-7-6-12,2,,,2F12_2E01,DMM,-8,17,
1-7-7-12,current,0.00999988,RESULT,,,,COSETTE_CPW_W,CENFIRE-INLINE_probe08,,,,,,,2026-08-31 12:21:30,force1,apply,A,1-7-7-12,1,,0.05179627,2A11_4B11,SMU,-8,9,
1-7-7-12,voltage,0.551937,RESULT,,,,COSETTE_CPW_W,CENFIRE-INLINE_probe08,,,,,,,2026-08-31 12:21:30,sense1,measure,ohm,1-7-7-12,1,,,2F12_2E01,DMM,-8,9,
2-7-7-12,current,0.00999994,RESULT,,,,COSETTE_CPW_W,CENFIRE-INLINE_probe08,,,,,,,2026-08-31 12:21:30,force2,apply,A,2-7-7-12,2,,3.040474,2A11_4B11,SMU,-8,8,
2-7-7-12,voltage,133.391,RESULT,,,,COSETTE_CPW_W,CENFIRE-INLINE_probe08,,,,,,,2026-08-31 12:21:30,sense2,measure,ohm,2-7-7-12,2,,,2F12_2E01,DMM,-8,8,
1-7-8-12,current,0.00999988,RESULT,,,,COSETTE_CPW_W,CENFIRE-INLINE_probe08,,,,,,,2026-08-31 12:21:38,force1,apply,A,1-7-8-12,1,,0.07183821,2A11_4B11,SMU,-8,0,
1-7-8-12,voltage,0.556264,RESULT,,,,COSETTE_CPW_W,CENFIRE-INLINE_probe08,,,,,,,2026-08-31 12:21:38,sense1,measure,ohm,1-7-8-12,1,,,2F12_2E01,DMM,-8,0,
2-7-8-12,current,0.00999994,RESULT,,,,COSETTE_CPW_W,CENFIRE-INLINE_probe08,,,,,,,2026-08-31 12:21:38,force2,apply,A,2-7-8-12,2,,2.955379,2A11_4B11,SMU,-8,-1,
2-7-8-12,voltage,132.208,RESULT,,,,COSETTE_CPW_W,CENFIRE-INLINE_probe08,,,,,,,2026-08-31 12:21:38,sense2,measure,ohm,2-7-8-12,2,,,2F12_2E01,DMM,-8,-1,
1-7-9-12,current,0.00999988,RESULT,,,,COSETTE_CPW_W,CENFIRE-INLINE_probe08,,,,,,,2026-08-31 12:21:46,force1,apply,A,1-7-9-12,1,,0.06565859,2A11_4B11,SMU,-8,-9,
1-7-9-12,voltage,0.547128,RESULT,,,,COSETTE_CPW_W,CENFIRE-INLINE_probe08,,,,,,,2026-08-31 12:21:46,sense1,measure,ohm,1-7-9-12,1,,,2F12_2E01,DMM,-8,-9,
2-7-9-12,current,0.00999994,RESULT,,,,COSETTE_CPW_W,CENFIRE-INLINE_probe08,,,,,,,2026-08-31 12:21:46,force2,apply,A,2-7-9-12,2,,3.000485,2A11_4B11,SMU,-8,-10,
2-7-9-12,voltage,130.916,RESULT,,,,COSETTE_CPW_W,CENFIRE-INLINE_probe08,,,,,,,2026-08-31 12:21:46,sense2,measure,ohm,2-7-9-12,2,,,2F12_2E01,DMM,-8,-10,
1-7-10-12,current,0.00999988,RESULT,,,,COSETTE_CPW_W,CENFIRE-INLINE_probe08,,,,,,,2026-08-31 12:21:55,force1,apply,A,1-7-10-12,1,,0.05261015,2A11_4B11,SMU,-8,-18,
1-7-10-12,voltage,0.544807,RESULT,,,,COSETTE_CPW_W,CENFIRE-INLINE_probe08,,,,,,,2026-08-31 12:21:55,sense1,measure,ohm,1-7-10-12,1,,,2F12_2E01,DMM,-8,-18,
2-7-10-12,current,0.00999994,RESULT,,,,COSETTE_CPW_W,CENFIRE-INLINE_probe08,,,,,,,2026-08-31 12:21:55,force2,apply,A,2-7-10-12,2,,3.12968,2A11_4B11,SMU,-8,-19,
2-7-10-12,voltage,131.4,RESULT,,,,COSETTE_CPW_W,CENFIRE-INLINE_probe08,,,,,,,2026-08-31 12:21:55,sense2,measure,ohm,2-7-10-12,2,,,2F12_2E01,DMM,-8,-19,
1-7-11-12,current,0.00999989,RESULT,,,,COSETTE_CPW_W,CENFIRE-INLINE_probe08,,,,,,,2026-08-31 12:22:03,force1,apply,A,1-7-11-12,1,,0.05393698,2A11_4B11,SMU,-8,-27,
1-7-11-12,voltage,0.548652,RESULT,,,,COSETTE_CPW_W,CENFIRE-INLINE_probe08,,,,,,,2026-08-31 12:22:03,sense1,measure,ohm,1-7-11-12,1,,,2F12_2E01,DMM,-8,-27,
2-7-11-12,current,0.00999994,RESULT,,,,COSETTE_CPW_W,CENFIRE-INLINE_probe08,,,,,,,2026-08-31 12:22:03,force2,apply,A,2-7-11-12,2,,3.314224,2A11_4B11,SMU,-8,-28,
2-7-11-12,voltage,133.407,RESULT,,,,COSETTE_CPW_W,CENFIRE-INLINE_probe08,,,,,,,2026-08-31 12:22:03,sense2,measure,ohm,2-7-11-12,2,,,2F12_2E01,DMM,-8,-28,
1-7-12-12,current,0.00999988,RESULT,,,,COSETTE_CPW_W,CENFIRE-INLINE_probe08,,,,,,,2026-08-31 12:22:11,force1,apply,A,1-7-12-12,1,,0.1399381,2A11_4B11,SMU,-8,-36,
1-7-12-12,voltage,0.563529,RESULT,,,,COSETTE_CPW_W,CENFIRE-INLINE_probe08,,,,,,,2026-08-31 12:22:11,sense1,measure,ohm,1-7-12-12,1,,,2F12_2E01,DMM,-8,-36,
2-7-12-12,current,0.00999995,RESULT,,,,COSETTE_CPW_W,CENFIRE-INLINE_probe08,,,,,,,2026-08-31 12:22:11,force2,apply,A,2-7-12-12,2,,3.573607,2A11_4B11,SMU,-8,-37,
2-7-12-12,voltage,136.74,RESULT,,,,COSETTE_CPW_W,CENFIRE-INLINE_probe08,,,,,,,2026-08-31 12:22:11,sense2,measure,ohm,2-7-12-12,2,,,2F12_2E01,DMM,-8,-37,
1-7-13-12,current,0.00999989,RESULT,,,,COSETTE_CPW_W,CENFIRE-INLINE_probe08,,,,,,,2026-08-31 12:22:19,force1,apply,A,1-7-13-12,1,,0.1413891,2A11_4B11,SMU,-8,-45,
1-7-13-12,voltage,0.583046,RESULT,,,,COSETTE_CPW_W,CENFIRE-INLINE_probe08,,,,,,,2026-08-31 12:22:19,sense1,measure,ohm,1-7-13-12,1,,,2F12_2E01,DMM,-8,-45,
2-7-13-12,current,0.00999994,RESULT,,,,COSETTE_CPW_W,CENFIRE-INLINE_probe08,,,,,,,2026-08-31 12:22:19,force2,apply,A,2-7-13-12,2,,3.617917,2A11_4B11,SMU,-8,-46,
2-7-13-12,voltage,141.061,RESULT,,,,COSETTE_CPW_W,CENFIRE-INLINE_probe08,,,,,,,2026-08-31 12:22:19,sense2,measure,ohm,2-7-13-12,2,,,2F12_2E01,DMM,-8,-46,
1-7-14-12,current,0.00999988,RESULT,,,,COSETTE_CPW_W,CENFIRE-INLINE_probe08,,,,,,,2026-08-31 12:22:28,force1,apply,A,1-7-14-12,1,,0.1074214,2A11_4B11,SMU,-8,-54,
1-7-14-12,voltage,0.596375,RESULT,,,,COSETTE_CPW_W,CENFIRE-INLINE_probe08,,,,,,,2026-08-31 12:22:28,sense1,measure,ohm,1-7-14-12,1,,,2F12_2E01,DMM,-8,-54,
2-7-14-12,current,0.00999994,RESULT,,,,COSETTE_CPW_W,CENFIRE-INLINE_probe08,,,,,,,2026-08-31 12:22:28,force2,apply,A,2-7-14-12,2,,3.389236,2A11_4B11,SMU,-8,-55,
2-7-14-12,voltage,142.696,RESULT,,,,COSETTE_CPW_W,CENFIRE-INLINE_probe08,,,,,,,2026-08-31 12:22:28,sense2,measure,ohm,2-7-14-12,2,,,2F12_2E01,DMM,-8,-55,
1-7-2-13,current,0.00999988,RESULT,,,,COSETTE_CPW_W,CENFIRE-INLINE_probe08,,,,,,,2026-08-31 12:22:36,force1,apply,A,1-7-2-13,1,,0.0528059,2A11_4B11,SMU,-15,54,
1-7-2-13,voltage,0.571998,RESULT,,,,COSETTE_CPW_W,CENFIRE-INLINE_probe08,,,,,,,2026-08-31 12:22:36,sense1,measure,ohm,1-7-2-13,1,,,2F12_2E01,DMM,-15,54,
2-7-2-13,current,0.00999992,RESULT,,,,COSETTE_CPW_W,CENFIRE-INLINE_probe08,,,,,,,2026-08-31 12:22:36,force2,apply,A,2-7-2-13,2,,7.000494,2A11_4B11,SMU,-15,53,
2-7-2-13,voltage,1.81481,RESULT,,,,COSETTE_CPW_W,CENFIRE-INLINE_probe08,,,,,,,2026-08-31 12:22:36,sense2,measure,ohm,2-7-2-13,2,,,2F12_2E01,DMM,-15,53,
1-7-3-13,current,0.00999987,RESULT,,,,COSETTE_CPW_W,CENFIRE-INLINE_probe08,,,,,,,2026-08-31 12:22:44,force1,apply,A,1-7-3-13,1,,0.04615745,2A11_4B11,SMU,-15,45,
1-7-3-13,voltage,0.55901,RESULT,,,,COSETTE_CPW_W,CENFIRE-INLINE_probe08,,,,,,,2026-08-31 12:22:44,sense1,measure,ohm,1-7-3-13,1,,,2F12_2E01,DMM,-15,45,
2-7-3-13,current,0.00999994,RESULT,,,,COSETTE_CPW_W,CENFIRE-INLINE_probe08,,,,,,,2026-08-31 12:22:44,force2,apply,A,2-7-3-13,2,,3.272744,2A11_4B11,SMU,-15,44,
2-7-3-13,voltage,138.522,RESULT,,,,COSETTE_CPW_W,CENFIRE-INLINE_probe08,,,,,,,2026-08-31 12:22:44,sense2,measure,ohm,2-7-3-13,2,,,2F12_2E01,DMM,-15,44,
1-7-4-13,current,0.00999988,RESULT,,,,COSETTE_CPW_W,CENFIRE-INLINE_probe08,,,,,,,2026-08-31 12:22:53,force1,apply,A,1-7-4-13,1,,0.04838821,2A11_4B11,SMU,-15,36,
1-7-4-13,voltage,0.548207,RESULT,,,,COSETTE_CPW_W,CENFIRE-INLINE_probe08,,,,,,,2026-08-31 12:22:53,sense1,measure,ohm,1-7-4-13,1,,,2F12_2E01,DMM,-15,36,
2-7-4-13,current,0.00999994,RESULT,,,,COSETTE_CPW_W,CENFIRE-INLINE_probe08,,,,,,,2026-08-31 12:22:53,force2,apply,A,2-7-4-13,2,,3.151629,2A11_4B11,SMU,-15,35,
2-7-4-13,voltage,136.061,RESULT,,,,COSETTE_CPW_W,CENFIRE-INLINE_probe08,,,,,,,2026-08-31 12:22:53,sense2,measure,ohm,2-7-4-13,2,,,2F12_2E01,DMM,-15,35,
1-7-5-13,current,0.00999988,RESULT,,,,COSETTE_CPW_W,CENFIRE-INLINE_probe08,,,,,,,2026-08-31 12:23:01,force1,apply,A,1-7-5-13,1,,0.05363021,2A11_4B11,SMU,-15,27,
1-7-5-13,voltage,0.536251,RESULT,,,,COSETTE_CPW_W,CENFIRE-INLINE_probe08,,,,,,,2026-08-31 12:23:01,sense1,measure,ohm,1-7-5-13,1,,,2F12_2E01,DMM,-15,27,
2-7-5-13,current,0.00999995,RESULT,,,,COSETTE_CPW_W,CENFIRE-INLINE_probe08,,,,,,,2026-08-31 12:23:01,force2,apply,A,2-7-5-13,2,,3.229795,2A11_4B11,SMU,-15,26,
2-7-5-13,voltage,134.277,RESULT,,,,COSETTE_CPW_W,CENFIRE-INLINE_probe08,,,,,,,2026-08-31 12:23:01,sense2,measure,ohm,2-7-5-13,2,,,2F12_2E01,DMM,-15,26,
1-7-6-13,current,0.00999989,RESULT,,,,COSETTE_CPW_W,CENFIRE-INLINE_probe08,,,,,,,2026-08-31 12:23:09,force1,apply,A,1-7-6-13,1,,0.0605884,2A11_4B11,SMU,-15,18,
1-7-6-13,voltage,0.538482,RESULT,,,,COSETTE_CPW_W,CENFIRE-INLINE_probe08,,,,,,,2026-08-31 12:23:09,sense1,measure,ohm,1-7-6-13,1,,,2F12_2E01,DMM,-15,18,
2-7-6-13,current,0.00999994,RESULT,,,,COSETTE_CPW_W,CENFIRE-INLINE_probe08,,,,,,,2026-08-31 12:23:09,force2,apply,A,2-7-6-13,2,,3.085725,2A11_4B11,SMU,-15,17,
2-7-6-13,voltage,132.287,RESULT,,,,COSETTE_CPW_W,CENFIRE-INLINE_probe08,,,,,,,2026-08-31 12:23:09,sense2,measure,ohm,2-7-6-13,2,,,2F12_2E01,DMM,-15,17,
1-7-7-13,current,0.00999988,RESULT,,,,COSETTE_CPW_W,CENFIRE-INLINE_probe08,,,,,,,2026-08-31 12:23:17,force1,apply,A,1-7-7-13,1,,0.0562192,2A11_4B11,SMU,-15,9,
1-7-7-13,voltage,0.54225,RESULT,,,,COSETTE_CPW_W,CENFIRE-INLINE_probe08,,,,,,,2026-08-31 12:23:17,sense1,measure,ohm,1-7-7-13,1,,,2F12_2E01,DMM,-15,9,
2-7-7-13,current,0.00999994,RESULT,,,,COSETTE_CPW_W,CENFIRE-INLINE_probe08,,,,,,,2026-08-31 12:23:17,force2,apply,A,2-7-7-13,2,,3.086855,2A11_4B11,SMU,-15,8,
2-7-7-13,voltage,132.958,RESULT,,,,COSETTE_CPW_W,CENFIRE-INLINE_probe08,,,,,,,2026-08-31 12:23:17,sense2,measure,ohm,2-7-7-13,2,,,2F12_2E01,DMM,-15,8,
1-7-8-13,current,0.00999988,RESULT,,,,COSETTE_CPW_W,CENFIRE-INLINE_probe08,,,,,,,2026-08-31 12:23:25,force1,apply,A,1-7-8-13,1,,0.0529255,2A11_4B11,SMU,-15,0,
1-7-8-13,voltage,-0.0215898,RESULT,,,,COSETTE_CPW_W,CENFIRE-INLINE_probe08,,,,,,,2026-08-31 12:23:25,sense1,measure,ohm,1-7-8-13,1,,,2F12_2E01,DMM,-15,0,
2-7-8-13,current,0.00999994,RESULT,,,,COSETTE_CPW_W,CENFIRE-INLINE_probe08,,,,,,,2026-08-31 12:23:25,force2,apply,A,2-7-8-13,2,,3.18024,2A11_4B11,SMU,-15,-1,
2-7-8-13,voltage,0.00716482,RESULT,,,,COSETTE_CPW_W,CENFIRE-INLINE_probe08,,,,,,,2026-08-31 12:23:25,sense2,measure,ohm,2-7-8-13,2,,,2F12_2E01,DMM,-15,-1,
1-7-9-13,current,0.00999989,RESULT,,,,COSETTE_CPW_W,CENFIRE-INLINE_probe08,,,,,,,2026-08-31 12:23:34,force1,apply,A,1-7-9-13,1,,0.05073834,2A11_4B11,SMU,-15,-9,
1-7-9-13,voltage,-0.0531958,RESULT,,,,COSETTE_CPW_W,CENFIRE-INLINE_probe08,,,,,,,2026-08-31 12:23:34,sense1,measure,ohm,1-7-9-13,1,,,2F12_2E01,DMM,-15,-9,
2-7-9-13,current,0.00999994,RESULT,,,,COSETTE_CPW_W,CENFIRE-INLINE_probe08,,,,,,,2026-08-31 12:23:34,force2,apply,A,2-7-9-13,2,,3.080878,2A11_4B11,SMU,-15,-10,
2-7-9-13,voltage,0.00774222,RESULT,,,,COSETTE_CPW_W,CENFIRE-INLINE_probe08,,,,,,,2026-08-31 12:23:34,sense2,measure,ohm,2-7-9-13,2,,,2F12_2E01,DMM,-15,-10,
1-7-10-13,current,0.00999988,RESULT,,,,COSETTE_CPW_W,CENFIRE-INLINE_probe08,,,,,,,2026-08-31 12:23:42,force1,apply,A,1-7-10-13,1,,0.07438318,2A11_4B11,SMU,-15,-18,
1-7-10-13,voltage,-0.0591992,RESULT,,,,COSETTE_CPW_W,CENFIRE-INLINE_probe08,,,,,,,2026-08-31 12:23:42,sense1,measure,ohm,1-7-10-13,1,,,2F12_2E01,DMM,-15,-18,
2-7-10-13,current,0.00999994,RESULT,,,,COSETTE_CPW_W,CENFIRE-INLINE_probe08,,,,,,,2026-08-31 12:23:42,force2,apply,A,2-7-10-13,2,,3.321629,2A11_4B11,SMU,-15,-19,
2-7-10-13,voltage,0.224452,RESULT,,,,COSETTE_CPW_W,CENFIRE-INLINE_probe08,,,,,,,2026-08-31 12:23:42,sense2,measure,ohm,2-7-10-13,2,,,2F12_2E01,DMM,-15,-19,
1-7-11-13,current,0.00999988,RESULT,,,,COSETTE_CPW_W,CENFIRE-INLINE_probe08,,,,,,,2026-08-31 12:23:50,force1,apply,A,1-7-11-13,1,,0.1105585,2A11_4B11,SMU,-15,-27,
1-7-11-13,voltage,0.552622,RESULT,,,,COSETTE_CPW_W,CENFIRE-INLINE_probe08,,,,,,,2026-08-31 12:23:50,sense1,measure,ohm,1-7-11-13,1,,,2F12_2E01,DMM,-15,-27,
2-7-11-13,current,0.00999994,RESULT,,,,COSETTE_CPW_W,CENFIRE-INLINE_probe08,,,,,,,2026-08-31 12:23:50,force2,apply,A,2-7-11-13,2,,3.255239,2A11_4B11,SMU,-15,-28,
2-7-11-13,voltage,45.0252,RESULT,,,,COSETTE_CPW_W,CENFIRE-INLINE_probe08,,,,,,,2026-08-31 12:23:50,sense2,measure,ohm,2-7-11-13,2,,,2F12_2E01,DMM,-15,-28,
1-7-12-13,current,0.00999988,RESULT,,,,COSETTE_CPW_W,CENFIRE-INLINE_probe08,,,,,,,2026-08-31 12:23:58,force1,apply,A,1-7-12-13,1,,0.1078843,2A11_4B11,SMU,-15,-36,
1-7-12-13,voltage,-0.0258269,RESULT,,,,COSETTE_CPW_W,CENFIRE-INLINE_probe08,,,,,,,2026-08-31 12:23:58,sense1,measure,ohm,1-7-12-13,1,,,2F12_2E01,DMM,-15,-36,
2-7-12-13,current,0.00999994,RESULT,,,,COSETTE_CPW_W,CENFIRE-INLINE_probe08,,,,,,,2026-08-31 12:23:58,force2,apply,A,2-7-12-13,2,,3.612997,2A11_4B11,SMU,-15,-37,
2-7-12-13,voltage,0.120723,RESULT,,,,COSETTE_CPW_W,CENFIRE-INLINE_probe08,,,,,,,2026-08-31 12:23:58,sense2,measure,ohm,2-7-12-13,2,,,2F12_2E01,DMM,-15,-37,
1-7-13-13,current,0.00999989,RESULT,,,,COSETTE_CPW_W,CENFIRE-INLINE_probe08,,,,,,,2026-08-31 12:24:07,force1,apply,A,1-7-13-13,1,,0.1059067,2A11_4B11,SMU,-15,-45,
1-7-13-13,voltage,-0.0457972,RESULT,,,,COSETTE_CPW_W,CENFIRE-INLINE_probe08,,,,,,,2026-08-31 12:24:07,sense1,measure,ohm,1-7-13-13,1,,,2F12_2E01,DMM,-15,-45,
2-7-13-13,current,0.00999995,RESULT,,,,COSETTE_CPW_W,CENFIRE-INLINE_probe08,,,,,,,2026-08-31 12:24:07,force2,apply,A,2-7-13-13,2,,3.735237,2A11_4B11,SMU,-15,-46,
2-7-13-13,voltage,0.0142983,RESULT,,,,COSETTE_CPW_W,CENFIRE-INLINE_probe08,,,,,,,2026-08-31 12:24:07,sense2,measure,ohm,2-7-13-13,2,,,2F12_2E01,DMM,-15,-46,
1-7-14-13,current,0.00999988,RESULT,,,,COSETTE_CPW_W,CENFIRE-INLINE_probe08,,,,,,,2026-08-31 12:24:15,force1,apply,A,1-7-14-13,1,,0.08487387,2A11_4B11,SMU,-15,-54,
1-7-14-13,voltage,-0.0507784,RESULT,,,,COSETTE_CPW_W,CENFIRE-INLINE_probe08,,,,,,,2026-08-31 12:24:15,sense1,measure,ohm,1-7-14-13,1,,,2F12_2E01,DMM,-15,-54,
2-7-14-13,current,0.00999994,RESULT,,,,COSETTE_CPW_W,CENFIRE-INLINE_probe08,,,,,,,2026-08-31 12:24:15,force2,apply,A,2-7-14-13,2,,3.287828,2A11_4B11,SMU,-15,-55,
2-7-14-13,voltage,0.0164446,RESULT,,,,COSETTE_CPW_W,CENFIRE-INLINE_probe08,,,,,,,2026-08-31 12:24:15,sense2,measure,ohm,2-7-14-13,2,,,2F12_2E01,DMM,-15,-55,
1-7-2-14,current,0.00999988,RESULT,,,,COSETTE_CPW_W,CENFIRE-INLINE_probe08,,,,,,,2026-08-31 12:24:24,force1,apply,A,1-7-2-14,1,,0.05001206,2A11_4B11,SMU,-22,54,
1-7-2-14,voltage,-0.040387,RESULT,,,,COSETTE_CPW_W,CENFIRE-INLINE_probe08,,,,,,,2026-08-31 12:24:24,sense1,measure,ohm,1-7-2-14,1,,,2F12_2E01,DMM,-22,54,
2-7-2-14,current,0.00939141,RESULT,,,,COSETTE_CPW_W,CENFIRE-INLINE_probe08,,,,,,,2026-08-31 12:24:24,force2,apply,A,2-7-2-14,2,,7.000519,2A11_4B11,SMU,-22,53,
2-7-2-14,voltage,-0.122526,RESULT,,,,COSETTE_CPW_W,CENFIRE-INLINE_probe08,,,,,,,2026-08-31 12:24:24,sense2,measure,ohm,2-7-2-14,2,,,2F12_2E01,DMM,-22,53,
1-7-3-14,current,0.00999988,RESULT,,,,COSETTE_CPW_W,CENFIRE-INLINE_probe08,,,,,,,2026-08-31 12:24:32,force1,apply,A,1-7-3-14,1,,0.05213742,2A11_4B11,SMU,-22,45,
1-7-3-14,voltage,0.0354087,RESULT,,,,COSETTE_CPW_W,CENFIRE-INLINE_probe08,,,,,,,2026-08-31 12:24:32,sense1,measure,ohm,1-7-3-14,1,,,2F12_2E01,DMM,-22,45,
2-7-3-14,current,0.00999994,RESULT,,,,COSETTE_CPW_W,CENFIRE-INLINE_probe08,,,,,,,2026-08-31 12:24:32,force2,apply,A,2-7-3-14,2,,3.525913,2A11_4B11,SMU,-22,44,
2-7-3-14,voltage,0.0165783,RESULT,,,,COSETTE_CPW_W,CENFIRE-INLINE_probe08,,,,,,,2026-08-31 12:24:32,sense2,measure,ohm,2-7-3-14,2,,,2F12_2E01,DMM,-22,44,
1-7-4-14,current,0.00999988,RESULT,,,,COSETTE_CPW_W,CENFIRE-INLINE_probe08,,,,,,,2026-08-31 12:24:40,force1,apply,A,1-7-4-14,1,,0.04889603,2A11_4B11,SMU,-22,36,
1-7-4-14,voltage,-0.0391305,RESULT,,,,COSETTE_CPW_W,CENFIRE-INLINE_probe08,,,,,,,2026-08-31 12:24:40,sense1,measure,ohm,1-7-4-14,1,,,2F12_2E01,DMM,-22,36,
2-7-4-14,current,0.00999994,RESULT,,,,COSETTE_CPW_W,CENFIRE-INLINE_probe08,,,,,,,2026-08-31 12:24:40,force2,apply,A,2-7-4-14,2,,3.112856,2A11_4B11,SMU,-22,35,
2-7-4-14,voltage,0.0165264,RESULT,,,,COSETTE_CPW_W,CENFIRE-INLINE_probe08,,,,,,,2026-08-31 12:24:40,sense2,measure,ohm,2-7-4-14,2,,,2F12_2E01,DMM,-22,35,
1-7-5-14,current,0.00999987,RESULT,,,,COSETTE_CPW_W,CENFIRE-INLINE_probe08,,,,,,,2026-08-31 12:24:48,force1,apply,A,1-7-5-14,1,,0.06959572,2A11_4B11,SMU,-22,27,
1-7-5-14,voltage,-0.0467345,RESULT,,,,COSETTE_CPW_W,CENFIRE-INLINE_probe08,,,,,,,2026-08-31 12:24:48,sense1,measure,ohm,1-7-5-14,1,,,2F12_2E01,DMM,-22,27,
2-7-5-14,current,0.00999993,RESULT,,,,COSETTE_CPW_W,CENFIRE-INLINE_probe08,,,,,,,2026-08-31 12:24:48,force2,apply,A,2-7-5-14,2,,3.302544,2A11_4B11,SMU,-22,26,
2-7-5-14,voltage,0.00225453,RESULT,,,,COSETTE_CPW_W,CENFIRE-INLINE_probe08,,,,,,,2026-08-31 12:24:48,sense2,measure,ohm,2-7-5-14,2,,,2F12_2E01,DMM,-22,26,
1-7-6-14,current,0.00999988,RESULT,,,,COSETTE_CPW_W,CENFIRE-INLINE_probe08,,,,,,,2026-08-31 12:24:57,force1,apply,A,1-7-6-14,1,,0.05090044,2A11_4B11,SMU,-22,18,
1-7-6-14,voltage,-0.0371964,RESULT,,,,COSETTE_CPW_W,CENFIRE-INLINE_probe08,,,,,,,2026-08-31 12:24:57,sense1,measure,ohm,1-7-6-14,1,,,2F12_2E01,DMM,-22,18,
2-7-6-14,current,0.00999993,RESULT,,,,COSETTE_CPW_W,CENFIRE-INLINE_probe08,,,,,,,2026-08-31 12:24:57,force2,apply,A,2-7-6-14,2,,3.252748,2A11_4B11,SMU,-22,17,
2-7-6-14,voltage,0.00644001,RESULT,,,,COSETTE_CPW_W,CENFIRE-INLINE_probe08,,,,,,,2026-08-31 12:24:57,sense2,measure,ohm,2-7-6-14,2,,,2F12_2E01,DMM,-22,17,
1-7-7-14,current,0.00999988,RESULT,,,,COSETTE_CPW_W,CENFIRE-INLINE_probe08,,,,,,,2026-08-31 12:25:05,force1,apply,A,1-7-7-14,1,,0.1155692,2A11_4B11,SMU,-22,9,
1-7-7-14,voltage,-0.0315536,RESULT,,,,COSETTE_CPW_W,CENFIRE-INLINE_probe08,,,,,,,2026-08-31 12:25:05,sense1,measure,ohm,1-7-7-14,1,,,2F12_2E01,DMM,-22,9,
2-7-7-14,current,0.00999995,RESULT,,,,COSETTE_CPW_W,CENFIRE-INLINE_probe08,,,,,,,2026-08-31 12:25:05,force2,apply,A,2-7-7-14,2,,3.134743,2A11_4B11,SMU,-22,8,
2-7-7-14,voltage,0.00963272,RESULT,,,,COSETTE_CPW_W,CENFIRE-INLINE_probe08,,,,,,,2026-08-31 12:25:05,sense2,measure,ohm,2-7-7-14,2,,,2F12_2E01,DMM,-22,8,
1-7-8-14,current,0.00999989,RESULT,,,,COSETTE_CPW_W,CENFIRE-INLINE_probe08,,,,,,,2026-08-31 12:25:13,force1,apply,A,1-7-8-14,1,,0.06675614,2A11_4B11,SMU,-22,0,
1-7-8-14,voltage,-0.0341613,RESULT,,,,COSETTE_CPW_W,CENFIRE-INLINE_probe08,,,,,,,2026-08-31 12:25:13,sense1,measure,ohm,1-7-8-14,1,,,2F12_2E01,DMM,-22,0,
2-7-8-14,current,0.00999995,RESULT,,,,COSETTE_CPW_W,CENFIRE-INLINE_probe08,,,,,,,2026-08-31 12:25:13,force2,apply,A,2-7-8-14,2,,3.199462,2A11_4B11,SMU,-22,-1,
2-7-8-14,voltage,0.0121685,RESULT,,,,COSETTE_CPW_W,CENFIRE-INLINE_probe08,,,,,,,2026-08-31 12:25:13,sense2,measure,ohm,2-7-8-14,2,,,2F12_2E01,DMM,-22,-1,
1-7-9-14,current,0.00999989,RESULT,,,,COSETTE_CPW_W,CENFIRE-INLINE_probe08,,,,,,,2026-08-31 12:25:21,force1,apply,A,1-7-9-14,1,,0.07124311,2A11_4B11,SMU,-22,-9,
1-7-9-14,voltage,-0.0460347,RESULT,,,,COSETTE_CPW_W,CENFIRE-INLINE_probe08,,,,,,,2026-08-31 12:25:21,sense1,measure,ohm,1-7-9-14,1,,,2F12_2E01,DMM,-22,-9,
2-7-9-14,current,0.00999994,RESULT,,,,COSETTE_CPW_W,CENFIRE-INLINE_probe08,,,,,,,2026-08-31 12:25:21,force2,apply,A,2-7-9-14,2,,3.175596,2A11_4B11,SMU,-22,-10,
2-7-9-14,voltage,0.0150077,RESULT,,,,COSETTE_CPW_W,CENFIRE-INLINE_probe08,,,,,,,2026-08-31 12:25:21,sense2,measure,ohm,2-7-9-14,2,,,2F12_2E01,DMM,-22,-10,
1-7-10-14,current,0.00999988,RESULT,,,,COSETTE_CPW_W,CENFIRE-INLINE_probe08,,,,,,,2026-08-31 12:25:30,force1,apply,A,1-7-10-14,1,,0.05638879,2A11_4B11,SMU,-22,-18,
1-7-10-14,voltage,-0.0389045,RESULT,,,,COSETTE_CPW_W,CENFIRE-INLINE_probe08,,,,,,,2026-08-31 12:25:30,sense1,measure,ohm,1-7-10-14,1,,,2F12_2E01,DMM,-22,-18,
2-7-10-14,current,0.00999994,RESULT,,,,COSETTE_CPW_W,CENFIRE-INLINE_probe08,,,,,,,2026-08-31 12:25:30,force2,apply,A,2-7-10-14,2,,3.299417,2A11_4B11,SMU,-22,-19,
2-7-10-14,voltage,0.0262288,RESULT,,,,COSETTE_CPW_W,CENFIRE-INLINE_probe08,,,,,,,2026-08-31 12:25:30,sense2,measure,ohm,2-7-10-14,2,,,2F12_2E01,DMM,-22,-19,
1-7-11-14,current,0.00999988,RESULT,,,,COSETTE_CPW_W,CENFIRE-INLINE_probe08,,,,,,,2026-08-31 12:25:38,force1,apply,A,1-7-11-14,1,,0.0546273,2A11_4B11,SMU,-22,-27,
1-7-11-14,voltage,-0.0421905,RESULT,,,,COSETTE_CPW_W,CENFIRE-INLINE_probe08,,,,,,,2026-08-31 12:25:38,sense1,measure,ohm,1-7-11-14,1,,,2F12_2E01,DMM,-22,-27,
2-7-11-14,current,0.00999994,RESULT,,,,COSETTE_CPW_W,CENFIRE-INLINE_probe08,,,,,,,2026-08-31 12:25:38,force2,apply,A,2-7-11-14,2,,3.382442,2A11_4B11,SMU,-22,-28,
2-7-11-14,voltage,0.0192051,RESULT,,,,COSETTE_CPW_W,CENFIRE-INLINE_probe08,,,,,,,2026-08-31 12:25:38,sense2,measure,ohm,2-7-11-14,2,,,2F12_2E01,DMM,-22,-28,
1-7-12-14,current,0.00999989,RESULT,,,,COSETTE_CPW_W,CENFIRE-INLINE_probe08,,,,,,,2026-08-31 12:25:46,force1,apply,A,1-7-12-14,1,,0.1056677,2A11_4B11,SMU,-22,-36,
1-7-12-14,voltage,-0.0357367,RESULT,,,,COSETTE_CPW_W,CENFIRE-INLINE_probe08,,,,,,,2026-08-31 12:25:46,sense1,measure,ohm,1-7-12-14,1,,,2F12_2E01,DMM,-22,-36,
2-7-12-14,current,0.00999994,RESULT,,,,COSETTE_CPW_W,CENFIRE-INLINE_probe08,,,,,,,2026-08-31 12:25:46,force2,apply,A,2-7-12-14,2,,3.739377,2A11_4B11,SMU,-22,-37,
2-7-12-14,voltage,0.0146647,RESULT,,,,COSETTE_CPW_W,CENFIRE-INLINE_probe08,,,,,,,2026-08-31 12:25:46,sense2,measure,ohm,2-7-12-14,2,,,2F12_2E01,DMM,-22,-37,
1-7-13-14,current,0.00999988,RESULT,,,,COSETTE_CPW_W,CENFIRE-INLINE_probe08,,,,,,,2026-08-31 12:25:54,force1,apply,A,1-7-13-14,1,,0.06142744,2A11_4B11,SMU,-22,-45,
1-7-13-14,voltage,-0.0415935,RESULT,,,,COSETTE_CPW_W,CENFIRE-INLINE_probe08,,,,,,,2026-08-31 12:25:54,sense1,measure,ohm,1-7-13-14,1,,,2F12_2E01,DMM,-22,-45,
2-7-13-14,current,0.00999993,RESULT,,,,COSETTE_CPW_W,CENFIRE-INLINE_probe08,,,,,,,2026-08-31 12:25:54,force2,apply,A,2-7-13-14,2,,3.38095,2A11_4B11,SMU,-22,-46,
2-7-13-14,voltage,-4.4482,RESULT,,,,COSETTE_CPW_W,CENFIRE-INLINE_probe08,,,,,,,2026-08-31 12:25:54,sense2,measure,ohm,2-7-13-14,2,,,2F12_2E01,DMM,-22,-46,
1-7-14-14,current,0.00999988,RESULT,,,,COSETTE_CPW_W,CENFIRE-INLINE_probe08,,,,,,,2026-08-31 12:26:03,force1,apply,A,1-7-14-14,1,,0.07845544,2A11_4B11,SMU,-22,-54,
1-7-14-14,voltage,0.0458601,RESULT,,,,COSETTE_CPW_W,CENFIRE-INLINE_probe08,,,,,,,2026-08-31 12:26:03,sense1,measure,ohm,1-7-14-14,1,,,2F12_2E01,DMM,-22,-54,
2-7-14-14,current,1.83915e-07,RESULT,,,,COSETTE_CPW_W,CENFIRE-INLINE_probe08,,,,,,,2026-08-31 12:26:03,force2,apply,A,2-7-14-14,2,,7.00051,2A11_4B11,SMU,-22,-55,
2-7-14-14,voltage,-8781.24,RESULT,,,,COSETTE_CPW_W,CENFIRE-INLINE_probe08,,,,,,,2026-08-31 12:26:03,sense2,measure,ohm,2-7-14-14,2,,,2F12_2E01,DMM,-22,-55,
1-7-3-15,current,0.00999988,RESULT,,,,COSETTE_CPW_W,CENFIRE-INLINE_probe08,,,,,,,2026-08-31 12:26:11,force1,apply,A,1-7-3-15,1,,0.05783555,2A11_4B11,SMU,-29,45,
1-7-3-15,voltage,0.0464192,RESULT,,,,COSETTE_CPW_W,CENFIRE-INLINE_probe08,,,,,,,2026-08-31 12:26:11,sense1,measure,ohm,1-7-3-15,1,,,2F12_2E01,DMM,-29,45,
2-7-3-15,current,0.00946824,RESULT,,,,COSETTE_CPW_W,CENFIRE-INLINE_probe08,,,,,,,2026-08-31 12:26:11,force2,apply,A,2-7-3-15,2,,7.000514,2A11_4B11,SMU,-29,44,
2-7-3-15,voltage,-0.109183,RESULT,,,,COSETTE_CPW_W,CENFIRE-INLINE_probe08,,,,,,,2026-08-31 12:26:11,sense2,measure,ohm,2-7-3-15,2,,,2F12_2E01,DMM,-29,44,
1-7-4-15,current,0.00999989,RESULT,,,,COSETTE_CPW_W,CENFIRE-INLINE_probe08,,,,,,,2026-08-31 12:26:20,force1,apply,A,1-7-4-15,1,,0.05784699,2A11_4B11,SMU,-29,36,
1-7-4-15,voltage,0.0406485,RESULT,,,,COSETTE_CPW_W,CENFIRE-INLINE_probe08,,,,,,,2026-08-31 12:26:20,sense1,measure,ohm,1-7-4-15,1,,,2F12_2E01,DMM,-29,36,
2-7-4-15,current,0.00999994,RESULT,,,,COSETTE_CPW_W,CENFIRE-INLINE_probe08,,,,,,,2026-08-31 12:26:20,force2,apply,A,2-7-4-15,2,,3.1993,2A11_4B11,SMU,-29,35,
2-7-4-15,voltage,0.0249552,RESULT,,,,COSETTE_CPW_W,CENFIRE-INLINE_probe08,,,,,,,2026-08-31 12:26:20,sense2,measure,ohm,2-7-4-15,2,,,2F12_2E01,DMM,-29,35,
1-7-5-15,current,0.00999988,RESULT,,,,COSETTE_CPW_W,CENFIRE-INLINE_probe08,,,,,,,2026-08-31 12:26:28,force1,apply,A,1-7-5-15,1,,0.05560856,2A11_4B11,SMU,-29,27,
1-7-5-15,voltage,-0.0409539,RESULT,,,,COSETTE_CPW_W,CENFIRE-INLINE_probe08,,,,,,,2026-08-31 12:26:28,sense1,measure,ohm,1-7-5-15,1,,,2F12_2E01,DMM,-29,27,
2-7-5-15,current,0.00999994,RESULT,,,,COSETTE_CPW_W,CENFIRE-INLINE_probe08,,,,,,,2026-08-31 12:26:28,force2,apply,A,2-7-5-15,2,,3.220713,2A11_4B11,SMU,-29,26,
2-7-5-15,voltage,0.0148164,RESULT,,,,COSETTE_CPW_W,CENFIRE-INLINE_probe08,,,,,,,2026-08-31 12:26:28,sense2,measure,ohm,2-7-5-15,2,,,2F12_2E01,DMM,-29,26,
1-7-6-15,current,0.00999988,RESULT,,,,COSETTE_CPW_W,CENFIRE-INLINE_probe08,,,,,,,2026-08-31 12:26:36,force1,apply,A,1-7-6-15,1,,0.07451186,2A11_4B11,SMU,-29,18,
1-7-6-15,voltage,-0.0710704,RESULT,,,,COSETTE_CPW_W,CENFIRE-INLINE_probe08,,,,,,,2026-08-31 12:26:36,sense1,measure,ohm,1-7-6-15,1,,,2F12_2E01,DMM,-29,18,
2-7-6-15,current,0.00999993,RESULT,,,,COSETTE_CPW_W,CENFIRE-INLINE_probe08,,,,,,,2026-08-31 12:26:36,force2,apply,A,2-7-6-15,2,,7.000513,2A11_4B11,SMU,-29,17,
2-7-6-15,voltage,-0.099941,RESULT,,,,COSETTE_CPW_W,CENFIRE-INLINE_probe08,,,,,,,2026-08-31 12:26:36,sense2,measure,ohm,2-7-6-15,2,,,2F12_2E01,DMM,-29,17,
1-7-7-15,current,0.00999988,RESULT,,,,COSETTE_CPW_W,CENFIRE-INLINE_probe08,,,,,,,2026-08-31 12:26:47,force1,apply,A,1-7-7-15,1,,0.0632194,2A11_4B11,SMU,-29,9,
1-7-7-15,voltage,0.0304478,RESULT,,,,COSETTE_CPW_W,CENFIRE-INLINE_probe08,,,,,,,2026-08-31 12:26:47,sense1,measure,ohm,1-7-7-15,1,,,2F12_2E01,DMM,-29,9,
2-7-7-15,current,0.00999994,RESULT,,,,COSETTE_CPW_W,CENFIRE-INLINE_probe08,,,,,,,2026-08-31 12:26:47,force2,apply,A,2-7-7-15,2,,3.417989,2A11_4B11,SMU,-29,8,
2-7-7-15,voltage,-0.0105156,RESULT,,,,COSETTE_CPW_W,CENFIRE-INLINE_probe08,,,,,,,2026-08-31 12:26:47,sense2,measure,ohm,2-7-7-15,2,,,2F12_2E01,DMM,-29,8,
1-7-8-15,current,0.00999989,RESULT,,,,COSETTE_CPW_W,CENFIRE-INLINE_probe08,,,,,,,2026-08-31 12:26:55,force1,apply,A,1-7-8-15,1,,0.08054752,2A11_4B11,SMU,-29,0,
1-7-8-15,voltage,0.0255535,RESULT,,,,COSETTE_CPW_W,CENFIRE-INLINE_probe08,,,,,,,2026-08-31 12:26:55,sense1,measure,ohm,1-7-8-15,1,,,2F12_2E01,DMM,-29,0,
2-7-8-15,current,0.00999994,RESULT,,,,COSETTE_CPW_W,CENFIRE-INLINE_probe08,,,,,,,2026-08-31 12:26:55,force2,apply,A,2-7-8-15,2,,3.425251,2A11_4B11,SMU,-29,-1,
2-7-8-15,voltage,0.023729,RESULT,,,,COSETTE_CPW_W,CENFIRE-INLINE_probe08,,,,,,,2026-08-31 12:26:55,sense2,measure,ohm,2-7-8-15,2,,,2F12_2E01,DMM,-29,-1,
1-7-9-15,current,0.00999988,RESULT,,,,COSETTE_CPW_W,CENFIRE-INLINE_probe08,,,,,,,2026-08-31 12:27:03,force1,apply,A,1-7-9-15,1,,0.05741753,2A11_4B11,SMU,-29,-9,
1-7-9-15,voltage,-0.0376268,RESULT,,,,COSETTE_CPW_W,CENFIRE-INLINE_probe08,,,,,,,2026-08-31 12:27:03,sense1,measure,ohm,1-7-9-15,1,,,2F12_2E01,DMM,-29,-9,
2-7-9-15,current,0.00999994,RESULT,,,,COSETTE_CPW_W,CENFIRE-INLINE_probe08,,,,,,,2026-08-31 12:27:03,force2,apply,A,2-7-9-15,2,,3.495329,2A11_4B11,SMU,-29,-10,
2-7-9-15,voltage,0.0226448,RESULT,,,,COSETTE_CPW_W,CENFIRE-INLINE_probe08,,,,,,,2026-08-31 12:27:03,sense2,measure,ohm,2-7-9-15,2,,,2F12_2E01,DMM,-29,-10,
1-7-10-15,current,0.00999989,RESULT,,,,COSETTE_CPW_W,CENFIRE-INLINE_probe08,,,,,,,2026-08-31 12:27:11,force1,apply,A,1-7-10-15,1,,0.05891024,2A11_4B11,SMU,-29,-18,
1-7-10-15,voltage,-0.0388381,RESULT,,,,COSETTE_CPW_W,CENFIRE-INLINE_probe08,,,,,,,2026-08-31 12:27:11,sense1,measure,ohm,1-7-10-15,1,,,2F12_2E01,DMM,-29,-18,
2-7-10-15,current,0.00999995,RESULT,,,,COSETTE_CPW_W,CENFIRE-INLINE_probe08,,,,,,,2026-08-31 12:27:11,force2,apply,A,2-7-10-15,2,,3.53803,2A11_4B11,SMU,-29,-19,
2-7-10-15,voltage,1.27096,RESULT,,,,COSETTE_CPW_W,CENFIRE-INLINE_probe08,,,,,,,2026-08-31 12:27:11,sense2,measure,ohm,2-7-10-15,2,,,2F12_2E01,DMM,-29,-19,
1-7-11-15,current,0.00999989,RESULT,,,,COSETTE_CPW_W,CENFIRE-INLINE_probe08,,,,,,,2026-08-31 12:27:20,force1,apply,A,1-7-11-15,1,,0.06049516,2A11_4B11,SMU,-29,-27,
1-7-11-15,voltage,-0.0335953,RESULT,,,,COSETTE_CPW_W,CENFIRE-INLINE_probe08,,,,,,,2026-08-31 12:27:20,sense1,measure,ohm,1-7-11-15,1,,,2F12_2E01,DMM,-29,-27,
2-7-11-15,current,0.00999994,RESULT,,,,COSETTE_CPW_W,CENFIRE-INLINE_probe08,,,,,,,2026-08-31 12:27:20,force2,apply,A,2-7-11-15,2,,3.477812,2A11_4B11,SMU,-29,-28,
2-7-11-15,voltage,0.0375796,RESULT,,,,COSETTE_CPW_W,CENFIRE-INLINE_probe08,,,,,,,2026-08-31 12:27:20,sense2,measure,ohm,2-7-11-15,2,,,2F12_2E01,DMM,-29,-28,
1-7-12-15,current,0.00999988,RESULT,,,,COSETTE_CPW_W,CENFIRE-INLINE_probe08,,,,,,,2026-08-31 12:27:28,force1,apply,A,1-7-12-15,1,,0.1411789,2A11_4B11,SMU,-29,-36,
1-7-12-15,voltage,-0.0487461,RESULT,,,,COSETTE_CPW_W,CENFIRE-INLINE_probe08,,,,,,,2026-08-31 12:27:28,sense1,measure,ohm,1-7-12-15,1,,,2F12_2E01,DMM,-29,-36,
2-7-12-15,current,0.00999704,RESULT,,,,COSETTE_CPW_W,CENFIRE-INLINE_probe08,,,,,,,2026-08-31 12:27:28,force2,apply,A,2-7-12-15,2,,3.349992,2A11_4B11,SMU,-29,-37,
2-7-12-15,voltage,0.025544,RESULT,,,,COSETTE_CPW_W,CENFIRE-INLINE_probe08,,,,,,,2026-08-31 12:27:28,sense2,measure,ohm,2-7-12-15,2,,,2F12_2E01,DMM,-29,-37,
1-7-13-15,current,0.00999989,RESULT,,,,COSETTE_CPW_W,CENFIRE-INLINE_probe08,,,,,,,2026-08-31 12:27:36,force1,apply,A,1-7-13-15,1,,0.1062372,2A11_4B11,SMU,-29,-45,
1-7-13-15,voltage,-0.0434838,RESULT,,,,COSETTE_CPW_W,CENFIRE-INLINE_probe08,,,,,,,2026-08-31 12:27:36,sense1,measure,ohm,1-7-13-15,1,,,2F12_2E01,DMM,-29,-45,
2-7-13-15,current,0.00999994,RESULT,,,,COSETTE_CPW_W,CENFIRE-INLINE_probe08,,,,,,,2026-08-31 12:27:36,force2,apply,A,2-7-13-15,2,,3.455277,2A11_4B11,SMU,-29,-46,
2-7-13-15,voltage,0.0206113,RESULT,,,,COSETTE_CPW_W,CENFIRE-INLINE_probe08,,,,,,,2026-08-31 12:27:36,sense2,measure,ohm,2-7-13-15,2,,,2F12_2E01,DMM,-29,-46,
1-7-3-16,current,0.00999989,RESULT,,,,COSETTE_CPW_W,CENFIRE-INLINE_probe08,,,,,,,2026-08-31 12:27:45,force1,apply,A,1-7-3-16,1,,0.06405595,2A11_4B11,SMU,-36,45,
1-7-3-16,voltage,-0.0437564,RESULT,,,,COSETTE_CPW_W,CENFIRE-INLINE_probe08,,,,,,,2026-08-31 12:27:45,sense1,measure,ohm,1-7-3-16,1,,,2F12_2E01,DMM,-36,45,
2-7-3-16,current,0.00464135,RESULT,,,,COSETTE_CPW_W,CENFIRE-INLINE_probe08,,,,,,,2026-08-31 12:27:45,force2,apply,A,2-7-3-16,2,,7.000515,2A11_4B11,SMU,-36,44,
2-7-3-16,voltage,-0.232598,RESULT,,,,COSETTE_CPW_W,CENFIRE-INLINE_probe08,,,,,,,2026-08-31 12:27:45,sense2,measure,ohm,2-7-3-16,2,,,2F12_2E01,DMM,-36,44,
1-7-4-16,current,0.00999988,RESULT,,,,COSETTE_CPW_W,CENFIRE-INLINE_probe08,,,,,,,2026-08-31 12:27:53,force1,apply,A,1-7-4-16,1,,0.08098187,2A11_4B11,SMU,-36,36,
1-7-4-16,voltage,0.0426252,RESULT,,,,COSETTE_CPW_W,CENFIRE-INLINE_probe08,,,,,,,2026-08-31 12:27:53,sense1,measure,ohm,1-7-4-16,1,,,2F12_2E01,DMM,-36,36,
2-7-4-16,current,0.00683571,RESULT,,,,COSETTE_CPW_W,CENFIRE-INLINE_probe08,,,,,,,2026-08-31 12:27:53,force2,apply,A,2-7-4-16,2,,7.00051,2A11_4B11,SMU,-36,35,
2-7-4-16,voltage,-0.126996,RESULT,,,,COSETTE_CPW_W,CENFIRE-INLINE_probe08,,,,,,,2026-08-31 12:27:53,sense2,measure,ohm,2-7-4-16,2,,,2F12_2E01,DMM,-36,35,
1-7-5-16,current,0.00999988,RESULT,,,,COSETTE_CPW_W,CENFIRE-INLINE_probe08,,,,,,,2026-08-31 12:28:02,force1,apply,A,1-7-5-16,1,,0.1033087,2A11_4B11,SMU,-36,27,
1-7-5-16,voltage,0.0307244,RESULT,,,,COSETTE_CPW_W,CENFIRE-INLINE_probe08,,,,,,,2026-08-31 12:28:02,sense1,measure,ohm,1-7-5-16,1,,,2F12_2E01,DMM,-36,27,
2-7-5-16,current,0.00999994,RESULT,,,,COSETTE_CPW_W,CENFIRE-INLINE_probe08,,,,,,,2026-08-31 12:28:02,force2,apply,A,2-7-5-16,2,,3.250216,2A11_4B11,SMU,-36,26,
2-7-5-16,voltage,0.0268163,RESULT,,,,COSETTE_CPW_W,CENFIRE-INLINE_probe08,,,,,,,2026-08-31 12:28:02,sense2,measure,ohm,2-7-5-16,2,,,2F12_2E01,DMM,-36,26,
1-7-6-16,current,0.00999988,RESULT,,,,COSETTE_CPW_W,CENFIRE-INLINE_probe08,,,,,,,2026-08-31 12:28:10,force1,apply,A,1-7-6-16,1,,0.1155331,2A11_4B11,SMU,-36,18,
1-7-6-16,voltage,-0.0425916,RESULT,,,,COSETTE_CPW_W,CENFIRE-INLINE_probe08,,,,,,,2026-08-31 12:28:10,sense1,measure,ohm,1-7-6-16,1,,,2F12_2E01,DMM,-36,18,
2-7-6-16,current,0.00999994,RESULT,,,,COSETTE_CPW_W,CENFIRE-INLINE_probe08,,,,,,,2026-08-31 12:28:10,force2,apply,A,2-7-6-16,2,,3.474272,2A11_4B11,SMU,-36,17,
2-7-6-16,voltage,0.0137496,RESULT,,,,COSETTE_CPW_W,CENFIRE-INLINE_probe08,,,,,,,2026-08-31 12:28:10,sense2,measure,ohm,2-7-6-16,2,,,2F12_2E01,DMM,-36,17,
1-7-7-16,current,0.00999989,RESULT,,,,COSETTE_CPW_W,CENFIRE-INLINE_probe08,,,,,,,2026-08-31 12:28:18,force1,apply,A,1-7-7-16,1,,0.05378083,2A11_4B11,SMU,-36,9,
1-7-7-16,voltage,-0.0352826,RESULT,,,,COSETTE_CPW_W,CENFIRE-INLINE_probe08,,,,,,,2026-08-31 12:28:18,sense1,measure,ohm,1-7-7-16,1,,,2F12_2E01,DMM,-36,9,
2-7-7-16,current,0.00999994,RESULT,,,,COSETTE_CPW_W,CENFIRE-INLINE_probe08,,,,,,,2026-08-31 12:28:18,force2,apply,A,2-7-7-16,2,,7.000516,2A11_4B11,SMU,-36,8,
2-7-7-16,voltage,-0.0891768,RESULT,,,,COSETTE_CPW_W,CENFIRE-INLINE_probe08,,,,,,,2026-08-31 12:28:18,sense2,measure,ohm,2-7-7-16,2,,,2F12_2E01,DMM,-36,8,
1-7-8-16,current,0.00999988,RESULT,,,,COSETTE_CPW_W,CENFIRE-INLINE_probe08,,,,,,,2026-08-31 12:28:27,force1,apply,A,1-7-8-16,1,,0.098,2A11_4B11,SMU,-36,0,
1-7-8-16,voltage,0.0340076,RESULT,,,,COSETTE_CPW_W,CENFIRE-INLINE_probe08,,,,,,,2026-08-31 12:28:27,sense1,measure,ohm,1-7-8-16,1,,,2F12_2E01,DMM,-36,0,
2-7-8-16,current,0.00999994,RESULT,,,,COSETTE_CPW_W,CENFIRE-INLINE_probe08,,,,,,,2026-08-31 12:28:27,force2,apply,A,2-7-8-16,2,,3.624102,2A11_4B11,SMU,-36,-1,
2-7-8-16,voltage,0.000241604,RESULT,,,,COSETTE_CPW_W,CENFIRE-INLINE_probe08,,,,,,,2026-08-31 12:28:27,sense2,measure,ohm,2-7-8-16,2,,,2F12_2E01,DMM,-36,-1,
1-7-9-16,current,0.00999989,RESULT,,,,COSETTE_CPW_W,CENFIRE-INLINE_probe08,,,,,,,2026-08-31 12:28:35,force1,apply,A,1-7-9-16,1,,0.1116062,2A11_4B11,SMU,-36,-9,
1-7-9-16,voltage,-0.0355382,RESULT,,,,COSETTE_CPW_W,CENFIRE-INLINE_probe08,,,,,,,2026-08-31 12:28:35,sense1,measure,ohm,1-7-9-16,1,,,2F12_2E01,DMM,-36,-9,
2-7-9-16,current,0.00999994,RESULT,,,,COSETTE_CPW_W,CENFIRE-INLINE_probe08,,,,,,,2026-08-31 12:28:35,force2,apply,A,2-7-9-16,2,,3.598626,2A11_4B11,SMU,-36,-10,
2-7-9-16,voltage,54.8007,RESULT,,,,COSETTE_CPW_W,CENFIRE-INLINE_probe08,,,,,,,2026-08-31 12:28:35,sense2,measure,ohm,2-7-9-16,2,,,2F12_2E01,DMM,-36,-10,
1-7-10-16,current,0.00999989,RESULT,,,,COSETTE_CPW_W,CENFIRE-INLINE_probe08,,,,,,,2026-08-31 12:28:43,force1,apply,A,1-7-10-16,1,,0.07894269,2A11_4B11,SMU,-36,-18,
1-7-10-16,voltage,-0.0339266,RESULT,,,,COSETTE_CPW_W,CENFIRE-INLINE_probe08,,,,,,,2026-08-31 12:28:43,sense1,measure,ohm,1-7-10-16,1,,,2F12_2E01,DMM,-36,-18,
2-7-10-16,current,0.00999995,RESULT,,,,COSETTE_CPW_W,CENFIRE-INLINE_probe08,,,,,,,2026-08-31 12:28:43,force2,apply,A,2-7-10-16,2,,3.760424,2A11_4B11,SMU,-36,-19,
2-7-10-16,voltage,0.0159612,RESULT,,,,COSETTE_CPW_W,CENFIRE-INLINE_probe08,,,,,,,2026-08-31 12:28:43,sense2,measure,ohm,2-7-10-16,2,,,2F12_2E01,DMM,-36,-19,
1-7-11-16,current,0.00999989,RESULT,,,,COSETTE_CPW_W,CENFIRE-INLINE_probe08,,,,,,,2026-08-31 12:28:51,force1,apply,A,1-7-11-16,1,,0.05856864,2A11_4B11,SMU,-36,-27,
1-7-11-16,voltage,-0.0428883,RESULT,,,,COSETTE_CPW_W,CENFIRE-INLINE_probe08,,,,,,,2026-08-31 12:28:51,sense1,measure,ohm,1-7-11-16,1,,,2F12_2E01,DMM,-36,-27,
2-7-11-16,current,0.00999995,RESULT,,,,COSETTE_CPW_W,CENFIRE-INLINE_probe08,,,,,,,2026-08-31 12:28:51,force2,apply,A,2-7-11-16,2,,3.537957,2A11_4B11,SMU,-36,-28,
2-7-11-16,voltage,0.0197219,RESULT,,,,COSETTE_CPW_W,CENFIRE-INLINE_probe08,,,,,,,2026-08-31 12:28:51,sense2,measure,ohm,2-7-11-16,2,,,2F12_2E01,DMM,-36,-28,
1-7-12-16,current,0.00999988,RESULT,,,,COSETTE_CPW_W,CENFIRE-INLINE_probe08,,,,,,,2026-08-31 12:29:00,force1,apply,A,1-7-12-16,1,,0.2039563,2A11_4B11,SMU,-36,-36,
1-7-12-16,voltage,-0.0303131,RESULT,,,,COSETTE_CPW_W,CENFIRE-INLINE_probe08,,,,,,,2026-08-31 12:29:00,sense1,measure,ohm,1-7-12-16,1,,,2F12_2E01,DMM,-36,-36,
2-7-12-16,current,0.00999994,RESULT,,,,COSETTE_CPW_W,CENFIRE-INLINE_probe08,,,,,,,2026-08-31 12:29:00,force2,apply,A,2-7-12-16,2,,3.649786,2A11_4B11,SMU,-36,-37,
2-7-12-16,voltage,-0.00927775,RESULT,,,,COSETTE_CPW_W,CENFIRE-INLINE_probe08,,,,,,,2026-08-31 12:29:00,sense2,measure,ohm,2-7-12-16,2,,,2F12_2E01,DMM,-36,-37,
1-7-13-16,current,0.00999988,RESULT,,,,COSETTE_CPW_W,CENFIRE-INLINE_probe08,,,,,,,2026-08-31 12:29:08,force1,apply,A,1-7-13-16,1,,0.07195789,2A11_4B11,SMU,-36,-45,
1-7-13-16,voltage,-0.0476478,RESULT,,,,COSETTE_CPW_W,CENFIRE-INLINE_probe08,,,,,,,2026-08-31 12:29:08,sense1,measure,ohm,1-7-13-16,1,,,2F12_2E01,DMM,-36,-45,
2-7-13-16,current,0.00999994,RESULT,,,,COSETTE_CPW_W,CENFIRE-INLINE_probe08,,,,,,,2026-08-31 12:29:08,force2,apply,A,2-7-13-16,2,,3.397702,2A11_4B11,SMU,-36,-46,
2-7-13-16,voltage,0.292409,RESULT,,,,COSETTE_CPW_W,CENFIRE-INLINE_probe08,,,,,,,2026-08-31 12:29:08,sense2,measure,ohm,2-7-13-16,2,,,2F12_2E01,DMM,-36,-46,
1-7-4-17,current,0.00999988,RESULT,,,,COSETTE_CPW_W,CENFIRE-INLINE_probe08,,,,,,,2026-08-31 12:29:17,force1,apply,A,1-7-4-17,1,,0.07963352,2A11_4B11,SMU,-43,36,
1-7-4-17,voltage,-0.044093,RESULT,,,,COSETTE_CPW_W,CENFIRE-INLINE_probe08,,,,,,,2026-08-31 12:29:17,sense1,measure,ohm,1-7-4-17,1,,,2F12_2E01,DMM,-43,36,
2-7-4-17,current,0.00440337,RESULT,,,,COSETTE_CPW_W,CENFIRE-INLINE_probe08,,,,,,,2026-08-31 12:29:17,force2,apply,A,2-7-4-17,2,,7.000512,2A11_4B11,SMU,-43,35,
2-7-4-17,voltage,-0.220817,RESULT,,,,COSETTE_CPW_W,CENFIRE-INLINE_probe08,,,,,,,2026-08-31 12:29:17,sense2,measure,ohm,2-7-4-17,2,,,2F12_2E01,DMM,-43,35,
1-7-5-17,current,0.00999988,RESULT,,,,COSETTE_CPW_W,CENFIRE-INLINE_probe08,,,,,,,2026-08-31 12:29:25,force1,apply,A,1-7-5-17,1,,0.1164367,2A11_4B11,SMU,-43,27,
1-7-5-17,voltage,0.0233295,RESULT,,,,COSETTE_CPW_W,CENFIRE-INLINE_probe08,,,,,,,2026-08-31 12:29:25,sense1,measure,ohm,1-7-5-17,1,,,2F12_2E01,DMM,-43,27,
2-7-5-17,current,0.00999993,RESULT,,,,COSETTE_CPW_W,CENFIRE-INLINE_probe08,,,,,,,2026-08-31 12:29:25,force2,apply,A,2-7-5-17,2,,7.000514,2A11_4B11,SMU,-43,26,
2-7-5-17,voltage,-0.0858611,RESULT,,,,COSETTE_CPW_W,CENFIRE-INLINE_probe08,,,,,,,2026-08-31 12:29:25,sense2,measure,ohm,2-7-5-17,2,,,2F12_2E01,DMM,-43,26,
1-7-6-17,current,0.00999988,RESULT,,,,COSETTE_CPW_W,CENFIRE-INLINE_probe08,,,,,,,2026-08-31 12:29:33,force1,apply,A,1-7-6-17,1,,0.05347317,2A11_4B11,SMU,-43,18,
1-7-6-17,voltage,0.0230013,RESULT,,,,COSETTE_CPW_W,CENFIRE-INLINE_probe08,,,,,,,2026-08-31 12:29:33,sense1,measure,ohm,1-7-6-17,1,,,2F12_2E01,DMM,-43,18,
2-7-6-17,current,1.72183e-05,RESULT,,,,COSETTE_CPW_W,CENFIRE-INLINE_probe08,,,,,,,2026-08-31 12:29:33,force2,apply,A,2-7-6-17,2,,7.000504,2A11_4B11,SMU,-43,17,
2-7-6-17,voltage,-67.1148,RESULT,,,,COSETTE_CPW_W,CENFIRE-INLINE_probe08,,,,,,,2026-08-31 12:29:33,sense2,measure,ohm,2-7-6-17,2,,,2F12_2E01,DMM,-43,17,
1-7-7-17,current,0.00999988,RESULT,,,,COSETTE_CPW_W,CENFIRE-INLINE_probe08,,,,,,,2026-08-31 12:29:42,force1,apply,A,1-7-7-17,1,,0.07386127,2A11_4B11,SMU,-43,9,
1-7-7-17,voltage,0.0266982,RESULT,,,,COSETTE_CPW_W,CENFIRE-INLINE_probe08,,,,,,,2026-08-31 12:29:42,sense1,measure,ohm,1-7-7-17,1,,,2F12_2E01,DMM,-43,9,
2-7-7-17,current,0.00999992,RESULT,,,,COSETTE_CPW_W,CENFIRE-INLINE_probe08,,,,,,,2026-08-31 12:29:42,force2,apply,A,2-7-7-17,2,,7.000497,2A11_4B11,SMU,-43,8,
2-7-7-17,voltage,-0.12642,RESULT,,,,COSETTE_CPW_W,CENFIRE-INLINE_probe08,,,,,,,2026-08-31 12:29:42,sense2,measure,ohm,2-7-7-17,2,,,2F12_2E01,DMM,-43,8,
1-7-8-17,current,0.00999988,RESULT,,,,COSETTE_CPW_W,CENFIRE-INLINE_probe08,,,,,,,2026-08-31 12:29:50,force1,apply,A,1-7-8-17,1,,0.1169797,2A11_4B11,SMU,-43,0,
1-7-8-17,voltage,0.0346626,RESULT,,,,COSETTE_CPW_W,CENFIRE-INLINE_probe08,,,,,,,2026-08-31 12:29:50,sense1,measure,ohm,1-7-8-17,1,,,2F12_2E01,DMM,-43,0,
2-7-8-17,current,0.00999985,RESULT,,,,COSETTE_CPW_W,CENFIRE-INLINE_probe08,,,,,,,2026-08-31 12:29:50,force2,apply,A,2-7-8-17,2,,7.000508,2A11_4B11,SMU,-43,-1,
2-7-8-17,voltage,-0.262827,RESULT,,,,COSETTE_CPW_W,CENFIRE-INLINE_probe08,,,,,,,2026-08-31 12:29:50,sense2,measure,ohm,2-7-8-17,2,,,2F12_2E01,DMM,-43,-1,
1-7-9-17,current,0.00999989,RESULT,,,,COSETTE_CPW_W,CENFIRE-INLINE_probe08,,,,,,,2026-08-31 12:29:58,force1,apply,A,1-7-9-17,1,,0.1440088,2A11_4B11,SMU,-43,-9,
1-7-9-17,voltage,0.0259066,RESULT,,,,COSETTE_CPW_W,CENFIRE-INLINE_probe08,,,,,,,2026-08-31 12:29:58,sense1,measure,ohm,1-7-9-17,1,,,2F12_2E01,DMM,-43,-9,
2-7-9-17,current,0.00999997,RESULT,,,,COSETTE_CPW_W,CENFIRE-INLINE_probe08,,,,,,,2026-08-31 12:29:58,force2,apply,A,2-7-9-17,2,,7.000516,2A11_4B11,SMU,-43,-10,
2-7-9-17,voltage,-0.103712,RESULT,,,,COSETTE_CPW_W,CENFIRE-INLINE_probe08,,,,,,,2026-08-31 12:29:58,sense2,measure,ohm,2-7-9-17,2,,,2F12_2E01,DMM,-43,-10,
1-7-10-17,current,0.00999989,RESULT,,,,COSETTE_CPW_W,CENFIRE-INLINE_probe08,,,,,,,2026-08-31 12:30:07,force1,apply,A,1-7-10-17,1,,0.1320188,2A11_4B11,SMU,-43,-18,
1-7-10-17,voltage,0.0262679,RESULT,,,,COSETTE_CPW_W,CENFIRE-INLINE_probe08,,,,,,,2026-08-31 12:30:07,sense1,measure,ohm,1-7-10-17,1,,,2F12_2E01,DMM,-43,-18,
2-7-10-17,current,8.06943e-06,RESULT,,,,COSETTE_CPW_W,CENFIRE-INLINE_probe08,,,,,,,2026-08-31 12:30:07,force2,apply,A,2-7-10-17,2,,7.000512,2A11_4B11,SMU,-43,-19,
2-7-10-17,voltage,-119.092,RESULT,,,,COSETTE_CPW_W,CENFIRE-INLINE_probe08,,,,,,,2026-08-31 12:30:07,sense2,measure,ohm,2-7-10-17,2,,,2F12_2E01,DMM,-43,-19,
1-7-11-17,current,0.00999987,RESULT,,,,COSETTE_CPW_W,CENFIRE-INLINE_probe08,,,,,,,2026-08-31 12:30:15,force1,apply,A,1-7-11-17,1,,0.08995828,2A11_4B11,SMU,-43,-27,
1-7-11-17,voltage,0.0276817,RESULT,,,,COSETTE_CPW_W,CENFIRE-INLINE_probe08,,,,,,,2026-08-31 12:30:15,sense1,measure,ohm,1-7-11-17,1,,,2F12_2E01,DMM,-43,-27,
2-7-11-17,current,0.00631573,RESULT,,,,COSETTE_CPW_W,CENFIRE-INLINE_probe08,,,,,,,2026-08-31 12:30:15,force2,apply,A,2-7-11-17,2,,7.000516,2A11_4B11,SMU,-43,-28,
2-7-11-17,voltage,-0.16594,RESULT,,,,COSETTE_CPW_W,CENFIRE-INLINE_probe08,,,,,,,2026-08-31 12:30:15,sense2,measure,ohm,2-7-11-17,2,,,2F12_2E01,DMM,-43,-28,
1-7-12-17,current,0.00999988,RESULT,,,,COSETTE_CPW_W,CENFIRE-INLINE_probe08,,,,,,,2026-08-31 12:30:23,force1,apply,A,1-7-12-17,1,,0.1621301,2A11_4B11,SMU,-43,-36,
1-7-12-17,voltage,0.595222,RESULT,,,,COSETTE_CPW_W,CENFIRE-INLINE_probe08,,,,,,,2026-08-31 12:30:23,sense1,measure,ohm,1-7-12-17,1,,,2F12_2E01,DMM,-43,-36,
2-7-12-17,current,0.00999994,RESULT,,,,COSETTE_CPW_W,CENFIRE-INLINE_probe08,,,,,,,2026-08-31 12:30:23,force2,apply,A,2-7-12-17,2,,3.652389,2A11_4B11,SMU,-43,-37,
2-7-12-17,voltage,142.22,RESULT,,,,COSETTE_CPW_W,CENFIRE-INLINE_probe08,,,,,,,2026-08-31 12:30:23,sense2,measure,ohm,2-7-12-17,2,,,2F12_2E01,DMM,-43,-37,
1-7-5-18,current,0.00999988,RESULT,,,,COSETTE_CPW_W,CENFIRE-INLINE_probe08,,,,,,,2026-08-31 12:30:32,force1,apply,A,1-7-5-18,1,,0.05627418,2A11_4B11,SMU,-50,27,
1-7-5-18,voltage,0.576007,RESULT,,,,COSETTE_CPW_W,CENFIRE-INLINE_probe08,,,,,,,2026-08-31 12:30:32,sense1,measure,ohm,1-7-5-18,1,,,2F12_2E01,DMM,-50,27,
2-7-5-18,current,1.38137e-05,RESULT,,,,COSETTE_CPW_W,CENFIRE-INLINE_probe08,,,,,,,2026-08-31 12:30:32,force2,apply,A,2-7-5-18,2,,7.000514,2A11_4B11,SMU,-50,26,
2-7-5-18,voltage,73.8463,RESULT,,,,COSETTE_CPW_W,CENFIRE-INLINE_probe08,,,,,,,2026-08-31 12:30:32,sense2,measure,ohm,2-7-5-18,2,,,2F12_2E01,DMM,-50,26,
1-7-6-18,current,0.00999988,RESULT,,,,COSETTE_CPW_W,CENFIRE-INLINE_probe08,,,,,,,2026-08-31 12:30:40,force1,apply,A,1-7-6-18,1,,0.2056884,2A11_4B11,SMU,-50,18,
1-7-6-18,voltage,0.0220315,RESULT,,,,COSETTE_CPW_W,CENFIRE-INLINE_probe08,,,,,,,2026-08-31 12:30:40,sense1,measure,ohm,1-7-6-18,1,,,2F12_2E01,DMM,-50,18,
2-7-6-18,current,1.4912e-05,RESULT,,,,COSETTE_CPW_W,CENFIRE-INLINE_probe08,,,,,,,2026-08-31 12:30:40,force2,apply,A,2-7-6-18,2,,7.000504,2A11_4B11,SMU,-50,17,
2-7-6-18,voltage,710.824,RESULT,,,,COSETTE_CPW_W,CENFIRE-INLINE_probe08,,,,,,,2026-08-31 12:30:40,sense2,measure,ohm,2-7-6-18,2,,,2F12_2E01,DMM,-50,17,
1-7-7-18,current,0.00999988,RESULT,,,,COSETTE_CPW_W,CENFIRE-INLINE_probe08,,,,,,,2026-08-31 12:30:48,force1,apply,A,1-7-7-18,1,,0.05385025,2A11_4B11,SMU,-50,9,
1-7-7-18,voltage,0.573561,RESULT,,,,COSETTE_CPW_W,CENFIRE-INLINE_probe08,,,,,,,2026-08-31 12:30:48,sense1,measure,ohm,1-7-7-18,1,,,2F12_2E01,DMM,-50,9,
2-7-7-18,current,3.0126e-05,RESULT,,,,COSETTE_CPW_W,CENFIRE-INLINE_probe08,,,,,,,2026-08-31 12:30:48,force2,apply,A,2-7-7-18,2,,7.000512,2A11_4B11,SMU,-50,8,
2-7-7-18,voltage,469.66,RESULT,,,,COSETTE_CPW_W,CENFIRE-INLINE_probe08,,,,,,,2026-08-31 12:30:48,sense2,measure,ohm,2-7-7-18,2,,,2F12_2E01,DMM,-50,8,
1-7-8-18,current,0.00999988,RESULT,,,,COSETTE_CPW_W,CENFIRE-INLINE_probe08,,,,,,,2026-08-31 12:30:57,force1,apply,A,1-7-8-18,1,,0.1374206,2A11_4B11,SMU,-50,0,
1-7-8-18,voltage,0.57478,RESULT,,,,COSETTE_CPW_W,CENFIRE-INLINE_probe08,,,,,,,2026-08-31 12:30:57,sense1,measure,ohm,1-7-8-18,1,,,2F12_2E01,DMM,-50,0,
2-7-8-18,current,1.3549e-05,RESULT,,,,COSETTE_CPW_W,CENFIRE-INLINE_probe08,,,,,,,2026-08-31 12:30:57,force2,apply,A,2-7-8-18,2,,7.000519,2A11_4B11,SMU,-50,-1,
2-7-8-18,voltage,-87.5326,RESULT,,,,COSETTE_CPW_W,CENFIRE-INLINE_probe08,,,,,,,2026-08-31 12:30:57,sense2,measure,ohm,2-7-8-18,2,,,2F12_2E01,DMM,-50,-1,
1-7-9-18,current,0.00999989,RESULT,,,,COSETTE_CPW_W,CENFIRE-INLINE_probe08,,,,,,,2026-08-31 12:31:05,force1,apply,A,1-7-9-18,1,,0.1297529,2A11_4B11,SMU,-50,-9,
1-7-9-18,voltage,0.574642,RESULT,,,,COSETTE_CPW_W,CENFIRE-INLINE_probe08,,,,,,,2026-08-31 12:31:05,sense1,measure,ohm,1-7-9-18,1,,,2F12_2E01,DMM,-50,-9,
2-7-9-18,current,1.24135e-05,RESULT,,,,COSETTE_CPW_W,CENFIRE-INLINE_probe08,,,,,,,2026-08-31 12:31:05,force2,apply,A,2-7-9-18,2,,7.000509,2A11_4B11,SMU,-50,-10,
2-7-9-18,voltage,507.371,RESULT,,,,COSETTE_CPW_W,CENFIRE-INLINE_probe08,,,,,,,2026-08-31 12:31:05,sense2,measure,ohm,2-7-9-18,2,,,2F12_2E01,DMM,-50,-10,
1-7-10-18,current,0.00999988,RESULT,,,,COSETTE_CPW_W,CENFIRE-INLINE_probe08,,,,,,,2026-08-31 12:31:13,force1,apply,A,1-7-10-18,1,,0.06477465,2A11_4B11,SMU,-50,-18,
1-7-10-18,voltage,0.593385,RESULT,,,,COSETTE_CPW_W,CENFIRE-INLINE_probe08,,,,,,,2026-08-31 12:31:13,sense1,measure,ohm,1-7-10-18,1,,,2F12_2E01,DMM,-50,-18,
2-7-10-18,current,0.000397706,RESULT,,,,COSETTE_CPW_W,CENFIRE-INLINE_probe08,,,,,,,2026-08-31 12:31:13,force2,apply,A,2-7-10-18,2,,7.000524,2A11_4B11,SMU,-50,-19,
2-7-10-18,voltage,12.5992,RESULT,,,,COSETTE_CPW_W,CENFIRE-INLINE_probe08,,,,,,,2026-08-31 12:31:13,sense2,measure,ohm,2-7-10-18,2,,,2F12_2E01,DMM,-50,-19,
1-7-11-18,current,0.00999988,RESULT,,,,COSETTE_CPW_W,CENFIRE-INLINE_probe08,,,,,,,2026-08-31 12:31:22,force1,apply,A,1-7-11-18,1,,0.121762,2A11_4B11,SMU,-50,-27,
1-7-11-18,voltage,0.585461,RESULT,,,,COSETTE_CPW_W,CENFIRE-INLINE_probe08,,,,,,,2026-08-31 12:31:22,sense1,measure,ohm,1-7-11-18,1,,,2F12_2E01,DMM,-50,-27,
2-7-11-18,current,0.00999994,RESULT,,,,COSETTE_CPW_W,CENFIRE-INLINE_probe08,,,,,,,2026-08-31 12:31:22,force2,apply,A,2-7-11-18,2,,7.000517,2A11_4B11,SMU,-50,-28,
2-7-11-18,voltage,-0.0895737,RESULT,,,,COSETTE_CPW_W,CENFIRE-INLINE_probe08,,,,,,,2026-08-31 12:31:22,sense2,measure,ohm,2-7-11-18,2,,,2F12_2E01,DMM,-50,-28,
1-7-7-19,current,0.00999989,RESULT,,,,COSETTE_CPW_W,CENFIRE-INLINE_probe08,,,,,,,2026-08-31 12:31:30,force1,apply,A,1-7-7-19,1,,0.1084733,2A11_4B11,SMU,-57,9,
1-7-7-19,voltage,0.0345954,RESULT,,,,COSETTE_CPW_W,CENFIRE-INLINE_probe08,,,,,,,2026-08-31 12:31:30,sense1,measure,ohm,1-7-7-19,1,,,2F12_2E01,DMM,-57,9,
2-7-7-19,current,0.00999993,RESULT,,,,COSETTE_CPW_W,CENFIRE-INLINE_probe08,,,,,,,2026-08-31 12:31:30,force2,apply,A,2-7-7-19,2,,7.000524,2A11_4B11,SMU,-57,8,
2-7-7-19,voltage,0.0521366,RESULT,,,,COSETTE_CPW_W,CENFIRE-INLINE_probe08,,,,,,,2026-08-31 12:31:30,sense2,measure,ohm,2-7-7-19,2,,,2F12_2E01,DMM,-57,8,
1-7-8-19,current,0.00999988,RESULT,,,,COSETTE_CPW_W,CENFIRE-INLINE_probe08,,,,,,,2026-08-31 12:31:38,force1,apply,A,1-7-8-19,1,,0.1770091,2A11_4B11,SMU,-57,0,
1-7-8-19,voltage,-0.0831095,RESULT,,,,COSETTE_CPW_W,CENFIRE-INLINE_probe08,,,,,,,2026-08-31 12:31:38,sense1,measure,ohm,1-7-8-19,1,,,2F12_2E01,DMM,-57,0,
2-7-8-19,current,0.00999163,RESULT,,,,COSETTE_CPW_W,CENFIRE-INLINE_probe08,,,,,,,2026-08-31 12:31:38,force2,apply,A,2-7-8-19,2,,3.41428,2A11_4B11,SMU,-57,-1,
2-7-8-19,voltage,0.0237875,RESULT,,,,COSETTE_CPW_W,CENFIRE-INLINE_probe08,,,,,,,2026-08-31 12:31:38,sense2,measure,ohm,2-7-8-19,2,,,2F12_2E01,DMM,-57,-1,
1-7-9-19,current,0.00999989,RESULT,,,,COSETTE_CPW_W,CENFIRE-INLINE_probe08,,,,,,,2026-08-31 12:31:47,force1,apply,A,1-7-9-19,1,,0.05748887,2A11_4B11,SMU,-57,-9,
1-7-9-19,voltage,-0.0382312,RESULT,,,,COSETTE_CPW_W,CENFIRE-INLINE_probe08,,,,,,,2026-08-31 12:31:47,sense1,measure,ohm,1-7-9-19,1,,,2F12_2E01,DMM,-57,-9,
2-7-9-19,current,0.00298911,RESULT,,,,COSETTE_CPW_W,CENFIRE-INLINE_probe08,,,,,,,2026-08-31 12:31:47,force2,apply,A,2-7-9-19,2,,7.000516,2A11_4B11,SMU,-57,-10,
2-7-9-19,voltage,0.0974602,RESULT,,,,COSETTE_CPW_W,CENFIRE-INLINE_probe08,,,,,,,2026-08-31 12:31:47,sense2,measure,ohm,2-7-9-19,2,,,2F12_2E01,DMM,-57,-10,
,,,DIE,,,,,,,,,,,,,,,,,,,,,,69,9,PASS
,,,DIE,,,,,,,,,,,,,,,,,,,,,,69,8,FAIL
,,,DIE,,,,,,,,,,,,,,,,,,,,,,69,0,FAIL
,,,DIE,,,,,,,,,,,,,,,,,,,,,,69,-1,FAIL
,,,DIE,,,,,,,,,,,,,,,,,,,,,,69,-9,PASS
,,,DIE,,,,,,,,,,,,,,,,,,,,,,69,-10,FAIL
,,,DIE,,,,,,,,,,,,,,,,,,,,,,62,27,PASS
,,,DIE,,,,,,,,,,,,,,,,,,,,,,62,26,FAIL
,,,DIE,,,,,,,,,,,,,,,,,,,,,,62,18,PASS
,,,DIE,,,,,,,,,,,,,,,,,,,,,,62,17,FAIL
,,,DIE,,,,,,,,,,,,,,,,,,,,,,62,9,PASS
,,,DIE,,,,,,,,,,,,,,,,,,,,,,62,8,FAIL
,,,DIE,,,,,,,,,,,,,,,,,,,,,,62,0,PASS
,,,DIE,,,,,,,,,,,,,,,,,,,,,,62,-1,PASS
,,,DIE,,,,,,,,,,,,,,,,,,,,,,62,-9,PASS
,,,DIE,,,,,,,,,,,,,,,,,,,,,,62,-10,FAIL
,,,DIE,,,,,,,,,,,,,,,,,,,,,,62,-18,PASS
,,,DIE,,,,,,,,,,,,,,,,,,,,,,62,-19,PASS
,,,DIE,,,,,,,,,,,,,,,,,,,,,,62,-27,PASS
,,,DIE,,,,,,,,,,,,,,,,,,,,,,62,-28,FAIL
,,,DIE,,,,,,,,,,,,,,,,,,,,,,55,36,PASS
,,,DIE,,,,,,,,,,,,,,,,,,,,,,55,35,FAIL
,,,DIE,,,,,,,,,,,,,,,,,,,,,,55,27,PASS
,,,DIE,,,,,,,,,,,,,,,,,,,,,,55,26,FAIL
,,,DIE,,,,,,,,,,,,,,,,,,,,,,55,18,PASS
,,,DIE,,,,,,,,,,,,,,,,,,,,,,55,17,FAIL
,,,DIE,,,,,,,,,,,,,,,,,,,,,,55,9,PASS
,,,DIE,,,,,,,,,,,,,,,,,,,,,,55,8,PASS
,,,DIE,,,,,,,,,,,,,,,,,,,,,,55,0,PASS
,,,DIE,,,,,,,,,,,,,,,,,,,,,,55,-1,FAIL
,,,DIE,,,,,,,,,,,,,,,,,,,,,,55,-9,PASS
,,,DIE,,,,,,,,,,,,,,,,,,,,,,55,-10,FAIL
,,,DIE,,,,,,,,,,,,,,,,,,,,,,55,-18,PASS
,,,DIE,,,,,,,,,,,,,,,,,,,,,,55,-19,FAIL
,,,DIE,,,,,,,,,,,,,,,,,,,,,,55,-27,PASS
,,,DIE,,,,,,,,,,,,,,,,,,,,,,55,-28,PASS
,,,DIE,,,,,,,,,,,,,,,,,,,,,,55,-36,PASS
,,,DIE,,,,,,,,,,,,,,,,,,,,,,55,-37,FAIL
,,,DIE,,,,,,,,,,,,,,,,,,,,,,48,45,PASS
,,,DIE,,,,,,,,,,,,,,,,,,,,,,48,44,FAIL
,,,DIE,,,,,,,,,,,,,,,,,,,,,,48,36,PASS
,,,DIE,,,,,,,,,,,,,,,,,,,,,,48,35,FAIL
,,,DIE,,,,,,,,,,,,,,,,,,,,,,48,27,PASS
,,,DIE,,,,,,,,,,,,,,,,,,,,,,48,26,FAIL
,,,DIE,,,,,,,,,,,,,,,,,,,,,,48,18,PASS
,,,DIE,,,,,,,,,,,,,,,,,,,,,,48,17,FAIL
,,,DIE,,,,,,,,,,,,,,,,,,,,,,48,9,PASS
,,,DIE,,,,,,,,,,,,,,,,,,,,,,48,8,FAIL
,,,DIE,,,,,,,,,,,,,,,,,,,,,,48,0,PASS
,,,DIE,,,,,,,,,,,,,,,,,,,,,,48,-1,FAIL
,,,DIE,,,,,,,,,,,,,,,,,,,,,,48,-9,PASS
,,,DIE,,,,,,,,,,,,,,,,,,,,,,48,-10,FAIL
,,,DIE,,,,,,,,,,,,,,,,,,,,,,48,-18,PASS
,,,DIE,,,,,,,,,,,,,,,,,,,,,,48,-19,FAIL
,,,DIE,,,,,,,,,,,,,,,,,,,,,,48,-27,PASS
,,,DIE,,,,,,,,,,,,,,,,,,,,,,48,-28,FAIL
,,,DIE,,,,,,,,,,,,,,,,,,,,,,48,-36,PASS
,,,DIE,,,,,,,,,,,,,,,,,,,,,,48,-37,PASS
,,,DIE,,,,,,,,,,,,,,,,,,,,,,48,-45,PASS
,,,DIE,,,,,,,,,,,,,,,,,,,,,,48,-46,FAIL
,,,DIE,,,,,,,,,,,,,,,,,,,,,,41,45,PASS
,,,DIE,,,,,,,,,,,,,,,,,,,,,,41,44,FAIL
,,,DIE,,,,,,,,,,,,,,,,,,,,,,41,36,PASS
,,,DIE,,,,,,,,,,,,,,,,,,,,,,41,35,FAIL
,,,DIE,,,,,,,,,,,,,,,,,,,,,,41,27,PASS
,,,DIE,,,,,,,,,,,,,,,,,,,,,,41,26,FAIL
,,,DIE,,,,,,,,,,,,,,,,,,,,,,41,18,PASS
,,,DIE,,,,,,,,,,,,,,,,,,,,,,41,17,FAIL
,,,DIE,,,,,,,,,,,,,,,,,,,,,,41,9,PASS
,,,DIE,,,,,,,,,,,,,,,,,,,,,,41,8,FAIL
,,,DIE,,,,,,,,,,,,,,,,,,,,,,41,0,PASS
,,,DIE,,,,,,,,,,,,,,,,,,,,,,41,-1,FAIL
,,,DIE,,,,,,,,,,,,,,,,,,,,,,41,-9,PASS
,,,DIE,,,,,,,,,,,,,,,,,,,,,,41,-10,FAIL
,,,DIE,,,,,,,,,,,,,,,,,,,,,,41,-18,PASS
,,,DIE,,,,,,,,,,,,,,,,,,,,,,41,-19,FAIL
,,,DIE,,,,,,,,,,,,,,,,,,,,,,41,-27,PASS
,,,DIE,,,,,,,,,,,,,,,,,,,,,,41,-28,PASS
,,,DIE,,,,,,,,,,,,,,,,,,,,,,41,-36,PASS
,,,DIE,,,,,,,,,,,,,,,,,,,,,,41,-37,PASS
,,,DIE,,,,,,,,,,,,,,,,,,,,,,41,-45,PASS
,,,DIE,,,,,,,,,,,,,,,,,,,,,,41,-46,PASS
,,,DIE,,,,,,,,,,,,,,,,,,,,,,34,54,PASS
,,,DIE,,,,,,,,,,,,,,,,,,,,,,34,53,FAIL
,,,DIE,,,,,,,,,,,,,,,,,,,,,,34,45,PASS
,,,DIE,,,,,,,,,,,,,,,,,,,,,,34,44,FAIL
,,,DIE,,,,,,,,,,,,,,,,,,,,,,34,36,PASS
,,,DIE,,,,,,,,,,,,,,,,,,,,,,34,35,FAIL
,,,DIE,,,,,,,,,,,,,,,,,,,,,,34,27,PASS
,,,DIE,,,,,,,,,,,,,,,,,,,,,,34,26,PASS
,,,DIE,,,,,,,,,,,,,,,,,,,,,,34,18,PASS
,,,DIE,,,,,,,,,,,,,,,,,,,,,,34,17,FAIL
,,,DIE,,,,,,,,,,,,,,,,,,,,,,34,9,PASS
,,,DIE,,,,,,,,,,,,,,,,,,,,,,34,8,FAIL
,,,DIE,,,,,,,,,,,,,,,,,,,,,,34,0,PASS
,,,DIE,,,,,,,,,,,,,,,,,,,,,,34,-1,FAIL
,,,DIE,,,,,,,,,,,,,,,,,,,,,,34,-9,PASS
,,,DIE,,,,,,,,,,,,,,,,,,,,,,34,-10,FAIL
,,,DIE,,,,,,,,,,,,,,,,,,,,,,34,-18,PASS
,,,DIE,,,,,,,,,,,,,,,,,,,,,,34,-19,PASS
,,,DIE,,,,,,,,,,,,,,,,,,,,,,34,-27,PASS
,,,DIE,,,,,,,,,,,,,,,,,,,,,,34,-28,PASS
,,,DIE,,,,,,,,,,,,,,,,,,,,,,34,-36,PASS
,,,DIE,,,,,,,,,,,,,,,,,,,,,,34,-37,FAIL
,,,DIE,,,,,,,,,,,,,,,,,,,,,,34,-45,PASS
,,,DIE,,,,,,,,,,,,,,,,,,,,,,34,-46,FAIL
,,,DIE,,,,,,,,,,,,,,,,,,,,,,34,-54,PASS
,,,DIE,,,,,,,,,,,,,,,,,,,,,,34,-55,FAIL
,,,DIE,,,,,,,,,,,,,,,,,,,,,,27,54,PASS
,,,DIE,,,,,,,,,,,,,,,,,,,,,,27,53,FAIL
,,,DIE,,,,,,,,,,,,,,,,,,,,,,27,45,PASS
,,,DIE,,,,,,,,,,,,,,,,,,,,,,27,44,FAIL
,,,DIE,,,,,,,,,,,,,,,,,,,,,,27,36,PASS
,,,DIE,,,,,,,,,,,,,,,,,,,,,,27,35,PASS
,,,DIE,,,,,,,,,,,,,,,,,,,,,,27,27,PASS
,,,DIE,,,,,,,,,,,,,,,,,,,,,,27,26,FAIL
,,,DIE,,,,,,,,,,,,,,,,,,,,,,27,18,PASS
,,,DIE,,,,,,,,,,,,,,,,,,,,,,27,17,FAIL
,,,DIE,,,,,,,,,,,,,,,,,,,,,,27,9,PASS
,,,DIE,,,,,,,,,,,,,,,,,,,,,,27,8,PASS
,,,DIE,,,,,,,,,,,,,,,,,,,,,,27,0,PASS
,,,DIE,,,,,,,,,,,,,,,,,,,,,,27,-1,PASS
,,,DIE,,,,,,,,,,,,,,,,,,,,,,27,-9,PASS
,,,DIE,,,,,,,,,,,,,,,,,,,,,,27,-10,PASS
,,,DIE,,,,,,,,,,,,,,,,,,,,,,27,-18,PASS
,,,DIE,,,,,,,,,,,,,,,,,,,,,,27,-19,PASS
,,,DIE,,,,,,,,,,,,,,,,,,,,,,27,-27,PASS
,,,DIE,,,,,,,,,,,,,,,,,,,,,,27,-28,PASS
,,,DIE,,,,,,,,,,,,,,,,,,,,,,27,-36,PASS
,,,DIE,,,,,,,,,,,,,,,,,,,,,,27,-37,FAIL
,,,DIE,,,,,,,,,,,,,,,,,,,,,,27,-45,PASS
,,,DIE,,,,,,,,,,,,,,,,,,,,,,27,-46,PASS
,,,DIE,,,,,,,,,,,,,,,,,,,,,,27,-54,PASS
,,,DIE,,,,,,,,,,,,,,,,,,,,,,27,-55,FAIL
,,,DIE,,,,,,,,,,,,,,,,,,,,,,20,54,PASS
,,,DIE,,,,,,,,,,,,,,,,,,,,,,20,53,FAIL
,,,DIE,,,,,,,,,,,,,,,,,,,,,,20,45,PASS
,,,DIE,,,,,,,,,,,,,,,,,,,,,,20,44,PASS
,,,DIE,,,,,,,,,,,,,,,,,,,,,,20,36,PASS
,,,DIE,,,,,,,,,,,,,,,,,,,,,,20,35,PASS
,,,DIE,,,,,,,,,,,,,,,,,,,,,,20,27,PASS
,,,DIE,,,,,,,,,,,,,,,,,,,,,,20,26,FAIL
,,,DIE,,,,,,,,,,,,,,,,,,,,,,20,18,PASS
,,,DIE,,,,,,,,,,,,,,,,,,,,,,20,17,PASS
,,,DIE,,,,,,,,,,,,,,,,,,,,,,20,9,PASS
,,,DIE,,,,,,,,,,,,,,,,,,,,,,20,8,PASS
,,,DIE,,,,,,,,,,,,,,,,,,,,,,20,0,PASS
,,,DIE,,,,,,,,,,,,,,,,,,,,,,20,-1,PASS
,,,DIE,,,,,,,,,,,,,,,,,,,,,,20,-9,PASS
,,,DIE,,,,,,,,,,,,,,,,,,,,,,20,-10,PASS
,,,DIE,,,,,,,,,,,,,,,,,,,,,,20,-18,PASS
,,,DIE,,,,,,,,,,,,,,,,,,,,,,20,-19,PASS
,,,DIE,,,,,,,,,,,,,,,,,,,,,,20,-27,PASS
,,,DIE,,,,,,,,,,,,,,,,,,,,,,20,-28,PASS
,,,DIE,,,,,,,,,,,,,,,,,,,,,,20,-36,PASS
,,,DIE,,,,,,,,,,,,,,,,,,,,,,20,-37,PASS
,,,DIE,,,,,,,,,,,,,,,,,,,,,,20,-45,PASS
,,,DIE,,,,,,,,,,,,,,,,,,,,,,20,-46,FAIL
,,,DIE,,,,,,,,,,,,,,,,,,,,,,20,-54,PASS
,,,DIE,,,,,,,,,,,,,,,,,,,,,,20,-55,PASS
,,,DIE,,,,,,,,,,,,,,,,,,,,,,13,63,PASS
,,,DIE,,,,,,,,,,,,,,,,,,,,,,13,62,FAIL
,,,DIE,,,,,,,,,,,,,,,,,,,,,,13,54,PASS
,,,DIE,,,,,,,,,,,,,,,,,,,,,,13,53,FAIL
,,,DIE,,,,,,,,,,,,,,,,,,,,,,13,45,PASS
,,,DIE,,,,,,,,,,,,,,,,,,,,,,13,44,PASS
,,,DIE,,,,,,,,,,,,,,,,,,,,,,13,36,PASS
,,,DIE,,,,,,,,,,,,,,,,,,,,,,13,35,PASS
,,,DIE,,,,,,,,,,,,,,,,,,,,,,13,27,PASS
,,,DIE,,,,,,,,,,,,,,,,,,,,,,13,26,PASS
,,,DIE,,,,,,,,,,,,,,,,,,,,,,13,18,PASS
,,,DIE,,,,,,,,,,,,,,,,,,,,,,13,17,PASS
,,,DIE,,,,,,,,,,,,,,,,,,,,,,13,9,PASS
,,,DIE,,,,,,,,,,,,,,,,,,,,,,13,8,PASS
,,,DIE,,,,,,,,,,,,,,,,,,,,,,13,0,PASS
,,,DIE,,,,,,,,,,,,,,,,,,,,,,13,-1,PASS
,,,DIE,,,,,,,,,,,,,,,,,,,,,,13,-9,PASS
,,,DIE,,,,,,,,,,,,,,,,,,,,,,13,-10,PASS
,,,DIE,,,,,,,,,,,,,,,,,,,,,,13,-18,PASS
,,,DIE,,,,,,,,,,,,,,,,,,,,,,13,-19,PASS
,,,DIE,,,,,,,,,,,,,,,,,,,,,,13,-27,PASS
,,,DIE,,,,,,,,,,,,,,,,,,,,,,13,-28,PASS
,,,DIE,,,,,,,,,,,,,,,,,,,,,,13,-36,PASS
,,,DIE,,,,,,,,,,,,,,,,,,,,,,13,-37,PASS
,,,DIE,,,,,,,,,,,,,,,,,,,,,,13,-45,PASS
,,,DIE,,,,,,,,,,,,,,,,,,,,,,13,-46,PASS
,,,DIE,,,,,,,,,,,,,,,,,,,,,,13,-54,PASS
,,,DIE,,,,,,,,,,,,,,,,,,,,,,13,-55,PASS
,,,DIE,,,,,,,,,,,,,,,,,,,,,,6,63,PASS
,,,DIE,,,,,,,,,,,,,,,,,,,,,,6,62,FAIL
,,,DIE,,,,,,,,,,,,,,,,,,,,,,6,54,PASS
,,,DIE,,,,,,,,,,,,,,,,,,,,,,6,53,FAIL
,,,DIE,,,,,,,,,,,,,,,,,,,,,,6,45,PASS
,,,DIE,,,,,,,,,,,,,,,,,,,,,,6,44,PASS
,,,DIE,,,,,,,,,,,,,,,,,,,,,,6,36,PASS
,,,DIE,,,,,,,,,,,,,,,,,,,,,,6,35,PASS
,,,DIE,,,,,,,,,,,,,,,,,,,,,,6,27,PASS
,,,DIE,,,,,,,,,,,,,,,,,,,,,,6,26,PASS
,,,DIE,,,,,,,,,,,,,,,,,,,,,,6,18,PASS
,,,DIE,,,,,,,,,,,,,,,,,,,,,,6,17,PASS
,,,DIE,,,,,,,,,,,,,,,,,,,,,,6,9,PASS
,,,DIE,,,,,,,,,,,,,,,,,,,,,,6,8,PASS
,,,DIE,,,,,,,,,,,,,,,,,,,,,,6,0,PASS
,,,DIE,,,,,,,,,,,,,,,,,,,,,,6,-1,PASS
,,,DIE,,,,,,,,,,,,,,,,,,,,,,6,-9,PASS
,,,DIE,,,,,,,,,,,,,,,,,,,,,,6,-10,PASS
,,,DIE,,,,,,,,,,,,,,,,,,,,,,6,-18,PASS
,,,DIE,,,,,,,,,,,,,,,,,,,,,,6,-19,PASS
,,,DIE,,,,,,,,,,,,,,,,,,,,,,6,-27,PASS
,,,DIE,,,,,,,,,,,,,,,,,,,,,,6,-28,PASS
,,,DIE,,,,,,,,,,,,,,,,,,,,,,6,-36,PASS
,,,DIE,,,,,,,,,,,,,,,,,,,,,,6,-37,PASS
,,,DIE,,,,,,,,,,,,,,,,,,,,,,6,-45,PASS
,,,DIE,,,,,,,,,,,,,,,,,,,,,,6,-46,PASS
,,,DIE,,,,,,,,,,,,,,,,,,,,,,6,-54,PASS
,,,DIE,,,,,,,,,,,,,,,,,,,,,,6,-55,PASS
,,,DIE,,,,,,,,,,,,,,,,,,,,,,6,-63,PASS
,,,DIE,,,,,,,,,,,,,,,,,,,,,,-1,63,PASS
,,,DIE,,,,,,,,,,,,,,,,,,,,,,-1,62,FAIL
,,,DIE,,,,,,,,,,,,,,,,,,,,,,-1,54,PASS
,,,DIE,,,,,,,,,,,,,,,,,,,,,,-1,53,FAIL
,,,DIE,,,,,,,,,,,,,,,,,,,,,,-1,45,PASS
,,,DIE,,,,,,,,,,,,,,,,,,,,,,-1,44,PASS
,,,DIE,,,,,,,,,,,,,,,,,,,,,,-1,36,PASS
,,,DIE,,,,,,,,,,,,,,,,,,,,,,-1,35,PASS
,,,DIE,,,,,,,,,,,,,,,,,,,,,,-1,27,PASS
,,,DIE,,,,,,,,,,,,,,,,,,,,,,-1,26,PASS
,,,DIE,,,,,,,,,,,,,,,,,,,,,,-1,18,PASS
,,,DIE,,,,,,,,,,,,,,,,,,,,,,-1,17,PASS
,,,DIE,,,,,,,,,,,,,,,,,,,,,,-1,9,PASS
,,,DIE,,,,,,,,,,,,,,,,,,,,,,-1,8,PASS
,,,DIE,,,,,,,,,,,,,,,,,,,,,,-1,0,PASS
,,,DIE,,,,,,,,,,,,,,,,,,,,,,-1,-1,PASS
,,,DIE,,,,,,,,,,,,,,,,,,,,,,-1,-9,PASS
,,,DIE,,,,,,,,,,,,,,,,,,,,,,-1,-10,PASS
,,,DIE,,,,,,,,,,,,,,,,,,,,,,-1,-18,PASS
,,,DIE,,,,,,,,,,,,,,,,,,,,,,-1,-19,PASS
,,,DIE,,,,,,,,,,,,,,,,,,,,,,-1,-27,PASS
,,,DIE,,,,,,,,,,,,,,,,,,,,,,-1,-28,PASS
,,,DIE,,,,,,,,,,,,,,,,,,,,,,-1,-36,PASS
,,,DIE,,,,,,,,,,,,,,,,,,,,,,-1,-37,PASS
,,,DIE,,,,,,,,,,,,,,,,,,,,,,-1,-45,PASS
,,,DIE,,,,,,,,,,,,,,,,,,,,,,-1,-46,PASS
,,,DIE,,,,,,,,,,,,,,,,,,,,,,-1,-54,PASS
,,,DIE,,,,,,,,,,,,,,,,,,,,,,-1,-55,PASS
,,,DIE,,,,,,,,,,,,,,,,,,,,,,-1,-63,PASS
,,,DIE,,,,,,,,,,,,,,,,,,,,,,-8,54,PASS
,,,DIE,,,,,,,,,,,,,,,,,,,,,,-8,53,FAIL
,,,DIE,,,,,,,,,,,,,,,,,,,,,,-8,45,PASS
,,,DIE,,,,,,,,,,,,,,,,,,,,,,-8,44,PASS
,,,DIE,,,,,,,,,,,,,,,,,,,,,,-8,36,PASS
,,,DIE,,,,,,,,,,,,,,,,,,,,,,-8,35,PASS
,,,DIE,,,,,,,,,,,,,,,,,,,,,,-8,27,PASS
,,,DIE,,,,,,,,,,,,,,,,,,,,,,-8,26,PASS
,,,DIE,,,,,,,,,,,,,,,,,,,,,,-8,18,PASS
,,,DIE,,,,,,,,,,,,,,,,,,,,,,-8,17,PASS
,,,DIE,,,,,,,,,,,,,,,,,,,,,,-8,9,PASS
,,,DIE,,,,,,,,,,,,,,,,,,,,,,-8,8,PASS
,,,DIE,,,,,,,,,,,,,,,,,,,,,,-8,0,PASS
,,,DIE,,,,,,,,,,,,,,,,,,,,,,-8,-1,PASS
,,,DIE,,,,,,,,,,,,,,,,,,,,,,-8,-9,PASS
,,,DIE,,,,,,,,,,,,,,,,,,,,,,-8,-10,PASS
,,,DIE,,,,,,,,,,,,,,,,,,,,,,-8,-18,PASS
,,,DIE,,,,,,,,,,,,,,,,,,,,,,-8,-19,PASS
,,,DIE,,,,,,,,,,,,,,,,,,,,,,-8,-27,PASS
,,,DIE,,,,,,,,,,,,,,,,,,,,,,-8,-28,PASS
,,,DIE,,,,,,,,,,,,,,,,,,,,,,-8,-36,PASS
,,,DIE,,,,,,,,,,,,,,,,,,,,,,-8,-37,PASS
,,,DIE,,,,,,,,,,,,,,,,,,,,,,-8,-45,PASS
,,,DIE,,,,,,,,,,,,,,,,,,,,,,-8,-46,PASS
,,,DIE,,,,,,,,,,,,,,,,,,,,,,-8,-54,PASS
,,,DIE,,,,,,,,,,,,,,,,,,,,,,-8,-55,PASS
,,,DIE,,,,,,,,,,,,,,,,,,,,,,-15,54,PASS
,,,DIE,,,,,,,,,,,,,,,,,,,,,,-15,53,FAIL
,,,DIE,,,,,,,,,,,,,,,,,,,,,,-15,45,PASS
,,,DIE,,,,,,,,,,,,,,,,,,,,,,-15,44,PASS
,,,DIE,,,,,,,,,,,,,,,,,,,,,,-15,36,PASS
,,,DIE,,,,,,,,,,,,,,,,,,,,,,-15,35,PASS
,,,DIE,,,,,,,,,,,,,,,,,,,,,,-15,27,PASS
,,,DIE,,,,,,,,,,,,,,,,,,,,,,-15,26,PASS
,,,DIE,,,,,,,,,,,,,,,,,,,,,,-15,18,PASS
,,,DIE,,,,,,,,,,,,,,,,,,,,,,-15,17,PASS
,,,DIE,,,,,,,,,,,,,,,,,,,,,,-15,9,PASS
,,,DIE,,,,,,,,,,,,,,,,,,,,,,-15,8,PASS
,,,DIE,,,,,,,,,,,,,,,,,,,,,,-15,0,FAIL
,,,DIE,,,,,,,,,,,,,,,,,,,,,,-15,-1,FAIL
,,,DIE,,,,,,,,,,,,,,,,,,,,,,-15,-9,FAIL
,,,DIE,,,,,,,,,,,,,,,,,,,,,,-15,-10,FAIL
,,,DIE,,,,,,,,,,,,,,,,,,,,,,-15,-18,FAIL
,,,DIE,,,,,,,,,,,,,,,,,,,,,,-15,-19,FAIL
,,,DIE,,,,,,,,,,,,,,,,,,,,,,-15,-27,PASS
,,,DIE,,,,,,,,,,,,,,,,,,,,,,-15,-28,FAIL
,,,DIE,,,,,,,,,,,,,,,,,,,,,,-15,-36,FAIL
,,,DIE,,,,,,,,,,,,,,,,,,,,,,-15,-37,FAIL
,,,DIE,,,,,,,,,,,,,,,,,,,,,,-15,-45,FAIL
,,,DIE,,,,,,,,,,,,,,,,,,,,,,-15,-46,FAIL
,,,DIE,,,,,,,,,,,,,,,,,,,,,,-15,-54,FAIL
,,,DIE,,,,,,,,,,,,,,,,,,,,,,-15,-55,FAIL
,,,DIE,,,,,,,,,,,,,,,,,,,,,,-22,54,FAIL
,,,DIE,,,,,,,,,,,,,,,,,,,,,,-22,53,FAIL
,,,DIE,,,,,,,,,,,,,,,,,,,,,,-22,45,PASS
,,,DIE,,,,,,,,,,,,,,,,,,,,,,-22,44,FAIL
,,,DIE,,,,,,,,,,,,,,,,,,,,,,-22,36,FAIL
,,,DIE,,,,,,,,,,,,,,,,,,,,,,-22,35,FAIL
,,,DIE,,,,,,,,,,,,,,,,,,,,,,-22,27,FAIL
,,,DIE,,,,,,,,,,,,,,,,,,,,,,-22,26,FAIL
,,,DIE,,,,,,,,,,,,,,,,,,,,,,-22,18,FAIL
,,,DIE,,,,,,,,,,,,,,,,,,,,,,-22,17,FAIL
,,,DIE,,,,,,,,,,,,,,,,,,,,,,-22,9,FAIL
,,,DIE,,,,,,,,,,,,,,,,,,,,,,-22,8,FAIL
,,,DIE,,,,,,,,,,,,,,,,,,,,,,-22,0,FAIL
,,,DIE,,,,,,,,,,,,,,,,,,,,,,-22,-1,FAIL
,,,DIE,,,,,,,,,,,,,,,,,,,,,,-22,-9,FAIL
,,,DIE,,,,,,,,,,,,,,,,,,,,,,-22,-10,FAIL
,,,DIE,,,,,,,,,,,,,,,,,,,,,,-22,-18,FAIL
,,,DIE,,,,,,,,,,,,,,,,,,,,,,-22,-19,FAIL
,,,DIE,,,,,,,,,,,,,,,,,,,,,,-22,-27,FAIL
,,,DIE,,,,,,,,,,,,,,,,,,,,,,-22,-28,FAIL
,,,DIE,,,,,,,,,,,,,,,,,,,,,,-22,-36,FAIL
,,,DIE,,,,,,,,,,,,,,,,,,,,,,-22,-37,FAIL
,,,DIE,,,,,,,,,,,,,,,,,,,,,,-22,-45,FAIL
,,,DIE,,,,,,,,,,,,,,,,,,,,,,-22,-46,FAIL
,,,DIE,,,,,,,,,,,,,,,,,,,,,,-22,-54,PASS
,,,DIE,,,,,,,,,,,,,,,,,,,,,,-22,-55,FAIL
,,,DIE,,,,,,,,,,,,,,,,,,,,,,-29,45,PASS
,,,DIE,,,,,,,,,,,,,,,,,,,,,,-29,44,FAIL
,,,DIE,,,,,,,,,,,,,,,,,,,,,,-29,36,PASS
,,,DIE,,,,,,,,,,,,,,,,,,,,,,-29,35,FAIL
,,,DIE,,,,,,,,,,,,,,,,,,,,,,-29,27,FAIL
,,,DIE,,,,,,,,,,,,,,,,,,,,,,-29,26,FAIL
,,,DIE,,,,,,,,,,,,,,,,,,,,,,-29,18,FAIL
,,,DIE,,,,,,,,,,,,,,,,,,,,,,-29,17,FAIL
,,,DIE,,,,,,,,,,,,,,,,,,,,,,-29,9,PASS
,,,DIE,,,,,,,,,,,,,,,,,,,,,,-29,8,FAIL
,,,DIE,,,,,,,,,,,,,,,,,,,,,,-29,0,PASS
,,,DIE,,,,,,,,,,,,,,,,,,,,,,-29,-1,FAIL
,,,DIE,,,,,,,,,,,,,,,,,,,,,,-29,-9,FAIL
,,,DIE,,,,,,,,,,,,,,,,,,,,,,-29,-10,FAIL
,,,DIE,,,,,,,,,,,,,,,,,,,,,,-29,-18,FAIL
,,,DIE,,,,,,,,,,,,,,,,,,,,,,-29,-19,FAIL
,,,DIE,,,,,,,,,,,,,,,,,,,,,,-29,-27,FAIL
,,,DIE,,,,,,,,,,,,,,,,,,,,,,-29,-28,FAIL
,,,DIE,,,,,,,,,,,,,,,,,,,,,,-29,-36,FAIL
,,,DIE,,,,,,,,,,,,,,,,,,,,,,-29,-37,FAIL
,,,DIE,,,,,,,,,,,,,,,,,,,,,,-29,-45,FAIL
,,,DIE,,,,,,,,,,,,,,,,,,,,,,-29,-46,FAIL
,,,DIE,,,,,,,,,,,,,,,,,,,,,,-36,45,FAIL
,,,DIE,,,,,,,,,,,,,,,,,,,,,,-36,44,FAIL
,,,DIE,,,,,,,,,,,,,,,,,,,,,,-36,36,PASS
,,,DIE,,,,,,,,,,,,,,,,,,,,,,-36,35,FAIL
,,,DIE,,,,,,,,,,,,,,,,,,,,,,-36,27,PASS
,,,DIE,,,,,,,,,,,,,,,,,,,,,,-36,26,FAIL
,,,DIE,,,,,,,,,,,,,,,,,,,,,,-36,18,FAIL
,,,DIE,,,,,,,,,,,,,,,,,,,,,,-36,17,FAIL
,,,DIE,,,,,,,,,,,,,,,,,,,,,,-36,9,FAIL
,,,DIE,,,,,,,,,,,,,,,,,,,,,,-36,8,FAIL
,,,DIE,,,,,,,,,,,,,,,,,,,,,,-36,0,PASS
,,,DIE,,,,,,,,,,,,,,,,,,,,,,-36,-1,FAIL
,,,DIE,,,,,,,,,,,,,,,,,,,,,,-36,-9,FAIL
,,,DIE,,,,,,,,,,,,,,,,,,,,,,-36,-10,FAIL
,,,DIE,,,,,,,,,,,,,,,,,,,,,,-36,-18,FAIL
,,,DIE,,,,,,,,,,,,,,,,,,,,,,-36,-19,FAIL
,,,DIE,,,,,,,,,,,,,,,,,,,,,,-36,-27,FAIL
,,,DIE,,,,,,,,,,,,,,,,,,,,,,-36,-28,FAIL
,,,DIE,,,,,,,,,,,,,,,,,,,,,,-36,-36,FAIL
,,,DIE,,,,,,,,,,,,,,,,,,,,,,-36,-37,FAIL
,,,DIE,,,,,,,,,,,,,,,,,,,,,,-36,-45,FAIL
,,,DIE,,,,,,,,,,,,,,,,,,,,,,-36,-46,FAIL
,,,DIE,,,,,,,,,,,,,,,,,,,,,,-43,36,FAIL
,,,DIE,,,,,,,,,,,,,,,,,,,,,,-43,35,FAIL
,,,DIE,,,,,,,,,,,,,,,,,,,,,,-43,27,PASS
,,,DIE,,,,,,,,,,,,,,,,,,,,,,-43,26,FAIL
,,,DIE,,,,,,,,,,,,,,,,,,,,,,-43,18,PASS
,,,DIE,,,,,,,,,,,,,,,,,,,,,,-43,17,FAIL
,,,DIE,,,,,,,,,,,,,,,,,,,,,,-43,9,PASS
,,,DIE,,,,,,,,,,,,,,,,,,,,,,-43,8,FAIL
,,,DIE,,,,,,,,,,,,,,,,,,,,,,-43,0,PASS
,,,DIE,,,,,,,,,,,,,,,,,,,,,,-43,-1,FAIL
,,,DIE,,,,,,,,,,,,,,,,,,,,,,-43,-9,PASS
,,,DIE,,,,,,,,,,,,,,,,,,,,,,-43,-10,FAIL
,,,DIE,,,,,,,,,,,,,,,,,,,,,,-43,-18,PASS
,,,DIE,,,,,,,,,,,,,,,,,,,,,,-43,-19,FAIL
,,,DIE,,,,,,,,,,,,,,,,,,,,,,-43,-27,PASS
,,,DIE,,,,,,,,,,,,,,,,,,,,,,-43,-28,FAIL
,,,DIE,,,,,,,,,,,,,,,,,,,,,,-43,-36,PASS
,,,DIE,,,,,,,,,,,,,,,,,,,,,,-43,-37,PASS
,,,DIE,,,,,,,,,,,,,,,,,,,,,,-50,27,PASS
,,,DIE,,,,,,,,,,,,,,,,,,,,,,-50,26,FAIL
,,,DIE,,,,,,,,,,,,,,,,,,,,,,-50,18,PASS
,,,DIE,,,,,,,,,,,,,,,,,,,,,,-50,17,FAIL
,,,DIE,,,,,,,,,,,,,,,,,,,,,,-50,9,PASS
,,,DIE,,,,,,,,,,,,,,,,,,,,,,-50,8,FAIL
,,,DIE,,,,,,,,,,,,,,,,,,,,,,-50,0,PASS
,,,DIE,,,,,,,,,,,,,,,,,,,,,,-50,-1,FAIL
,,,DIE,,,,,,,,,,,,,,,,,,,,,,-50,-9,PASS
,,,DIE,,,,,,,,,,,,,,,,,,,,,,-50,-10,FAIL
,,,DIE,,,,,,,,,,,,,,,,,,,,,,-50,-18,PASS
,,,DIE,,,,,,,,,,,,,,,,,,,,,,-50,-19,FAIL
,,,DIE,,,,,,,,,,,,,,,,,,,,,,-50,-27,PASS
,,,DIE,,,,,,,,,,,,,,,,,,,,,,-50,-28,FAIL
,,,DIE,,,,,,,,,,,,,,,,,,,,,,-57,9,PASS
,,,DIE,,,,,,,,,,,,,,,,,,,,,,-57,8,FAIL
,,,DIE,,,,,,,,,,,,,,,,,,,,,,-57,0,FAIL
,,,DIE,,,,,,,,,,,,,,,,,,,,,,-57,-1,FAIL
,,,DIE,,,,,,,,,,,,,,,,,,,,,,-57,-9,FAIL
,,,DIE,,,,,,,,,,,,,,,,,,,,,,-57,-10,FAIL
