LotID,WaferID,ChipID,Row,Column,Connection,Voltage,Current,Resistance,Voltage_DMM,Compliance,Time_Stamp
MAD-X-008,13B3,02I,02,I,4C11_2D02_4E12_2F01,0.161007,0.010002,16.099700,0.048698,FALSE,11:17:11.409516
MAD-X-008,13B3,03E,03,E,4C11_2D02_4E12_2F01,0.172139,0.010002,17.210600,0.060762,FALSE,11:17:13.638232
MAD-X-008,13B3,03F,03,F,4C11_2D02_4E12_2F01,0.169155,0.010002,16.916300,0.057722,FALSE,11:17:15.523775
MAD-X-008,13B3,06D,06,D,4C11_2D02_4E12_2F01,0.154140,0.010002,15.411700,0.042496,FALSE,11:17:17.419037
MAD-X-008,13B3,10Q,10,Q,4C11_2D02_4E12_2F01,0.165503,0.010002,16.550700,0.053813,FALSE,11:17:19.522486
MAD-X-008,13B3,11B,11,B,4C11_2D02_4E12_2F01,0.173928,0.010002,17.418200,0.064040,FALSE,11:17:21.709468
MAD-X-008,13B3,11R,11,R,4C11_2D02_4E12_2F01,0.158324,0.010002,15.831900,0.047142,FALSE,11:17:24.032707
MAD-X-008,13B3,13B,13,B,4C11_2D02_4E12_2F01,0.161775,0.010002,16.179500,0.051088,FALSE,11:17:26.240709
MAD-X-008,13B3,14R,14,R,4C11_2D02_4E12_2F01,0.168896,0.010002,16.894000,0.057987,FALSE,11:17:28.547907
